payment_id,customer_id,amount,payment_method,subscription_type,status,failure_reason,retry_count,bank_response,recoverable,payment_date
PAY000001,CUST4657,918,Credit Card,Annual,SUCCESS,,2,Approved,0,2026-04-23 09:10:38.959140
PAY000002,CUST7912,24369,UPI,Monthly,SUCCESS,,0,Approved,0,2026-06-25 07:08:38.959140
PAY000003,CUST4257,7722,Wallet,Quarterly,SUCCESS,,0,Approved,0,2026-06-19 23:21:38.959140
PAY000004,CUST1106,19408,Credit Card,Annual,SUCCESS,,2,Approved,0,2026-08-04 03:41:38.959140
PAY000005,CUST6514,9204,UPI,Monthly,SUCCESS,,1,Approved,0,2026-04-17 23:57:38.959140
PAY000006,CUST5333,11862,UPI,Annual,SUCCESS,,2,Approved,0,2026-06-27 16:57:38.959140
PAY000007,CUST5803,4189,Wallet,Quarterly,SUCCESS,,3,Approved,0,2026-03-24 03:30:38.959140
PAY000008,CUST4733,23186,Debit Card,Monthly,SUCCESS,,0,Approved,0,2026-03-18 03:26:38.959140
PAY000009,CUST3664,3408,Debit Card,Quarterly,FAILED,UPI Failure,3,Timeout,1,2026-04-29 09:43:38.959140
PAY000010,CUST3803,8847,Wallet,Annual,SUCCESS,,0,Approved,0,2026-06-28 16:34:38.959140
PAY000011,CUST4598,15246,Debit Card,Monthly,SUCCESS,,3,Approved,0,2026-04-27 22:39:38.959140
PAY000012,CUST5386,1150,UPI,Monthly,SUCCESS,,2,Approved,0,2026-05-21 19:56:38.959140
PAY000013,CUST8517,18684,Credit Card,Quarterly,FAILED,UPI Failure,2,Processing Error,1,2026-04-17 12:12:38.959140
PAY000014,CUST8019,24510,Wallet,Quarterly,SUCCESS,,2,Approved,0,2026-07-23 18:59:38.959140
PAY000015,CUST1771,4631,UPI,Monthly,SUCCESS,,3,Approved,0,2026-03-26 08:25:38.959140
PAY000016,CUST2040,22397,Net Banking,Quarterly,SUCCESS,,3,Approved,0,2026-06-26 08:59:38.959140
PAY000017,CUST1188,15436,UPI,Annual,SUCCESS,,2,Approved,0,2026-06-18 12:18:38.959140
PAY000018,CUST5808,24703,Net Banking,Monthly,FAILED,User Cancelled,2,Approved,0,2026-07-27 17:17:38.959140
PAY000019,CUST3927,23760,Wallet,Monthly,SUCCESS,,2,Approved,0,2026-06-08 22:19:38.959140
PAY000020,CUST9837,9878,Wallet,Monthly,FAILED,User Cancelled,1,Declined,0,2026-04-06 14:59:38.959140
PAY000021,CUST6947,16109,Debit Card,Monthly,SUCCESS,,0,Approved,0,2026-03-30 03:59:38.959140
PAY000022,CUST8962,18690,UPI,Annual,SUCCESS,,0,Approved,0,2026-03-25 09:27:38.959140
PAY000023,CUST9645,4306,Wallet,Quarterly,FAILED,Bank Timeout,3,Timeout,1,2026-08-29 04:04:38.959140
PAY000024,CUST7118,17770,Net Banking,Annual,FAILED,Fraud Suspected,1,Processing Error,0,2026-07-17 14:09:38.959140
PAY000025,CUST6539,8222,UPI,Annual,SUCCESS,,1,Approved,0,2026-03-21 10:58:38.959140
PAY000026,CUST2163,19381,UPI,Monthly,SUCCESS,,1,Approved,0,2026-03-11 02:39:38.959140
PAY000027,CUST9423,1128,Credit Card,Quarterly,SUCCESS,,2,Approved,0,2026-03-22 16:48:38.959140
PAY000028,CUST8744,7119,Credit Card,Quarterly,SUCCESS,,1,Approved,0,2026-07-19 11:36:38.959140
PAY000029,CUST7939,6338,Net Banking,Quarterly,FAILED,Invalid CVV,0,Timeout,0,2026-03-27 10:43:38.959140
PAY000030,CUST2790,1874,Credit Card,Monthly,FAILED,Invalid CVV,0,Timeout,0,2026-03-20 20:03:38.959140
PAY000031,CUST4006,14799,Debit Card,Quarterly,SUCCESS,,1,Approved,0,2026-05-25 14:27:38.959140
PAY000032,CUST2604,2569,UPI,Annual,SUCCESS,,3,Approved,0,2026-08-03 21:32:38.959140
PAY000033,CUST7658,582,Net Banking,Quarterly,FAILED,Network Error,0,Declined,1,2026-08-25 10:35:38.959140
PAY000034,CUST7209,13240,UPI,Quarterly,SUCCESS,,0,Approved,0,2026-04-08 18:32:38.959140
PAY000035,CUST8973,15008,Credit Card,Monthly,SUCCESS,,2,Approved,0,2026-05-25 19:22:38.959140
PAY000036,CUST6138,2015,UPI,Monthly,SUCCESS,,0,Approved,0,2026-07-23 23:11:38.959140
PAY000037,CUST9320,16576,UPI,Monthly,SUCCESS,,1,Approved,0,2026-03-20 03:44:38.959140
PAY000038,CUST2964,2325,Wallet,Monthly,SUCCESS,,1,Approved,0,2026-05-22 07:21:38.959140
PAY000039,CUST9565,1401,Debit Card,Quarterly,SUCCESS,,0,Approved,0,2026-05-25 02:51:38.959140
PAY000040,CUST5351,23567,Net Banking,Monthly,SUCCESS,,2,Approved,0,2026-04-22 06:04:38.959140
PAY000041,CUST2188,9929,UPI,Quarterly,SUCCESS,,3,Approved,0,2026-05-06 08:37:38.959140
PAY000042,CUST9808,18547,Credit Card,Annual,SUCCESS,,0,Approved,0,2026-03-23 03:18:38.959140
PAY000043,CUST5002,11535,Debit Card,Quarterly,SUCCESS,,0,Approved,0,2026-08-16 20:49:38.959140
PAY000044,CUST9666,17899,UPI,Annual,SUCCESS,,2,Approved,0,2026-06-29 03:41:38.959140
PAY000045,CUST2891,9909,UPI,Annual,FAILED,Bank Timeout,0,Timeout,1,2026-08-27 17:28:38.959140
PAY000046,CUST4450,9023,Debit Card,Monthly,SUCCESS,,2,Approved,0,2026-06-27 21:46:38.959140
PAY000047,CUST1832,8749,UPI,Annual,SUCCESS,,3,Approved,0,2026-04-24 12:23:38.959140
PAY000048,CUST6464,9165,Credit Card,Annual,SUCCESS,,0,Approved,0,2026-03-10 10:43:38.959140
PAY000049,CUST1158,5393,UPI,Monthly,FAILED,Invalid CVV,3,Blocked,0,2026-06-18 05:33:38.959140
PAY000050,CUST3426,22742,Net Banking,Monthly,FAILED,Insufficient Funds,1,Timeout,1,2026-06-17 02:57:38.959140
PAY000051,CUST6862,12047,Credit Card,Annual,SUCCESS,,0,Approved,0,2026-08-20 10:41:38.959140
PAY000052,CUST7658,3467,Wallet,Annual,SUCCESS,,2,Approved,0,2026-07-29 19:36:38.959140
PAY000053,CUST3900,7856,Net Banking,Monthly,SUCCESS,,1,Approved,0,2026-08-02 09:59:38.959140
PAY000054,CUST5065,10984,Debit Card,Monthly,SUCCESS,,3,Approved,0,2026-08-02 20:15:38.959140
PAY000055,CUST4644,3641,Credit Card,Quarterly,FAILED,Insufficient Funds,3,Processing Error,1,2026-08-15 13:47:38.959140
PAY000056,CUST4164,7556,Net Banking,Quarterly,SUCCESS,,1,Approved,0,2026-03-14 02:37:38.959140
PAY000057,CUST9346,2373,Net Banking,Annual,SUCCESS,,2,Approved,0,2026-05-12 17:24:38.959140
PAY000058,CUST5279,17669,Credit Card,Annual,FAILED,Insufficient Funds,2,Approved,1,2026-08-27 18:49:38.959140
PAY000059,CUST6139,8797,Net Banking,Annual,FAILED,Invalid CVV,0,Timeout,0,2026-03-29 12:51:38.959140
PAY000060,CUST1727,3888,Net Banking,Monthly,FAILED,Network Error,3,Timeout,1,2026-08-20 13:13:38.959140
PAY000061,CUST8066,17742,UPI,Annual,SUCCESS,,1,Approved,0,2026-05-15 02:32:38.959140
PAY000062,CUST9308,20518,Debit Card,Annual,FAILED,Card Expired,2,Timeout,0,2026-07-08 13:37:38.959140
PAY000063,CUST3085,13284,Credit Card,Quarterly,SUCCESS,,2,Approved,0,2026-06-18 17:29:38.959140
PAY000064,CUST5930,12522,Net Banking,Annual,SUCCESS,,1,Approved,0,2026-06-29 20:27:38.959140
PAY000065,CUST6279,10056,Net Banking,Quarterly,FAILED,Invalid CVV,2,Blocked,0,2026-04-17 01:32:38.959140
PAY000066,CUST3780,7101,UPI,Quarterly,SUCCESS,,3,Approved,0,2026-08-01 07:06:38.959140
PAY000067,CUST4848,20839,Debit Card,Monthly,SUCCESS,,2,Approved,0,2026-03-26 19:14:38.959140
PAY000068,CUST2193,4927,Net Banking,Quarterly,FAILED,Network Error,0,Processing Error,1,2026-03-18 05:08:38.959140
PAY000069,CUST7547,18962,Credit Card,Monthly,FAILED,Invalid CVV,1,Processing Error,0,2026-07-18 13:44:38.959140
PAY000070,CUST7965,280,Credit Card,Monthly,SUCCESS,,0,Approved,0,2026-07-29 12:12:38.959140
PAY000071,CUST8478,22902,Credit Card,Quarterly,FAILED,Network Error,3,Approved,1,2026-03-18 22:38:38.959140
PAY000072,CUST8251,18413,Wallet,Annual,SUCCESS,,2,Approved,0,2026-08-29 18:01:38.959140
PAY000073,CUST8373,14082,Debit Card,Monthly,FAILED,Bank Timeout,3,Processing Error,1,2026-08-20 03:11:38.959140
PAY000074,CUST8206,9185,UPI,Annual,FAILED,Network Error,3,Timeout,1,2026-07-01 21:32:38.959140
PAY000075,CUST9849,9002,UPI,Monthly,SUCCESS,,2,Approved,0,2026-05-07 00:03:38.959140
PAY000076,CUST4505,12650,UPI,Quarterly,SUCCESS,,1,Approved,0,2026-07-16 09:37:38.959140
PAY000077,CUST2020,17879,Credit Card,Quarterly,SUCCESS,,3,Approved,0,2026-05-24 11:46:38.959140
PAY000078,CUST7232,19238,Net Banking,Monthly,SUCCESS,,0,Approved,0,2026-08-12 18:21:38.959140
PAY000079,CUST9947,9883,Wallet,Monthly,FAILED,Invalid CVV,3,Blocked,0,2026-08-12 04:00:38.959140
PAY000080,CUST1475,9042,Net Banking,Quarterly,SUCCESS,,3,Approved,0,2026-06-06 05:02:38.959140
PAY000081,CUST8657,13347,Credit Card,Annual,SUCCESS,,1,Approved,0,2026-08-09 19:27:38.959140
PAY000082,CUST8022,13010,Credit Card,Quarterly,SUCCESS,,0,Approved,0,2026-03-25 02:00:38.959140
PAY000083,CUST4467,8623,Net Banking,Quarterly,SUCCESS,,3,Approved,0,2026-05-08 09:27:38.959140
PAY000084,CUST7906,12522,Debit Card,Monthly,SUCCESS,,2,Approved,0,2026-07-24 16:48:38.959140
PAY000085,CUST6733,24643,Credit Card,Annual,SUCCESS,,0,Approved,0,2026-08-30 02:14:38.959140
PAY000086,CUST1508,21455,Credit Card,Monthly,SUCCESS,,0,Approved,0,2026-07-25 02:31:38.959140
PAY000087,CUST2874,20458,Wallet,Monthly,FAILED,Bank Timeout,1,Processing Error,1,2026-04-22 05:27:38.959140
PAY000088,CUST2876,8495,Credit Card,Quarterly,SUCCESS,,2,Approved,0,2026-04-09 08:18:38.959140
PAY000089,CUST7149,940,Net Banking,Annual,SUCCESS,,2,Approved,0,2026-06-22 14:55:38.959140
PAY000090,CUST5941,19500,Wallet,Monthly,SUCCESS,,1,Approved,0,2026-03-28 08:26:38.959140
PAY000091,CUST2129,18643,Wallet,Annual,FAILED,Invalid CVV,0,Timeout,0,2026-05-12 00:11:38.959140
PAY000092,CUST8102,13863,Debit Card,Annual,SUCCESS,,3,Approved,0,2026-03-29 00:20:38.959140
PAY000093,CUST5425,15163,Wallet,Annual,FAILED,Bank Timeout,1,Blocked,1,2026-05-28 01:54:38.959140
PAY000094,CUST5022,15331,UPI,Quarterly,FAILED,Fraud Suspected,3,Timeout,0,2026-08-07 02:55:38.959140
PAY000095,CUST1470,8089,Net Banking,Quarterly,FAILED,Invalid CVV,3,Timeout,0,2026-06-21 12:56:38.959140
PAY000096,CUST5232,7049,Debit Card,Quarterly,SUCCESS,,2,Approved,0,2026-08-02 01:00:38.959140
PAY000097,CUST4130,23075,UPI,Monthly,FAILED,Insufficient Funds,2,Blocked,1,2026-06-18 23:31:38.959140
PAY000098,CUST8800,16108,Net Banking,Quarterly,SUCCESS,,1,Approved,0,2026-07-13 12:33:38.959140
PAY000099,CUST6016,3148,Wallet,Quarterly,FAILED,Invalid CVV,2,Declined,0,2026-04-19 03:24:38.959140
PAY000100,CUST6419,17496,Debit Card,Annual,SUCCESS,,2,Approved,0,2026-05-26 06:17:38.959140
PAY000101,CUST2976,10146,Credit Card,Quarterly,SUCCESS,,2,Approved,0,2026-04-20 18:28:38.959140
PAY000102,CUST4545,17658,Net Banking,Quarterly,SUCCESS,,1,Approved,0,2026-04-13 16:05:38.959140
PAY000103,CUST4180,17290,Debit Card,Monthly,SUCCESS,,2,Approved,0,2026-03-28 02:26:38.959140
PAY000104,CUST9751,10003,Credit Card,Quarterly,SUCCESS,,0,Approved,0,2026-07-16 16:36:38.959140
PAY000105,CUST3068,1885,Net Banking,Monthly,SUCCESS,,2,Approved,0,2026-07-14 18:17:38.959140
PAY000106,CUST6582,18909,Credit Card,Monthly,FAILED,UPI Failure,2,Processing Error,1,2026-06-03 06:03:38.959140
PAY000107,CUST2070,15753,Net Banking,Quarterly,SUCCESS,,0,Approved,0,2026-08-06 11:06:38.959140
PAY000108,CUST3444,20724,Wallet,Quarterly,SUCCESS,,0,Approved,0,2026-04-06 10:08:38.959140
PAY000109,CUST7818,8231,Wallet,Annual,SUCCESS,,0,Approved,0,2026-06-19 09:29:38.959140
PAY000110,CUST8025,7494,Debit Card,Annual,FAILED,UPI Failure,3,Timeout,1,2026-05-30 19:33:38.959140
PAY000111,CUST4404,20075,Credit Card,Quarterly,SUCCESS,,0,Approved,0,2026-08-29 07:19:38.959140
PAY000112,CUST2229,5245,Credit Card,Monthly,SUCCESS,,1,Approved,0,2026-04-10 10:38:38.959140
PAY000113,CUST1534,22688,Credit Card,Quarterly,SUCCESS,,3,Approved,0,2026-05-01 19:45:38.959140
PAY000114,CUST4824,23134,Debit Card,Annual,SUCCESS,,3,Approved,0,2026-03-22 18:13:38.959140
PAY000115,CUST9922,6581,Credit Card,Annual,SUCCESS,,3,Approved,0,2026-03-30 16:41:38.959140
PAY000116,CUST1977,8803,Credit Card,Quarterly,SUCCESS,,1,Approved,0,2026-03-22 19:13:38.959140
PAY000117,CUST3037,18750,Net Banking,Annual,SUCCESS,,2,Approved,0,2026-05-28 17:55:38.959140
PAY000118,CUST9847,13288,Net Banking,Quarterly,SUCCESS,,2,Approved,0,2026-06-08 21:49:38.959140
PAY000119,CUST6280,1405,Wallet,Quarterly,SUCCESS,,3,Approved,0,2026-07-21 12:27:38.959140
PAY000120,CUST5415,7600,Wallet,Monthly,SUCCESS,,0,Approved,0,2026-07-27 00:31:38.959140
PAY000121,CUST3973,5839,Wallet,Quarterly,FAILED,UPI Failure,3,Timeout,1,2026-06-12 06:37:38.959140
PAY000122,CUST6700,16211,Net Banking,Quarterly,SUCCESS,,0,Approved,0,2026-06-03 08:44:38.959140
PAY000123,CUST7744,3526,Net Banking,Quarterly,SUCCESS,,1,Approved,0,2026-05-08 20:10:38.959140
PAY000124,CUST2442,13221,Debit Card,Quarterly,SUCCESS,,0,Approved,0,2026-05-31 14:23:38.959140
PAY000125,CUST9889,13343,Net Banking,Quarterly,SUCCESS,,0,Approved,0,2026-07-07 12:35:38.959140
PAY000126,CUST9167,17087,Net Banking,Monthly,SUCCESS,,2,Approved,0,2026-07-01 03:33:38.959140
PAY000127,CUST5719,18095,Net Banking,Annual,SUCCESS,,1,Approved,0,2026-08-25 16:17:38.959140
PAY000128,CUST3594,1044,Debit Card,Annual,SUCCESS,,1,Approved,0,2026-07-17 00:19:38.959140
PAY000129,CUST2858,13468,Net Banking,Monthly,SUCCESS,,0,Approved,0,2026-04-19 16:57:38.959140
PAY000130,CUST5781,5144,Wallet,Annual,SUCCESS,,3,Approved,0,2026-08-26 14:03:38.959140
PAY000131,CUST8483,15909,Wallet,Monthly,SUCCESS,,3,Approved,0,2026-04-23 04:06:38.959140
PAY000132,CUST2143,19739,Debit Card,Quarterly,SUCCESS,,1,Approved,0,2026-08-14 02:13:38.959140
PAY000133,CUST1042,16736,Debit Card,Annual,SUCCESS,,2,Approved,0,2026-08-06 04:16:38.959140
PAY000134,CUST3434,19331,Net Banking,Annual,SUCCESS,,3,Approved,0,2026-08-14 07:36:38.959140
PAY000135,CUST6272,10992,Credit Card,Annual,SUCCESS,,3,Approved,0,2026-05-31 16:39:38.959140
PAY000136,CUST7730,12648,UPI,Quarterly,SUCCESS,,1,Approved,0,2026-08-12 15:12:38.959140
PAY000137,CUST3492,23207,Net Banking,Monthly,SUCCESS,,3,Approved,0,2026-05-19 02:02:38.959140
PAY000138,CUST2644,19438,Net Banking,Monthly,SUCCESS,,2,Approved,0,2026-08-15 03:00:38.959140
PAY000139,CUST3361,15071,Net Banking,Annual,SUCCESS,,0,Approved,0,2026-07-19 07:38:38.959140
PAY000140,CUST7512,2550,UPI,Quarterly,FAILED,Fraud Suspected,3,Timeout,0,2026-07-30 01:46:38.959140
PAY000141,CUST1588,17584,Wallet,Monthly,FAILED,UPI Failure,3,Blocked,1,2026-05-06 10:44:38.959140
PAY000142,CUST2480,22525,Net Banking,Monthly,SUCCESS,,2,Approved,0,2026-04-20 05:08:38.959140
PAY000143,CUST1474,23164,UPI,Quarterly,FAILED,Bank Timeout,0,Timeout,1,2026-05-29 13:41:38.959140
PAY000144,CUST5000,9712,Wallet,Quarterly,FAILED,Invalid CVV,2,Declined,0,2026-05-17 00:56:38.959140
PAY000145,CUST2293,5999,Wallet,Quarterly,SUCCESS,,1,Approved,0,2026-04-10 16:07:38.959140
PAY000146,CUST3344,7990,Credit Card,Quarterly,SUCCESS,,3,Approved,0,2026-08-22 23:26:38.959140
PAY000147,CUST1153,15158,Net Banking,Quarterly,SUCCESS,,2,Approved,0,2026-07-09 04:42:38.959140
PAY000148,CUST6661,5275,Wallet,Quarterly,SUCCESS,,0,Approved,0,2026-05-29 05:10:38.959140
PAY000149,CUST5949,14002,Credit Card,Quarterly,SUCCESS,,2,Approved,0,2026-05-31 23:10:38.959140
PAY000150,CUST5847,3593,Debit Card,Monthly,FAILED,User Cancelled,1,Blocked,0,2026-05-18 05:26:38.959140
PAY000151,CUST1803,21667,Wallet,Annual,FAILED,Insufficient Funds,3,Blocked,1,2026-04-28 18:27:38.959140
PAY000152,CUST6772,9477,Credit Card,Annual,SUCCESS,,1,Approved,0,2026-06-28 07:32:38.959140
PAY000153,CUST2591,8311,UPI,Quarterly,SUCCESS,,1,Approved,0,2026-07-02 04:05:38.959140
PAY000154,CUST5835,1192,Debit Card,Annual,FAILED,Bank Timeout,2,Approved,1,2026-07-21 02:57:38.959140
PAY000155,CUST9837,6678,Debit Card,Annual,SUCCESS,,1,Approved,0,2026-07-30 23:33:38.959140
PAY000156,CUST8894,9029,Debit Card,Annual,SUCCESS,,1,Approved,0,2026-04-25 13:57:38.959140
PAY000157,CUST7511,3872,Wallet,Quarterly,FAILED,Bank Timeout,3,Declined,1,2026-03-23 12:13:38.959140
PAY000158,CUST9791,13028,UPI,Quarterly,SUCCESS,,0,Approved,0,2026-04-26 22:40:38.959140
PAY000159,CUST7242,24642,Debit Card,Monthly,SUCCESS,,2,Approved,0,2026-06-24 05:12:38.959140
PAY000160,CUST6374,15548,Wallet,Monthly,SUCCESS,,0,Approved,0,2026-06-30 14:04:38.959140
PAY000161,CUST5951,20919,Net Banking,Monthly,SUCCESS,,3,Approved,0,2026-08-22 08:24:38.959140
PAY000162,CUST2902,1318,UPI,Monthly,SUCCESS,,2,Approved,0,2026-06-07 11:32:38.959140
PAY000163,CUST7866,4544,Wallet,Annual,FAILED,User Cancelled,3,Blocked,0,2026-05-31 09:13:38.959140
PAY000164,CUST9017,13693,Wallet,Quarterly,SUCCESS,,0,Approved,0,2026-08-08 13:41:38.959140
PAY000165,CUST8264,9265,Net Banking,Monthly,FAILED,User Cancelled,0,Declined,0,2026-07-13 11:06:38.959140
PAY000166,CUST7523,3354,Debit Card,Monthly,FAILED,User Cancelled,2,Approved,0,2026-06-16 22:02:38.959140
PAY000167,CUST1349,14999,UPI,Quarterly,FAILED,Network Error,0,Blocked,1,2026-07-08 10:54:38.959140
PAY000168,CUST4394,4225,Wallet,Monthly,SUCCESS,,1,Approved,0,2026-03-22 06:59:38.959140
PAY000169,CUST1046,7733,Debit Card,Monthly,FAILED,Bank Timeout,2,Blocked,1,2026-07-28 18:30:38.959140
PAY000170,CUST1422,17800,Credit Card,Monthly,FAILED,Bank Timeout,2,Approved,1,2026-08-02 03:59:38.959140
PAY000171,CUST3854,7895,Debit Card,Monthly,SUCCESS,,2,Approved,0,2026-03-12 16:10:38.959140
PAY000172,CUST2041,13893,Net Banking,Quarterly,SUCCESS,,0,Approved,0,2026-07-23 13:05:38.959140
PAY000173,CUST1710,16916,Wallet,Quarterly,FAILED,Network Error,0,Blocked,1,2026-05-31 02:04:38.959140
PAY000174,CUST7580,1119,Net Banking,Annual,SUCCESS,,0,Approved,0,2026-06-04 23:56:38.959140
PAY000175,CUST2323,23442,Debit Card,Annual,SUCCESS,,3,Approved,0,2026-03-23 04:19:38.959140
PAY000176,CUST9984,4234,Debit Card,Quarterly,SUCCESS,,2,Approved,0,2026-07-01 10:55:38.959140
PAY000177,CUST2874,17484,Wallet,Annual,FAILED,Invalid CVV,2,Approved,0,2026-05-31 09:32:38.959140
PAY000178,CUST6553,14191,Net Banking,Quarterly,FAILED,Network Error,3,Processing Error,1,2026-08-18 11:21:38.959140
PAY000179,CUST6120,3214,Debit Card,Quarterly,SUCCESS,,2,Approved,0,2026-05-26 11:47:38.959140
PAY000180,CUST2527,22604,Net Banking,Monthly,FAILED,Card Expired,3,Approved,0,2026-03-22 00:32:38.959140
PAY000181,CUST1982,12309,Wallet,Annual,SUCCESS,,1,Approved,0,2026-06-19 02:03:38.959140
PAY000182,CUST6793,22053,Net Banking,Annual,SUCCESS,,0,Approved,0,2026-05-23 14:05:38.959140
PAY000183,CUST2697,9524,Wallet,Annual,SUCCESS,,2,Approved,0,2026-05-12 19:35:38.959140
PAY000184,CUST2773,21618,Debit Card,Annual,SUCCESS,,3,Approved,0,2026-04-19 14:58:38.959140
PAY000185,CUST8030,9227,Wallet,Annual,SUCCESS,,1,Approved,0,2026-08-03 18:02:38.959140
PAY000186,CUST5381,21158,UPI,Monthly,SUCCESS,,0,Approved,0,2026-06-28 15:58:38.959140
PAY000187,CUST1100,10223,Credit Card,Monthly,SUCCESS,,2,Approved,0,2026-05-12 16:52:38.959140
PAY000188,CUST1502,13231,UPI,Annual,SUCCESS,,0,Approved,0,2026-04-04 15:05:38.959140
PAY000189,CUST6585,12426,Credit Card,Quarterly,SUCCESS,,3,Approved,0,2026-05-31 09:14:38.959140
PAY000190,CUST1861,10728,Credit Card,Monthly,SUCCESS,,0,Approved,0,2026-08-17 14:36:38.959140
PAY000191,CUST8957,1729,Wallet,Quarterly,FAILED,UPI Failure,0,Processing Error,1,2026-04-28 08:04:38.959140
PAY000192,CUST8043,7162,UPI,Quarterly,SUCCESS,,0,Approved,0,2026-05-11 15:18:38.959140
PAY000193,CUST6053,19534,UPI,Monthly,SUCCESS,,3,Approved,0,2026-06-13 17:26:38.959140
PAY000194,CUST4349,19737,Debit Card,Monthly,SUCCESS,,0,Approved,0,2026-03-11 04:49:38.959140
PAY000195,CUST9149,8471,Net Banking,Monthly,FAILED,Card Expired,2,Approved,0,2026-05-08 12:49:38.959140
PAY000196,CUST6802,17550,UPI,Quarterly,SUCCESS,,1,Approved,0,2026-06-08 20:54:38.959140
PAY000197,CUST6129,1485,Wallet,Quarterly,FAILED,UPI Failure,3,Approved,1,2026-03-13 05:06:38.959140
PAY000198,CUST2887,23347,Net Banking,Monthly,SUCCESS,,3,Approved,0,2026-05-01 12:08:38.959140
PAY000199,CUST8155,5730,UPI,Monthly,FAILED,User Cancelled,3,Approved,0,2026-08-08 06:24:38.959140
PAY000200,CUST6083,13220,Debit Card,Monthly,SUCCESS,,0,Approved,0,2026-05-20 20:21:38.959140
PAY000201,CUST2868,5608,Wallet,Annual,SUCCESS,,0,Approved,0,2026-06-10 17:34:38.959140
PAY000202,CUST3419,11547,Credit Card,Monthly,SUCCESS,,2,Approved,0,2026-07-20 05:12:38.959140
PAY000203,CUST3504,6563,UPI,Monthly,SUCCESS,,1,Approved,0,2026-06-27 11:09:38.959140
PAY000204,CUST6295,20675,Debit Card,Monthly,FAILED,UPI Failure,3,Blocked,1,2026-06-02 06:16:38.959140
PAY000205,CUST5961,15464,Debit Card,Annual,SUCCESS,,3,Approved,0,2026-07-02 17:47:38.959140
PAY000206,CUST8565,16723,Net Banking,Monthly,SUCCESS,,0,Approved,0,2026-05-05 07:25:38.959140
PAY000207,CUST2479,9505,Wallet,Annual,SUCCESS,,0,Approved,0,2026-07-05 03:49:38.959140
PAY000208,CUST4084,15261,Debit Card,Annual,SUCCESS,,0,Approved,0,2026-05-30 16:08:38.959140
PAY000209,CUST2695,5042,Debit Card,Annual,SUCCESS,,0,Approved,0,2026-05-30 19:35:38.959140
PAY000210,CUST5059,21271,Net Banking,Quarterly,SUCCESS,,1,Approved,0,2026-03-16 22:14:38.959140
PAY000211,CUST7108,20081,Debit Card,Quarterly,SUCCESS,,1,Approved,0,2026-05-15 01:07:38.959140
PAY000212,CUST6482,11186,UPI,Quarterly,SUCCESS,,0,Approved,0,2026-07-31 11:25:38.959140
PAY000213,CUST5128,22328,Wallet,Monthly,SUCCESS,,3,Approved,0,2026-04-30 12:41:38.959140
PAY000214,CUST6731,19194,Debit Card,Annual,SUCCESS,,1,Approved,0,2026-08-23 16:33:38.959140
PAY000215,CUST2388,12942,Debit Card,Annual,SUCCESS,,1,Approved,0,2026-06-26 03:00:38.959140
PAY000216,CUST9624,10862,UPI,Annual,SUCCESS,,1,Approved,0,2026-07-09 19:00:38.959140
PAY000217,CUST6940,16761,Debit Card,Monthly,SUCCESS,,2,Approved,0,2026-03-13 02:53:38.959140
PAY000218,CUST3538,11296,UPI,Quarterly,FAILED,Network Error,3,Declined,1,2026-04-13 18:07:38.959140
PAY000219,CUST3147,3413,Wallet,Quarterly,FAILED,User Cancelled,0,Blocked,0,2026-07-08 07:14:38.959140
PAY000220,CUST8170,6024,UPI,Quarterly,SUCCESS,,1,Approved,0,2026-07-19 02:07:38.959140
PAY000221,CUST5668,23678,Net Banking,Monthly,SUCCESS,,1,Approved,0,2026-05-29 15:58:38.959140
PAY000222,CUST4178,10239,Debit Card,Annual,SUCCESS,,3,Approved,0,2026-08-21 08:45:38.959140
PAY000223,CUST9239,14536,Wallet,Quarterly,FAILED,Fraud Suspected,3,Processing Error,0,2026-07-27 20:57:38.959140
PAY000224,CUST8873,6642,Debit Card,Annual,FAILED,Fraud Suspected,1,Approved,0,2026-08-15 17:26:38.959140
PAY000225,CUST5469,23410,Net Banking,Annual,FAILED,Card Expired,0,Declined,0,2026-04-30 16:41:38.959140
PAY000226,CUST4637,14434,Net Banking,Quarterly,SUCCESS,,0,Approved,0,2026-08-29 02:10:38.959140
PAY000227,CUST7326,13694,UPI,Quarterly,FAILED,User Cancelled,0,Declined,0,2026-05-20 23:22:38.959140
PAY000228,CUST6493,10541,Credit Card,Monthly,SUCCESS,,0,Approved,0,2026-08-09 13:39:38.959140
PAY000229,CUST8685,15580,Net Banking,Annual,SUCCESS,,1,Approved,0,2026-07-25 22:39:38.959140
PAY000230,CUST4533,2695,Credit Card,Annual,SUCCESS,,0,Approved,0,2026-04-25 09:22:38.959140
PAY000231,CUST5934,20050,UPI,Monthly,FAILED,Fraud Suspected,3,Declined,0,2026-03-30 01:00:38.959140
PAY000232,CUST2816,21036,Net Banking,Annual,SUCCESS,,3,Approved,0,2026-03-21 05:38:38.959140
PAY000233,CUST3352,20806,Debit Card,Quarterly,SUCCESS,,1,Approved,0,2026-07-18 14:36:38.959140
PAY000234,CUST7825,11660,Credit Card,Annual,SUCCESS,,1,Approved,0,2026-06-21 16:30:38.959140
PAY000235,CUST9618,17252,Wallet,Annual,SUCCESS,,2,Approved,0,2026-03-22 02:55:38.959140
PAY000236,CUST7338,16732,Debit Card,Quarterly,FAILED,UPI Failure,0,Approved,1,2026-05-19 21:09:38.959140
PAY000237,CUST4950,11800,UPI,Annual,SUCCESS,,0,Approved,0,2026-05-11 13:41:38.959140
PAY000238,CUST6772,10994,Wallet,Quarterly,SUCCESS,,1,Approved,0,2026-03-17 20:56:38.959140
PAY000239,CUST3209,5836,UPI,Annual,FAILED,UPI Failure,3,Declined,1,2026-07-14 09:26:38.959140
PAY000240,CUST4268,15096,UPI,Quarterly,FAILED,Network Error,0,Approved,1,2026-05-02 05:18:38.959140
PAY000241,CUST1599,16987,Credit Card,Quarterly,FAILED,UPI Failure,3,Timeout,1,2026-08-05 05:47:38.959140
PAY000242,CUST3039,1665,Debit Card,Quarterly,SUCCESS,,2,Approved,0,2026-04-28 12:56:38.959140
PAY000243,CUST4060,24455,Net Banking,Annual,FAILED,Invalid CVV,3,Timeout,0,2026-08-19 15:57:38.959140
PAY000244,CUST2353,17114,Net Banking,Monthly,SUCCESS,,2,Approved,0,2026-08-02 15:30:38.959140
PAY000245,CUST2680,6012,UPI,Quarterly,SUCCESS,,2,Approved,0,2026-05-07 06:37:38.959140
PAY000246,CUST7981,10142,Credit Card,Annual,SUCCESS,,3,Approved,0,2026-06-27 12:07:38.959140
PAY000247,CUST6776,14750,Wallet,Quarterly,SUCCESS,,0,Approved,0,2026-07-20 02:44:38.959140
PAY000248,CUST7655,1978,Debit Card,Annual,SUCCESS,,0,Approved,0,2026-07-09 23:40:38.959140
PAY000249,CUST8179,22361,UPI,Monthly,FAILED,Insufficient Funds,1,Declined,1,2026-08-30 06:02:38.959140
PAY000250,CUST7272,21239,Wallet,Monthly,SUCCESS,,2,Approved,0,2026-05-14 17:29:38.959140
PAY000251,CUST7077,22350,Debit Card,Quarterly,SUCCESS,,3,Approved,0,2026-08-29 12:42:38.959140
PAY000252,CUST6150,18905,Debit Card,Monthly,FAILED,User Cancelled,1,Processing Error,0,2026-06-14 04:28:38.959140
PAY000253,CUST2929,948,Debit Card,Quarterly,FAILED,Invalid CVV,1,Blocked,0,2026-06-08 15:35:38.959140
PAY000254,CUST9047,7130,Credit Card,Monthly,SUCCESS,,2,Approved,0,2026-07-14 03:16:38.959140
PAY000255,CUST8292,2525,UPI,Annual,SUCCESS,,3,Approved,0,2026-04-10 05:34:38.959140
PAY000256,CUST9882,10571,Debit Card,Quarterly,FAILED,Card Expired,2,Blocked,0,2026-07-16 23:15:38.959140
PAY000257,CUST4673,23423,UPI,Monthly,FAILED,User Cancelled,1,Blocked,0,2026-08-01 06:56:38.959140
PAY000258,CUST7044,7856,Net Banking,Annual,FAILED,User Cancelled,3,Blocked,0,2026-03-14 14:04:38.959140
PAY000259,CUST7523,2924,Net Banking,Annual,SUCCESS,,0,Approved,0,2026-05-05 02:32:38.959140
PAY000260,CUST6194,13515,UPI,Quarterly,SUCCESS,,0,Approved,0,2026-04-01 14:47:38.959140
PAY000261,CUST3981,17051,Credit Card,Quarterly,SUCCESS,,2,Approved,0,2026-04-02 03:56:38.959140
PAY000262,CUST3507,1914,Debit Card,Monthly,SUCCESS,,0,Approved,0,2026-06-12 02:51:38.959140
PAY000263,CUST9501,23342,Debit Card,Monthly,SUCCESS,,1,Approved,0,2026-05-11 19:01:38.959140
PAY000264,CUST5961,20908,Wallet,Annual,SUCCESS,,2,Approved,0,2026-04-01 14:06:38.959140
PAY000265,CUST3526,21102,Credit Card,Annual,SUCCESS,,1,Approved,0,2026-06-25 12:53:38.959140
PAY000266,CUST1674,19928,UPI,Monthly,SUCCESS,,2,Approved,0,2026-08-10 04:18:38.959140
PAY000267,CUST4453,21118,Wallet,Quarterly,SUCCESS,,2,Approved,0,2026-07-06 08:03:38.959140
PAY000268,CUST9938,1091,Debit Card,Annual,SUCCESS,,3,Approved,0,2026-08-18 15:19:38.959140
PAY000269,CUST8430,15924,UPI,Annual,FAILED,Invalid CVV,1,Timeout,0,2026-08-03 06:58:38.959140
PAY000270,CUST8609,14503,Credit Card,Quarterly,SUCCESS,,3,Approved,0,2026-06-05 22:57:38.959140
PAY000271,CUST6658,10341,Net Banking,Monthly,SUCCESS,,2,Approved,0,2026-07-21 11:00:38.959140
PAY000272,CUST3007,16973,Debit Card,Quarterly,FAILED,Network Error,0,Processing Error,1,2026-05-06 21:28:38.959140
PAY000273,CUST7293,3271,Wallet,Quarterly,SUCCESS,,0,Approved,0,2026-05-01 15:11:38.959140
PAY000274,CUST6123,5332,Credit Card,Monthly,SUCCESS,,2,Approved,0,2026-08-26 18:51:38.959140
PAY000275,CUST6055,16965,Net Banking,Monthly,SUCCESS,,3,Approved,0,2026-06-08 14:20:38.959140
PAY000276,CUST4524,12984,Wallet,Quarterly,SUCCESS,,3,Approved,0,2026-04-22 14:59:38.959140
PAY000277,CUST8710,9318,Debit Card,Annual,SUCCESS,,3,Approved,0,2026-06-26 13:49:38.959140
PAY000278,CUST5333,3621,Debit Card,Quarterly,SUCCESS,,3,Approved,0,2026-04-03 04:24:38.959140
PAY000279,CUST4189,13225,Debit Card,Annual,SUCCESS,,0,Approved,0,2026-06-21 14:49:38.959140
PAY000280,CUST5582,12758,Wallet,Annual,SUCCESS,,3,Approved,0,2026-07-26 22:57:38.959140
PAY000281,CUST7114,4315,Debit Card,Annual,SUCCESS,,0,Approved,0,2026-05-20 12:13:38.959140
PAY000282,CUST1659,24837,UPI,Monthly,FAILED,Invalid CVV,1,Blocked,0,2026-04-15 00:55:38.959140
PAY000283,CUST8487,11012,Credit Card,Annual,SUCCESS,,3,Approved,0,2026-06-12 08:13:38.959140
PAY000284,CUST7438,4679,Wallet,Annual,FAILED,User Cancelled,2,Declined,0,2026-08-26 08:26:38.959140
PAY000285,CUST5911,19554,Net Banking,Monthly,FAILED,UPI Failure,2,Blocked,1,2026-06-10 03:43:38.959140
PAY000286,CUST6040,22178,UPI,Annual,SUCCESS,,0,Approved,0,2026-05-24 15:07:38.959140
PAY000287,CUST1841,21581,Wallet,Quarterly,SUCCESS,,1,Approved,0,2026-07-19 03:04:38.959140
PAY000288,CUST4968,20710,UPI,Annual,SUCCESS,,3,Approved,0,2026-04-05 16:52:38.959140
PAY000289,CUST7861,3700,Credit Card,Quarterly,FAILED,UPI Failure,1,Timeout,1,2026-03-13 05:58:38.959140
PAY000290,CUST2020,13546,Credit Card,Annual,SUCCESS,,3,Approved,0,2026-08-15 16:37:38.959140
PAY000291,CUST7173,10750,Debit Card,Monthly,SUCCESS,,3,Approved,0,2026-06-13 11:04:38.959140
PAY000292,CUST6804,17568,Debit Card,Annual,SUCCESS,,2,Approved,0,2026-06-17 05:56:38.959140
PAY000293,CUST5890,8176,Credit Card,Quarterly,SUCCESS,,2,Approved,0,2026-06-19 09:33:38.959140
PAY000294,CUST8861,23197,Debit Card,Annual,FAILED,UPI Failure,1,Timeout,1,2026-07-13 10:56:38.959140
PAY000295,CUST9899,23746,Net Banking,Quarterly,FAILED,Card Expired,2,Blocked,0,2026-05-01 04:36:38.959140
PAY000296,CUST6674,4898,Net Banking,Annual,FAILED,Fraud Suspected,2,Approved,0,2026-03-17 11:01:38.959140
PAY000297,CUST9824,15797,Debit Card,Annual,SUCCESS,,1,Approved,0,2026-04-15 14:04:38.959140
PAY000298,CUST4920,4597,Credit Card,Monthly,SUCCESS,,0,Approved,0,2026-06-29 21:10:38.959140
PAY000299,CUST4814,17500,UPI,Monthly,SUCCESS,,1,Approved,0,2026-07-03 22:27:38.959140
PAY000300,CUST3252,23605,UPI,Annual,SUCCESS,,3,Approved,0,2026-03-28 02:31:38.959140
PAY000301,CUST4267,5274,Debit Card,Quarterly,FAILED,UPI Failure,3,Processing Error,1,2026-07-06 15:45:38.959140
PAY000302,CUST4804,2037,Wallet,Annual,SUCCESS,,0,Approved,0,2026-07-06 13:10:38.959140
PAY000303,CUST3880,1321,UPI,Quarterly,SUCCESS,,1,Approved,0,2026-05-24 21:00:38.959140
PAY000304,CUST5888,6204,Wallet,Annual,FAILED,Insufficient Funds,2,Approved,1,2026-08-16 09:46:38.959140
PAY000305,CUST9901,11077,Wallet,Quarterly,SUCCESS,,2,Approved,0,2026-05-31 12:18:38.959140
PAY000306,CUST6417,4496,Credit Card,Annual,FAILED,Network Error,3,Approved,1,2026-04-28 11:16:38.959140
PAY000307,CUST6523,8529,Debit Card,Annual,SUCCESS,,1,Approved,0,2026-03-12 08:46:38.959140
PAY000308,CUST7643,6428,Net Banking,Annual,SUCCESS,,1,Approved,0,2026-06-29 00:32:38.959140
PAY000309,CUST3303,13233,Net Banking,Quarterly,SUCCESS,,0,Approved,0,2026-04-12 10:33:38.959140
PAY000310,CUST5374,322,Debit Card,Quarterly,FAILED,Network Error,2,Processing Error,1,2026-05-18 15:05:38.959140
PAY000311,CUST6890,18871,Credit Card,Monthly,SUCCESS,,0,Approved,0,2026-04-26 09:58:38.959140
PAY000312,CUST7642,15349,Wallet,Annual,SUCCESS,,2,Approved,0,2026-04-07 21:02:38.959140
PAY000313,CUST4618,22718,Credit Card,Monthly,FAILED,Fraud Suspected,0,Timeout,0,2026-07-04 01:48:38.959140
PAY000314,CUST9998,15007,Net Banking,Annual,SUCCESS,,2,Approved,0,2026-05-24 12:05:38.959140
PAY000315,CUST8319,7255,Wallet,Annual,FAILED,Card Expired,1,Blocked,0,2026-07-11 15:41:38.959140
PAY000316,CUST9972,18585,Wallet,Monthly,SUCCESS,,0,Approved,0,2026-03-21 01:03:38.959140
PAY000317,CUST9525,5009,Net Banking,Monthly,SUCCESS,,1,Approved,0,2026-05-08 12:48:38.959140
PAY000318,CUST9361,23590,Net Banking,Monthly,SUCCESS,,3,Approved,0,2026-03-26 08:33:38.959140
PAY000319,CUST1945,16917,Wallet,Quarterly,SUCCESS,,3,Approved,0,2026-05-31 23:00:38.959140
PAY000320,CUST5169,10197,UPI,Annual,SUCCESS,,0,Approved,0,2026-05-20 21:09:38.959140
PAY000321,CUST6644,2492,UPI,Annual,SUCCESS,,0,Approved,0,2026-05-25 22:23:38.959140
PAY000322,CUST3948,2360,Credit Card,Annual,FAILED,Fraud Suspected,3,Processing Error,0,2026-03-15 13:53:38.959140
PAY000323,CUST7184,21263,Net Banking,Monthly,FAILED,Invalid CVV,3,Processing Error,0,2026-05-16 23:16:38.959140
PAY000324,CUST6697,21784,UPI,Monthly,SUCCESS,,1,Approved,0,2026-07-06 18:34:38.959140
PAY000325,CUST1372,12978,Debit Card,Quarterly,FAILED,Network Error,1,Approved,1,2026-07-20 07:17:38.959140
PAY000326,CUST7214,17939,Credit Card,Monthly,SUCCESS,,3,Approved,0,2026-06-14 15:17:38.959140
PAY000327,CUST2848,5182,UPI,Annual,SUCCESS,,2,Approved,0,2026-04-13 02:43:38.959140
PAY000328,CUST2102,611,UPI,Annual,SUCCESS,,1,Approved,0,2026-04-16 07:37:38.959140
PAY000329,CUST1724,19687,Net Banking,Quarterly,SUCCESS,,0,Approved,0,2026-04-23 08:29:38.959140
PAY000330,CUST9255,7218,Debit Card,Monthly,SUCCESS,,0,Approved,0,2026-04-04 07:29:38.959140
PAY000331,CUST5944,24069,Credit Card,Annual,FAILED,User Cancelled,2,Declined,0,2026-06-22 22:15:38.959140
PAY000332,CUST1998,13650,Wallet,Annual,SUCCESS,,2,Approved,0,2026-04-28 21:23:38.959140
PAY000333,CUST6642,5837,Net Banking,Annual,FAILED,UPI Failure,3,Approved,1,2026-06-18 23:46:38.959140
PAY000334,CUST5913,13741,Net Banking,Monthly,SUCCESS,,3,Approved,0,2026-04-05 23:10:38.959140
PAY000335,CUST3365,15615,Net Banking,Monthly,FAILED,Network Error,1,Timeout,1,2026-08-11 10:03:38.959140
PAY000336,CUST4978,13747,Debit Card,Monthly,SUCCESS,,1,Approved,0,2026-05-19 12:15:38.959140
PAY000337,CUST7079,2689,UPI,Annual,SUCCESS,,3,Approved,0,2026-08-11 00:24:38.959140
PAY000338,CUST7179,6340,Wallet,Annual,SUCCESS,,0,Approved,0,2026-04-27 16:09:38.959140
PAY000339,CUST4555,2483,Net Banking,Monthly,SUCCESS,,1,Approved,0,2026-08-03 06:48:38.959140
PAY000340,CUST4113,11009,UPI,Annual,FAILED,Insufficient Funds,2,Declined,1,2026-08-22 06:41:38.959140
PAY000341,CUST4921,15792,Wallet,Quarterly,FAILED,Network Error,1,Processing Error,1,2026-07-14 10:28:38.959140
PAY000342,CUST5285,12572,Debit Card,Annual,FAILED,User Cancelled,3,Timeout,0,2026-06-14 22:47:38.959140
PAY000343,CUST4328,15369,Debit Card,Quarterly,FAILED,UPI Failure,0,Timeout,1,2026-08-02 22:47:38.959140
PAY000344,CUST3390,18531,UPI,Quarterly,SUCCESS,,1,Approved,0,2026-07-22 17:48:38.959140
PAY000345,CUST3497,19236,Credit Card,Quarterly,SUCCESS,,3,Approved,0,2026-05-02 12:56:38.959140
PAY000346,CUST6530,18769,Debit Card,Quarterly,SUCCESS,,1,Approved,0,2026-06-08 16:42:38.959140
PAY000347,CUST3773,21126,Credit Card,Annual,FAILED,Bank Timeout,3,Timeout,1,2026-06-01 16:37:38.959140
PAY000348,CUST1554,6129,UPI,Annual,SUCCESS,,0,Approved,0,2026-06-13 04:22:38.959140
PAY000349,CUST4791,308,UPI,Annual,SUCCESS,,3,Approved,0,2026-04-03 19:56:38.959140
PAY000350,CUST1990,7266,Wallet,Annual,SUCCESS,,3,Approved,0,2026-05-16 17:46:38.959140
PAY000351,CUST8993,20301,UPI,Monthly,SUCCESS,,3,Approved,0,2026-07-07 19:41:38.959140
PAY000352,CUST9673,13577,Debit Card,Annual,SUCCESS,,0,Approved,0,2026-03-12 20:18:38.959140
PAY000353,CUST2578,660,Wallet,Monthly,FAILED,Bank Timeout,3,Approved,1,2026-08-03 13:26:38.959140
PAY000354,CUST6807,20407,Debit Card,Quarterly,SUCCESS,,2,Approved,0,2026-08-05 04:57:38.959140
PAY000355,CUST4984,13403,Credit Card,Quarterly,SUCCESS,,3,Approved,0,2026-06-20 15:45:38.959140
PAY000356,CUST7640,2740,Net Banking,Quarterly,SUCCESS,,0,Approved,0,2026-03-26 19:44:38.959140
PAY000357,CUST3807,1937,UPI,Quarterly,SUCCESS,,0,Approved,0,2026-07-15 18:00:38.959140
PAY000358,CUST1697,21231,Credit Card,Monthly,FAILED,Card Expired,2,Blocked,0,2026-06-20 19:29:38.959140
PAY000359,CUST5593,22783,Wallet,Annual,FAILED,Insufficient Funds,3,Approved,1,2026-04-28 03:39:38.959140
PAY000360,CUST4394,5976,Wallet,Monthly,SUCCESS,,2,Approved,0,2026-03-12 15:38:38.959140
PAY000361,CUST3661,23453,Wallet,Monthly,FAILED,Card Expired,3,Timeout,0,2026-08-25 21:32:38.959140
PAY000362,CUST3292,12850,UPI,Annual,SUCCESS,,2,Approved,0,2026-05-18 16:16:38.959140
PAY000363,CUST8161,11432,Credit Card,Monthly,SUCCESS,,0,Approved,0,2026-03-27 14:01:38.959140
PAY000364,CUST6347,20214,UPI,Annual,SUCCESS,,3,Approved,0,2026-07-28 14:56:38.959140
PAY000365,CUST6829,14862,Wallet,Quarterly,SUCCESS,,3,Approved,0,2026-04-20 07:59:38.959140
PAY000366,CUST5839,22371,Credit Card,Annual,SUCCESS,,3,Approved,0,2026-03-25 09:38:38.959140
PAY000367,CUST3527,8879,Net Banking,Quarterly,SUCCESS,,1,Approved,0,2026-05-17 23:28:38.959140
PAY000368,CUST6050,3097,Net Banking,Quarterly,SUCCESS,,0,Approved,0,2026-08-28 11:05:38.959140
PAY000369,CUST8353,3448,Wallet,Annual,FAILED,Bank Timeout,1,Processing Error,1,2026-03-25 16:38:38.959140
PAY000370,CUST6798,3483,Wallet,Monthly,SUCCESS,,0,Approved,0,2026-03-26 02:47:38.959140
PAY000371,CUST5781,10729,Net Banking,Quarterly,SUCCESS,,3,Approved,0,2026-03-12 01:09:38.959140
PAY000372,CUST3777,23850,Credit Card,Quarterly,FAILED,Bank Timeout,1,Processing Error,1,2026-06-21 22:09:38.959140
PAY000373,CUST3739,16257,Net Banking,Quarterly,SUCCESS,,1,Approved,0,2026-03-21 07:39:38.959140
PAY000374,CUST5123,15966,Credit Card,Annual,SUCCESS,,0,Approved,0,2026-05-14 13:00:38.959140
PAY000375,CUST2752,19556,Credit Card,Quarterly,SUCCESS,,1,Approved,0,2026-06-01 03:39:38.959140
PAY000376,CUST7224,13065,Debit Card,Quarterly,SUCCESS,,2,Approved,0,2026-08-10 00:17:38.959140
PAY000377,CUST6253,21432,Wallet,Annual,SUCCESS,,1,Approved,0,2026-05-03 11:51:38.959140
PAY000378,CUST6228,10394,Debit Card,Annual,SUCCESS,,1,Approved,0,2026-05-21 07:10:38.959140
PAY000379,CUST7161,16188,Debit Card,Quarterly,SUCCESS,,1,Approved,0,2026-05-08 03:03:38.959140
PAY000380,CUST9939,18575,Credit Card,Annual,SUCCESS,,1,Approved,0,2026-06-25 14:42:38.959140
PAY000381,CUST5773,980,UPI,Quarterly,FAILED,Network Error,3,Processing Error,1,2026-08-28 11:09:38.959140
PAY000382,CUST5139,4659,Credit Card,Annual,SUCCESS,,2,Approved,0,2026-04-22 20:38:38.959140
PAY000383,CUST8851,12452,Wallet,Quarterly,SUCCESS,,0,Approved,0,2026-05-30 13:14:38.959140
PAY000384,CUST1602,22764,Debit Card,Annual,SUCCESS,,3,Approved,0,2026-06-16 18:27:38.959140
PAY000385,CUST3725,17692,Wallet,Monthly,FAILED,Network Error,0,Timeout,1,2026-03-29 17:04:38.959140
PAY000386,CUST6432,21235,Net Banking,Monthly,SUCCESS,,3,Approved,0,2026-07-24 19:45:38.959140
PAY000387,CUST9499,8577,Wallet,Annual,SUCCESS,,1,Approved,0,2026-06-10 18:24:38.959140
PAY000388,CUST7408,7341,Net Banking,Annual,SUCCESS,,3,Approved,0,2026-05-16 21:47:38.959140
PAY000389,CUST1402,16498,Net Banking,Monthly,SUCCESS,,1,Approved,0,2026-05-11 14:25:38.959140
PAY000390,CUST3321,2912,Debit Card,Quarterly,SUCCESS,,0,Approved,0,2026-08-08 03:18:38.959140
PAY000391,CUST8801,6877,UPI,Quarterly,SUCCESS,,3,Approved,0,2026-05-12 04:58:38.959140
PAY000392,CUST5919,14924,UPI,Annual,SUCCESS,,2,Approved,0,2026-03-22 00:43:38.959140
PAY000393,CUST3692,11340,Credit Card,Annual,SUCCESS,,0,Approved,0,2026-07-11 01:42:38.959140
PAY000394,CUST7985,5346,Net Banking,Monthly,SUCCESS,,2,Approved,0,2026-06-19 17:15:38.959140
PAY000395,CUST1478,20734,Wallet,Monthly,FAILED,Invalid CVV,1,Processing Error,0,2026-04-12 17:34:38.959140
PAY000396,CUST4519,14174,Credit Card,Quarterly,SUCCESS,,3,Approved,0,2026-03-10 14:40:38.959140
PAY000397,CUST6340,2149,Credit Card,Quarterly,FAILED,Bank Timeout,0,Timeout,1,2026-08-02 08:18:38.959140
PAY000398,CUST6134,22076,Wallet,Quarterly,SUCCESS,,3,Approved,0,2026-06-13 20:51:38.959140
PAY000399,CUST6766,19333,Net Banking,Annual,SUCCESS,,0,Approved,0,2026-05-12 03:20:38.959140
PAY000400,CUST2388,22171,Credit Card,Quarterly,SUCCESS,,2,Approved,0,2026-08-24 01:01:38.959140
PAY000401,CUST7116,10105,Credit Card,Annual,SUCCESS,,0,Approved,0,2026-04-12 02:58:38.959140
PAY000402,CUST7286,19642,Net Banking,Monthly,SUCCESS,,1,Approved,0,2026-06-22 10:35:38.959140
PAY000403,CUST3733,17707,Net Banking,Quarterly,SUCCESS,,1,Approved,0,2026-06-18 19:41:38.959140
PAY000404,CUST1878,10407,Debit Card,Monthly,SUCCESS,,3,Approved,0,2026-06-30 13:28:38.959140
PAY000405,CUST9281,6492,Net Banking,Quarterly,SUCCESS,,3,Approved,0,2026-06-20 00:49:38.959140
PAY000406,CUST3740,13718,UPI,Annual,SUCCESS,,3,Approved,0,2026-06-06 18:23:38.959140
PAY000407,CUST5503,7325,Credit Card,Annual,SUCCESS,,2,Approved,0,2026-03-15 18:04:38.959140
PAY000408,CUST9369,15084,UPI,Annual,SUCCESS,,3,Approved,0,2026-06-17 21:01:38.959140
PAY000409,CUST1681,17895,Net Banking,Annual,SUCCESS,,2,Approved,0,2026-06-16 11:27:38.959140
PAY000410,CUST5055,14030,Debit Card,Monthly,SUCCESS,,0,Approved,0,2026-07-21 18:49:38.959140
PAY000411,CUST2923,11521,Credit Card,Monthly,SUCCESS,,0,Approved,0,2026-05-28 17:33:38.959140
PAY000412,CUST3281,19364,Credit Card,Monthly,FAILED,Invalid CVV,2,Declined,0,2026-08-13 13:12:38.959140
PAY000413,CUST9827,18779,Credit Card,Quarterly,FAILED,Fraud Suspected,2,Blocked,0,2026-06-14 16:48:38.959140
PAY000414,CUST2560,9688,Credit Card,Quarterly,FAILED,Fraud Suspected,2,Blocked,0,2026-06-22 01:33:38.959140
PAY000415,CUST3396,9186,Debit Card,Monthly,FAILED,Bank Timeout,1,Declined,1,2026-07-15 11:48:38.959140
PAY000416,CUST5402,22257,Net Banking,Quarterly,FAILED,Bank Timeout,3,Blocked,1,2026-06-06 21:42:38.959140
PAY000417,CUST9447,20861,Debit Card,Annual,SUCCESS,,0,Approved,0,2026-05-22 03:18:38.959140
PAY000418,CUST1040,12192,UPI,Annual,FAILED,UPI Failure,3,Timeout,1,2026-08-29 18:57:38.959140
PAY000419,CUST7516,20901,Credit Card,Quarterly,FAILED,Card Expired,2,Blocked,0,2026-08-11 13:24:38.959140
PAY000420,CUST9967,16309,Wallet,Monthly,FAILED,Fraud Suspected,2,Timeout,0,2026-05-07 13:51:38.959140
PAY000421,CUST1793,16002,UPI,Monthly,SUCCESS,,2,Approved,0,2026-08-19 13:51:38.959140
PAY000422,CUST3588,15158,Net Banking,Quarterly,SUCCESS,,0,Approved,0,2026-04-01 10:02:38.959140
PAY000423,CUST3161,14117,Debit Card,Monthly,SUCCESS,,1,Approved,0,2026-07-13 03:44:38.959140
PAY000424,CUST2350,9078,Debit Card,Annual,FAILED,User Cancelled,0,Timeout,0,2026-07-06 23:10:38.959140
PAY000425,CUST8032,5522,UPI,Annual,FAILED,Fraud Suspected,0,Declined,0,2026-05-20 22:52:38.959140
PAY000426,CUST3174,7092,Wallet,Monthly,SUCCESS,,3,Approved,0,2026-03-23 23:45:38.959140
PAY000427,CUST6629,14682,UPI,Quarterly,SUCCESS,,0,Approved,0,2026-03-11 06:27:38.959140
PAY000428,CUST7276,15752,UPI,Annual,SUCCESS,,0,Approved,0,2026-04-20 11:31:38.959140
PAY000429,CUST7270,3480,Credit Card,Annual,FAILED,Fraud Suspected,2,Declined,0,2026-05-15 17:08:38.959140
PAY000430,CUST3688,4780,Net Banking,Quarterly,FAILED,Insufficient Funds,0,Blocked,1,2026-06-14 09:03:38.959140
PAY000431,CUST7745,20679,Wallet,Annual,SUCCESS,,1,Approved,0,2026-08-24 06:18:38.959140
PAY000432,CUST2646,7217,Credit Card,Monthly,SUCCESS,,0,Approved,0,2026-08-20 00:30:38.959140
PAY000433,CUST6152,12682,Credit Card,Monthly,SUCCESS,,2,Approved,0,2026-05-26 23:15:38.959140
PAY000434,CUST5668,2859,UPI,Annual,SUCCESS,,1,Approved,0,2026-06-18 13:03:38.959140
PAY000435,CUST1894,6831,Credit Card,Quarterly,FAILED,Invalid CVV,1,Timeout,0,2026-07-23 22:36:38.959140
PAY000436,CUST2163,7998,Wallet,Monthly,SUCCESS,,3,Approved,0,2026-07-03 23:03:38.959140
PAY000437,CUST9951,10469,Credit Card,Quarterly,FAILED,Invalid CVV,1,Timeout,0,2026-05-19 05:21:38.959140
PAY000438,CUST5295,2490,Credit Card,Monthly,FAILED,Card Expired,0,Approved,0,2026-06-24 17:27:38.959140
PAY000439,CUST7590,13139,UPI,Annual,FAILED,Invalid CVV,2,Processing Error,0,2026-07-02 05:30:38.959140
PAY000440,CUST2369,20285,Debit Card,Monthly,SUCCESS,,1,Approved,0,2026-04-29 07:30:38.959140
PAY000441,CUST6353,6757,Net Banking,Annual,SUCCESS,,1,Approved,0,2026-06-15 10:45:38.959140
PAY000442,CUST8167,21392,Credit Card,Monthly,SUCCESS,,0,Approved,0,2026-05-05 06:23:38.959140
PAY000443,CUST1901,14336,Debit Card,Annual,SUCCESS,,0,Approved,0,2026-05-31 08:02:38.959140
PAY000444,CUST1207,24368,Credit Card,Annual,SUCCESS,,1,Approved,0,2026-03-31 13:05:38.959140
PAY000445,CUST9474,16365,Debit Card,Monthly,SUCCESS,,2,Approved,0,2026-06-13 00:16:38.959140
PAY000446,CUST2934,24667,UPI,Quarterly,SUCCESS,,2,Approved,0,2026-07-21 05:28:38.959140
PAY000447,CUST8457,9011,Wallet,Quarterly,FAILED,Card Expired,0,Processing Error,0,2026-04-26 16:04:38.959140
PAY000448,CUST3577,18674,Debit Card,Monthly,SUCCESS,,1,Approved,0,2026-05-15 17:41:38.959140
PAY000449,CUST1201,22188,Credit Card,Monthly,FAILED,Insufficient Funds,0,Approved,1,2026-04-20 09:08:38.959140
PAY000450,CUST1579,12648,Wallet,Annual,SUCCESS,,1,Approved,0,2026-04-11 09:07:38.959140
PAY000451,CUST5067,13840,Net Banking,Annual,SUCCESS,,1,Approved,0,2026-05-07 09:12:38.959140
PAY000452,CUST9225,2651,UPI,Monthly,SUCCESS,,2,Approved,0,2026-03-31 12:54:38.959140
PAY000453,CUST2129,16999,Net Banking,Quarterly,SUCCESS,,0,Approved,0,2026-05-21 18:54:38.959140
PAY000454,CUST7044,10279,Credit Card,Quarterly,FAILED,UPI Failure,2,Approved,1,2026-03-25 12:39:38.959140
PAY000455,CUST7033,10057,Wallet,Quarterly,SUCCESS,,1,Approved,0,2026-06-02 06:09:38.959140
PAY000456,CUST1391,6502,Credit Card,Annual,FAILED,Insufficient Funds,1,Processing Error,1,2026-04-06 05:04:38.959140
PAY000457,CUST6488,22822,UPI,Annual,SUCCESS,,0,Approved,0,2026-08-29 22:10:38.959140
PAY000458,CUST4361,24284,Wallet,Monthly,SUCCESS,,2,Approved,0,2026-03-28 17:23:38.959140
PAY000459,CUST5584,2061,UPI,Monthly,SUCCESS,,1,Approved,0,2026-07-17 08:29:38.959140
PAY000460,CUST2391,17130,Wallet,Monthly,FAILED,User Cancelled,3,Processing Error,0,2026-07-15 09:16:38.959140
PAY000461,CUST2020,20979,Net Banking,Annual,SUCCESS,,3,Approved,0,2026-03-23 10:10:38.959140
PAY000462,CUST6345,7857,Debit Card,Quarterly,FAILED,User Cancelled,2,Processing Error,0,2026-04-26 07:31:38.959140
PAY000463,CUST2785,2546,Credit Card,Monthly,SUCCESS,,1,Approved,0,2026-04-03 13:54:38.959140
PAY000464,CUST2978,15370,Wallet,Quarterly,SUCCESS,,2,Approved,0,2026-05-22 19:18:38.959140
PAY000465,CUST2964,6902,UPI,Monthly,FAILED,UPI Failure,3,Timeout,1,2026-05-04 22:15:38.959140
PAY000466,CUST2494,10067,Credit Card,Quarterly,FAILED,User Cancelled,0,Declined,0,2026-04-17 22:40:38.959140
PAY000467,CUST3848,1703,UPI,Quarterly,SUCCESS,,2,Approved,0,2026-04-26 03:55:38.959140
PAY000468,CUST3290,18316,UPI,Monthly,FAILED,UPI Failure,1,Approved,1,2026-03-27 01:05:38.959140
PAY000469,CUST7563,7382,Debit Card,Annual,SUCCESS,,1,Approved,0,2026-04-14 20:53:38.959140
PAY000470,CUST5240,21224,UPI,Monthly,SUCCESS,,0,Approved,0,2026-06-23 19:26:38.959140
PAY000471,CUST6432,6578,UPI,Monthly,FAILED,Bank Timeout,3,Approved,1,2026-08-04 03:06:38.959140
PAY000472,CUST9128,1758,UPI,Quarterly,FAILED,Invalid CVV,1,Processing Error,0,2026-08-25 00:49:38.959140
PAY000473,CUST4066,5761,Debit Card,Quarterly,SUCCESS,,2,Approved,0,2026-04-17 21:20:38.959140
PAY000474,CUST5026,4969,Debit Card,Quarterly,SUCCESS,,0,Approved,0,2026-06-29 14:18:38.959140
PAY000475,CUST2437,18143,Debit Card,Quarterly,SUCCESS,,3,Approved,0,2026-03-20 21:39:38.959140
PAY000476,CUST9907,6634,UPI,Quarterly,SUCCESS,,1,Approved,0,2026-07-02 15:02:38.959140
PAY000477,CUST9231,11866,Debit Card,Quarterly,FAILED,UPI Failure,3,Timeout,1,2026-06-16 22:16:38.959140
PAY000478,CUST4588,953,UPI,Quarterly,SUCCESS,,2,Approved,0,2026-06-26 12:04:38.959140
PAY000479,CUST4813,15555,Credit Card,Monthly,SUCCESS,,2,Approved,0,2026-07-27 09:37:38.959140
PAY000480,CUST1916,8001,Credit Card,Annual,SUCCESS,,2,Approved,0,2026-06-14 22:57:38.959140
PAY000481,CUST4875,12826,Wallet,Quarterly,FAILED,Bank Timeout,2,Declined,1,2026-08-27 01:12:38.959140
PAY000482,CUST3328,22958,Wallet,Monthly,FAILED,Insufficient Funds,2,Timeout,1,2026-08-23 04:28:38.959140
PAY000483,CUST2478,16228,UPI,Monthly,FAILED,UPI Failure,2,Approved,1,2026-04-10 18:15:38.959140
PAY000484,CUST6435,752,Wallet,Monthly,SUCCESS,,3,Approved,0,2026-03-09 22:13:38.959140
PAY000485,CUST1359,11264,Credit Card,Annual,FAILED,User Cancelled,1,Approved,0,2026-08-24 01:26:38.959140
PAY000486,CUST9622,4740,Debit Card,Monthly,SUCCESS,,0,Approved,0,2026-08-10 21:33:38.959140
PAY000487,CUST2655,21795,Debit Card,Quarterly,SUCCESS,,3,Approved,0,2026-06-24 11:34:38.959140
PAY000488,CUST8982,5260,Debit Card,Monthly,SUCCESS,,3,Approved,0,2026-07-31 22:50:38.959140
PAY000489,CUST3872,18513,Net Banking,Quarterly,SUCCESS,,2,Approved,0,2026-04-19 10:34:38.959140
PAY000490,CUST1029,9749,Wallet,Quarterly,SUCCESS,,1,Approved,0,2026-04-11 03:39:38.959140
PAY000491,CUST4619,18694,Wallet,Monthly,FAILED,User Cancelled,0,Blocked,0,2026-04-11 22:45:38.959140
PAY000492,CUST6682,4707,Debit Card,Monthly,FAILED,Card Expired,2,Declined,0,2026-07-23 11:41:38.959140
PAY000493,CUST1186,3006,Debit Card,Monthly,SUCCESS,,2,Approved,0,2026-05-30 02:35:38.959140
PAY000494,CUST2770,2320,UPI,Monthly,SUCCESS,,2,Approved,0,2026-04-25 12:35:38.959140
PAY000495,CUST7783,24104,Net Banking,Quarterly,SUCCESS,,3,Approved,0,2026-04-09 01:58:38.959140
PAY000496,CUST8855,12398,Wallet,Annual,SUCCESS,,0,Approved,0,2026-08-07 16:20:38.959140
PAY000497,CUST5831,7490,UPI,Quarterly,FAILED,Card Expired,1,Approved,0,2026-05-30 22:56:38.959140
PAY000498,CUST3787,3530,Net Banking,Monthly,SUCCESS,,0,Approved,0,2026-05-11 00:36:38.959140
PAY000499,CUST8909,18024,UPI,Quarterly,SUCCESS,,0,Approved,0,2026-05-10 07:45:38.959140
PAY000500,CUST6424,5505,Credit Card,Monthly,FAILED,Insufficient Funds,3,Approved,1,2026-04-07 09:37:38.959140
PAY000501,CUST5612,18256,Debit Card,Monthly,SUCCESS,,2,Approved,0,2026-07-08 01:25:38.959140
PAY000502,CUST1893,12973,Debit Card,Monthly,SUCCESS,,3,Approved,0,2026-04-06 18:16:38.959140
PAY000503,CUST2589,9750,UPI,Monthly,SUCCESS,,3,Approved,0,2026-04-15 03:37:38.959140
PAY000504,CUST2892,9661,Debit Card,Quarterly,SUCCESS,,0,Approved,0,2026-06-04 00:17:38.959140
PAY000505,CUST9914,21759,Net Banking,Monthly,SUCCESS,,2,Approved,0,2026-03-26 09:24:38.959140
PAY000506,CUST8303,12598,UPI,Quarterly,SUCCESS,,2,Approved,0,2026-04-12 18:25:38.959140
PAY000507,CUST5400,8730,Wallet,Monthly,SUCCESS,,1,Approved,0,2026-08-09 04:29:38.959140
PAY000508,CUST6632,22920,Wallet,Quarterly,SUCCESS,,0,Approved,0,2026-03-25 09:41:38.959140
PAY000509,CUST9561,19423,Net Banking,Annual,FAILED,Insufficient Funds,1,Processing Error,1,2026-06-18 13:57:38.959140
PAY000510,CUST5896,15658,UPI,Quarterly,SUCCESS,,1,Approved,0,2026-06-04 12:03:38.959140
PAY000511,CUST8357,23505,Credit Card,Monthly,FAILED,Bank Timeout,0,Approved,1,2026-06-09 04:56:38.959140
PAY000512,CUST8133,6414,Credit Card,Annual,FAILED,Invalid CVV,1,Approved,0,2026-03-17 13:41:38.959140
PAY000513,CUST2097,19597,UPI,Quarterly,SUCCESS,,2,Approved,0,2026-05-07 00:14:38.959140
PAY000514,CUST5525,18188,Wallet,Quarterly,SUCCESS,,2,Approved,0,2026-08-12 17:52:38.959140
PAY000515,CUST3428,504,Wallet,Annual,FAILED,Invalid CVV,3,Declined,0,2026-03-30 06:50:38.959140
PAY000516,CUST2654,3382,Debit Card,Annual,SUCCESS,,0,Approved,0,2026-06-20 05:38:38.959140
PAY000517,CUST8750,13563,UPI,Monthly,FAILED,UPI Failure,2,Blocked,1,2026-05-18 12:46:38.959140
PAY000518,CUST7484,4812,Debit Card,Annual,SUCCESS,,3,Approved,0,2026-03-16 20:40:38.959140
PAY000519,CUST5400,24535,Debit Card,Monthly,SUCCESS,,3,Approved,0,2026-08-24 10:25:38.959140
PAY000520,CUST9054,10029,UPI,Monthly,SUCCESS,,2,Approved,0,2026-04-29 20:05:38.959140
PAY000521,CUST6257,24469,Debit Card,Annual,SUCCESS,,3,Approved,0,2026-07-28 17:01:38.959140
PAY000522,CUST8237,21252,Credit Card,Quarterly,SUCCESS,,0,Approved,0,2026-04-13 00:20:38.959140
PAY000523,CUST1920,24986,Wallet,Monthly,SUCCESS,,2,Approved,0,2026-08-06 06:18:38.959140
PAY000524,CUST9589,23350,Wallet,Monthly,SUCCESS,,3,Approved,0,2026-04-03 11:53:38.959140
PAY000525,CUST1541,6676,Net Banking,Monthly,SUCCESS,,0,Approved,0,2026-04-24 05:16:38.959140
PAY000526,CUST9275,23188,Net Banking,Annual,FAILED,User Cancelled,1,Processing Error,0,2026-04-28 16:15:38.959140
PAY000527,CUST8308,22419,Credit Card,Quarterly,FAILED,User Cancelled,0,Processing Error,0,2026-04-22 20:16:38.959140
PAY000528,CUST5237,11559,UPI,Quarterly,SUCCESS,,2,Approved,0,2026-04-08 13:38:38.959140
PAY000529,CUST4511,1725,Credit Card,Annual,SUCCESS,,1,Approved,0,2026-08-12 05:38:38.959140
PAY000530,CUST7709,6873,Wallet,Monthly,SUCCESS,,2,Approved,0,2026-07-06 10:03:38.959140
PAY000531,CUST1138,22453,Credit Card,Quarterly,FAILED,Bank Timeout,0,Declined,1,2026-06-04 02:35:38.959140
PAY000532,CUST7168,10108,Debit Card,Quarterly,SUCCESS,,2,Approved,0,2026-05-25 22:52:38.959140
PAY000533,CUST9530,15391,Wallet,Quarterly,SUCCESS,,2,Approved,0,2026-07-11 01:56:38.959140
PAY000534,CUST5631,339,Debit Card,Annual,SUCCESS,,2,Approved,0,2026-06-20 00:16:38.959140
PAY000535,CUST6327,2190,Debit Card,Quarterly,SUCCESS,,2,Approved,0,2026-04-29 03:12:38.959140
PAY000536,CUST3456,21446,Wallet,Monthly,SUCCESS,,2,Approved,0,2026-04-13 02:11:38.959140
PAY000537,CUST1417,19760,Net Banking,Quarterly,FAILED,User Cancelled,3,Declined,0,2026-07-08 01:08:38.959140
PAY000538,CUST1578,13814,Wallet,Annual,SUCCESS,,3,Approved,0,2026-05-19 11:37:38.959140
PAY000539,CUST8794,6322,Debit Card,Annual,FAILED,Network Error,2,Blocked,1,2026-07-20 01:34:38.959140
PAY000540,CUST2599,5669,Net Banking,Monthly,SUCCESS,,1,Approved,0,2026-05-02 06:47:38.959140
PAY000541,CUST6499,23861,UPI,Monthly,SUCCESS,,1,Approved,0,2026-08-29 04:24:38.959140
PAY000542,CUST6428,24485,Debit Card,Quarterly,SUCCESS,,2,Approved,0,2026-05-25 08:18:38.959140
PAY000543,CUST1879,15295,Wallet,Annual,SUCCESS,,0,Approved,0,2026-06-03 11:02:38.959140
PAY000544,CUST2963,2432,Net Banking,Annual,FAILED,Network Error,3,Blocked,1,2026-08-18 17:11:38.959140
PAY000545,CUST4281,1870,Debit Card,Quarterly,SUCCESS,,1,Approved,0,2026-04-03 19:23:38.959140
PAY000546,CUST8988,15092,Debit Card,Annual,FAILED,Bank Timeout,1,Approved,1,2026-05-06 09:32:38.959140
PAY000547,CUST4430,10368,Credit Card,Annual,FAILED,UPI Failure,0,Timeout,1,2026-03-10 15:49:38.959140
PAY000548,CUST7609,16141,Net Banking,Quarterly,FAILED,Invalid CVV,0,Processing Error,0,2026-04-02 08:36:38.959140
PAY000549,CUST7112,1335,UPI,Quarterly,SUCCESS,,1,Approved,0,2026-07-20 19:31:38.959140
PAY000550,CUST4707,17499,Debit Card,Quarterly,FAILED,Insufficient Funds,1,Declined,1,2026-03-13 01:30:38.959140
PAY000551,CUST2069,12667,UPI,Quarterly,SUCCESS,,2,Approved,0,2026-04-09 04:57:38.959140
PAY000552,CUST9031,15038,Debit Card,Monthly,FAILED,Bank Timeout,2,Timeout,1,2026-05-27 17:56:38.959140
PAY000553,CUST4675,13317,Credit Card,Monthly,SUCCESS,,0,Approved,0,2026-04-20 09:12:38.959140
PAY000554,CUST7006,19422,UPI,Quarterly,SUCCESS,,1,Approved,0,2026-04-01 05:20:38.959140
PAY000555,CUST1323,8480,UPI,Annual,FAILED,Insufficient Funds,0,Approved,1,2026-06-25 22:07:38.959140
PAY000556,CUST9966,14658,Debit Card,Quarterly,SUCCESS,,3,Approved,0,2026-04-01 07:13:38.959140
PAY000557,CUST7895,6832,UPI,Annual,SUCCESS,,0,Approved,0,2026-05-03 14:49:38.959140
PAY000558,CUST2718,20506,Wallet,Annual,SUCCESS,,1,Approved,0,2026-05-25 01:06:38.959140
PAY000559,CUST2741,9362,Net Banking,Monthly,SUCCESS,,0,Approved,0,2026-07-30 15:54:38.959140
PAY000560,CUST7713,8716,Debit Card,Monthly,SUCCESS,,1,Approved,0,2026-05-13 23:01:38.959140
PAY000561,CUST8875,16363,Debit Card,Monthly,SUCCESS,,1,Approved,0,2026-07-13 02:02:38.959140
PAY000562,CUST2809,22107,Wallet,Annual,SUCCESS,,0,Approved,0,2026-08-21 21:27:38.959140
PAY000563,CUST2659,3050,Debit Card,Annual,SUCCESS,,0,Approved,0,2026-07-19 12:31:38.959140
PAY000564,CUST1820,9799,UPI,Monthly,SUCCESS,,2,Approved,0,2026-06-02 07:41:38.959140
PAY000565,CUST2898,9620,UPI,Monthly,FAILED,User Cancelled,2,Processing Error,0,2026-08-02 17:27:38.959140
PAY000566,CUST6857,4633,Net Banking,Annual,SUCCESS,,1,Approved,0,2026-05-08 15:10:38.959140
PAY000567,CUST6615,24120,Credit Card,Monthly,SUCCESS,,0,Approved,0,2026-05-16 15:14:38.959140
PAY000568,CUST7319,15058,Net Banking,Quarterly,SUCCESS,,2,Approved,0,2026-08-08 22:29:38.959140
PAY000569,CUST1960,5564,Credit Card,Monthly,SUCCESS,,0,Approved,0,2026-04-02 22:11:38.959140
PAY000570,CUST8178,19456,Credit Card,Annual,SUCCESS,,3,Approved,0,2026-08-02 20:22:38.959140
PAY000571,CUST3140,11849,Net Banking,Quarterly,SUCCESS,,0,Approved,0,2026-08-13 19:53:38.959140
PAY000572,CUST2037,13575,Debit Card,Annual,SUCCESS,,3,Approved,0,2026-03-18 04:05:38.959140
PAY000573,CUST6542,23186,Wallet,Annual,SUCCESS,,1,Approved,0,2026-07-09 17:49:38.959140
PAY000574,CUST5072,20357,Net Banking,Quarterly,SUCCESS,,0,Approved,0,2026-05-27 14:22:38.959140
PAY000575,CUST1894,21116,UPI,Annual,SUCCESS,,3,Approved,0,2026-04-05 20:42:38.959140
PAY000576,CUST2226,16665,Net Banking,Quarterly,FAILED,UPI Failure,3,Declined,1,2026-08-11 21:06:38.959140
PAY000577,CUST4648,9213,Wallet,Annual,SUCCESS,,0,Approved,0,2026-06-10 02:02:38.959140
PAY000578,CUST8277,7799,Wallet,Quarterly,SUCCESS,,0,Approved,0,2026-06-01 09:02:38.959140
PAY000579,CUST2944,16432,Net Banking,Annual,SUCCESS,,3,Approved,0,2026-05-06 08:07:38.959140
PAY000580,CUST1587,3462,Wallet,Annual,SUCCESS,,3,Approved,0,2026-05-23 20:46:38.959140
PAY000581,CUST9328,3077,Wallet,Monthly,SUCCESS,,2,Approved,0,2026-08-18 20:11:38.959140
PAY000582,CUST1889,15048,Credit Card,Quarterly,SUCCESS,,2,Approved,0,2026-05-14 22:42:38.959140
PAY000583,CUST6952,20407,Net Banking,Monthly,SUCCESS,,3,Approved,0,2026-07-18 06:21:38.959140
PAY000584,CUST6592,21690,Debit Card,Annual,SUCCESS,,1,Approved,0,2026-03-10 04:49:38.959140
PAY000585,CUST3689,9666,Net Banking,Monthly,FAILED,Card Expired,2,Approved,0,2026-07-15 14:44:38.959140
PAY000586,CUST4209,24429,Credit Card,Monthly,FAILED,Fraud Suspected,3,Blocked,0,2026-03-29 06:33:38.959140
PAY000587,CUST2765,12973,Net Banking,Monthly,FAILED,Network Error,1,Timeout,1,2026-06-01 00:05:38.959140
PAY000588,CUST9260,22123,Credit Card,Quarterly,FAILED,UPI Failure,0,Processing Error,1,2026-07-28 08:47:38.959140
PAY000589,CUST8091,24223,Wallet,Quarterly,SUCCESS,,0,Approved,0,2026-06-18 12:18:38.959140
PAY000590,CUST7347,5905,Wallet,Annual,FAILED,Bank Timeout,1,Approved,1,2026-07-20 18:48:38.959140
PAY000591,CUST7518,16617,Debit Card,Quarterly,FAILED,Network Error,3,Timeout,1,2026-05-25 00:24:38.959140
PAY000592,CUST9393,4469,Debit Card,Annual,SUCCESS,,1,Approved,0,2026-05-23 22:32:38.959140
PAY000593,CUST4435,10385,Wallet,Annual,SUCCESS,,1,Approved,0,2026-04-15 08:55:38.959140
PAY000594,CUST3913,11413,Wallet,Annual,SUCCESS,,1,Approved,0,2026-07-17 03:00:38.959140
PAY000595,CUST6771,10662,Wallet,Quarterly,SUCCESS,,0,Approved,0,2026-07-26 07:06:38.959140
PAY000596,CUST9747,21960,Debit Card,Quarterly,SUCCESS,,3,Approved,0,2026-07-10 13:02:38.959140
PAY000597,CUST1869,17227,UPI,Monthly,FAILED,Invalid CVV,0,Declined,0,2026-03-14 09:38:38.959140
PAY000598,CUST5105,5372,Credit Card,Monthly,SUCCESS,,2,Approved,0,2026-07-12 05:00:38.959140
PAY000599,CUST9866,9770,UPI,Quarterly,SUCCESS,,1,Approved,0,2026-07-24 23:44:38.959140
PAY000600,CUST9370,3457,Debit Card,Annual,FAILED,Invalid CVV,1,Declined,0,2026-07-22 22:53:38.959140
PAY000601,CUST6122,12602,Wallet,Monthly,SUCCESS,,3,Approved,0,2026-05-24 15:14:38.959140
PAY000602,CUST8259,8334,Credit Card,Annual,SUCCESS,,1,Approved,0,2026-06-30 18:30:38.959140
PAY000603,CUST9955,21320,Wallet,Monthly,SUCCESS,,2,Approved,0,2026-07-25 06:20:38.959140
PAY000604,CUST4063,6439,Credit Card,Annual,FAILED,Bank Timeout,2,Approved,1,2026-05-30 12:08:38.959140
PAY000605,CUST5572,12459,Wallet,Quarterly,SUCCESS,,0,Approved,0,2026-05-26 19:24:38.959140
PAY000606,CUST6415,19235,Net Banking,Annual,SUCCESS,,2,Approved,0,2026-03-10 19:53:38.959140
PAY000607,CUST1833,1407,Wallet,Annual,FAILED,User Cancelled,1,Blocked,0,2026-08-25 20:28:38.959140
PAY000608,CUST6207,18864,Wallet,Monthly,SUCCESS,,2,Approved,0,2026-03-23 01:39:38.959140
PAY000609,CUST9897,17158,Wallet,Quarterly,FAILED,Bank Timeout,0,Processing Error,1,2026-07-30 22:26:38.959140
PAY000610,CUST6437,7347,Debit Card,Quarterly,SUCCESS,,1,Approved,0,2026-07-08 13:23:38.959140
PAY000611,CUST1144,24762,UPI,Annual,SUCCESS,,3,Approved,0,2026-06-19 23:44:38.959140
PAY000612,CUST6258,7974,Net Banking,Monthly,SUCCESS,,1,Approved,0,2026-03-17 01:27:38.959140
PAY000613,CUST9468,17801,Debit Card,Annual,SUCCESS,,2,Approved,0,2026-03-14 07:10:38.959140
PAY000614,CUST6248,14699,Wallet,Monthly,FAILED,Fraud Suspected,3,Declined,0,2026-03-17 18:49:38.959140
PAY000615,CUST4492,5584,Net Banking,Monthly,FAILED,Card Expired,0,Declined,0,2026-07-01 22:20:38.959140
PAY000616,CUST2181,23126,Credit Card,Monthly,SUCCESS,,3,Approved,0,2026-07-05 12:06:38.959140
PAY000617,CUST2200,10968,UPI,Monthly,SUCCESS,,0,Approved,0,2026-03-25 17:37:38.959140
PAY000618,CUST7678,18386,Net Banking,Quarterly,FAILED,Network Error,0,Timeout,1,2026-06-22 11:16:38.959140
PAY000619,CUST7381,14288,UPI,Annual,SUCCESS,,2,Approved,0,2026-03-12 21:01:38.959140
PAY000620,CUST1745,23701,UPI,Quarterly,SUCCESS,,0,Approved,0,2026-07-25 10:04:38.959140
PAY000621,CUST2417,3576,Debit Card,Quarterly,FAILED,Fraud Suspected,2,Blocked,0,2026-07-31 01:12:38.959140
PAY000622,CUST3561,21749,Wallet,Monthly,SUCCESS,,0,Approved,0,2026-06-04 02:07:38.959140
PAY000623,CUST3360,12911,Debit Card,Annual,SUCCESS,,2,Approved,0,2026-07-03 05:25:38.959140
PAY000624,CUST3316,23997,UPI,Monthly,FAILED,Insufficient Funds,2,Blocked,1,2026-08-29 15:30:38.959140
PAY000625,CUST9970,19650,UPI,Quarterly,SUCCESS,,3,Approved,0,2026-06-15 14:05:38.959140
PAY000626,CUST7760,24394,Wallet,Monthly,SUCCESS,,2,Approved,0,2026-04-17 08:19:38.959140
PAY000627,CUST2877,7333,Credit Card,Annual,SUCCESS,,2,Approved,0,2026-04-14 04:15:38.959140
PAY000628,CUST2103,1881,Debit Card,Monthly,FAILED,Card Expired,3,Timeout,0,2026-07-05 03:51:38.959140
PAY000629,CUST6420,19123,Debit Card,Monthly,SUCCESS,,3,Approved,0,2026-08-30 00:34:38.959140
PAY000630,CUST2143,7784,Credit Card,Quarterly,SUCCESS,,0,Approved,0,2026-04-30 17:00:38.959140
PAY000631,CUST3496,10858,Wallet,Annual,SUCCESS,,2,Approved,0,2026-07-14 00:59:38.959140
PAY000632,CUST1079,10464,Debit Card,Monthly,SUCCESS,,3,Approved,0,2026-04-09 12:01:38.959140
PAY000633,CUST6432,23436,Net Banking,Quarterly,FAILED,User Cancelled,3,Declined,0,2026-04-29 04:03:38.959140
PAY000634,CUST2783,10108,Credit Card,Annual,SUCCESS,,3,Approved,0,2026-06-18 05:31:38.959140
PAY000635,CUST9824,9294,Credit Card,Quarterly,SUCCESS,,1,Approved,0,2026-08-19 01:22:38.959140
PAY000636,CUST2235,20632,UPI,Annual,SUCCESS,,0,Approved,0,2026-07-20 05:24:38.959140
PAY000637,CUST4485,19166,UPI,Annual,SUCCESS,,3,Approved,0,2026-07-27 19:55:38.959140
PAY000638,CUST3435,17783,Debit Card,Quarterly,SUCCESS,,3,Approved,0,2026-07-06 20:12:38.959140
PAY000639,CUST8613,19419,Wallet,Annual,SUCCESS,,2,Approved,0,2026-04-03 04:10:38.959140
PAY000640,CUST4913,12022,Wallet,Annual,SUCCESS,,0,Approved,0,2026-07-08 10:31:38.959140
PAY000641,CUST3608,16946,Credit Card,Annual,SUCCESS,,1,Approved,0,2026-05-30 00:48:38.959140
PAY000642,CUST1662,21706,Credit Card,Quarterly,FAILED,UPI Failure,1,Timeout,1,2026-07-21 18:30:38.959140
PAY000643,CUST1701,8761,Credit Card,Annual,SUCCESS,,2,Approved,0,2026-04-21 09:40:38.959140
PAY000644,CUST1653,11936,Debit Card,Monthly,FAILED,UPI Failure,3,Approved,1,2026-06-03 07:16:38.959140
PAY000645,CUST5314,17183,Wallet,Annual,SUCCESS,,2,Approved,0,2026-08-08 18:50:38.959140
PAY000646,CUST2275,12441,Wallet,Quarterly,SUCCESS,,3,Approved,0,2026-05-15 07:14:38.959140
PAY000647,CUST6653,7402,Net Banking,Quarterly,SUCCESS,,3,Approved,0,2026-05-13 01:04:38.959140
PAY000648,CUST2263,315,Wallet,Annual,FAILED,Bank Timeout,1,Declined,1,2026-05-28 21:10:38.959140
PAY000649,CUST6934,5022,Wallet,Annual,SUCCESS,,1,Approved,0,2026-04-07 10:44:38.959140
PAY000650,CUST8889,21762,Net Banking,Quarterly,FAILED,User Cancelled,1,Approved,0,2026-05-24 06:42:38.959140
PAY000651,CUST4992,5382,UPI,Monthly,SUCCESS,,3,Approved,0,2026-03-13 21:18:38.959140
PAY000652,CUST9399,5378,UPI,Annual,SUCCESS,,1,Approved,0,2026-07-02 09:44:38.959140
PAY000653,CUST3949,5549,Wallet,Quarterly,SUCCESS,,2,Approved,0,2026-08-24 17:27:38.959140
PAY000654,CUST5644,18567,UPI,Monthly,SUCCESS,,0,Approved,0,2026-08-16 17:29:38.959140
PAY000655,CUST4594,15546,Net Banking,Annual,SUCCESS,,3,Approved,0,2026-04-09 20:27:38.959140
PAY000656,CUST9369,19191,Debit Card,Monthly,SUCCESS,,1,Approved,0,2026-07-01 06:05:38.959140
PAY000657,CUST2127,11327,Credit Card,Quarterly,SUCCESS,,3,Approved,0,2026-06-26 09:31:38.959140
PAY000658,CUST9564,3656,Wallet,Annual,SUCCESS,,0,Approved,0,2026-04-15 15:18:38.959140
PAY000659,CUST8796,4999,Wallet,Annual,SUCCESS,,0,Approved,0,2026-04-11 02:24:38.959140
PAY000660,CUST8901,17512,Credit Card,Annual,SUCCESS,,0,Approved,0,2026-03-26 18:23:38.959140
PAY000661,CUST7892,138,Debit Card,Monthly,SUCCESS,,3,Approved,0,2026-06-12 20:04:38.959140
PAY000662,CUST8899,14155,Net Banking,Quarterly,SUCCESS,,1,Approved,0,2026-08-27 15:15:38.959140
PAY000663,CUST3193,24392,Debit Card,Quarterly,SUCCESS,,0,Approved,0,2026-05-26 06:13:38.959140
PAY000664,CUST4096,2845,UPI,Annual,FAILED,Invalid CVV,2,Timeout,0,2026-06-26 17:12:38.959140
PAY000665,CUST1117,332,Net Banking,Annual,SUCCESS,,0,Approved,0,2026-06-12 10:06:38.959140
PAY000666,CUST2746,10450,Credit Card,Quarterly,SUCCESS,,3,Approved,0,2026-05-14 18:00:38.959140
PAY000667,CUST9783,8410,Net Banking,Annual,SUCCESS,,2,Approved,0,2026-08-12 10:41:38.959140
PAY000668,CUST4337,9128,Net Banking,Annual,SUCCESS,,3,Approved,0,2026-07-25 05:45:38.959140
PAY000669,CUST6024,15908,Wallet,Quarterly,FAILED,UPI Failure,1,Timeout,1,2026-05-16 04:43:38.959140
PAY000670,CUST8317,13144,Credit Card,Monthly,FAILED,Card Expired,1,Declined,0,2026-08-12 10:46:38.959140
PAY000671,CUST1852,13224,Credit Card,Quarterly,SUCCESS,,2,Approved,0,2026-08-02 14:13:38.959140
PAY000672,CUST8133,272,UPI,Monthly,FAILED,Bank Timeout,0,Processing Error,1,2026-08-06 16:05:38.959140
PAY000673,CUST1618,12250,Net Banking,Quarterly,SUCCESS,,0,Approved,0,2026-06-28 16:07:38.959140
PAY000674,CUST1941,17171,Credit Card,Annual,SUCCESS,,2,Approved,0,2026-07-17 08:17:38.959140
PAY000675,CUST9489,449,Debit Card,Monthly,SUCCESS,,1,Approved,0,2026-08-11 15:25:38.959140
PAY000676,CUST3776,19743,UPI,Quarterly,SUCCESS,,1,Approved,0,2026-06-29 19:02:38.959140
PAY000677,CUST5520,108,Net Banking,Quarterly,SUCCESS,,1,Approved,0,2026-03-25 14:39:38.959140
PAY000678,CUST1251,13384,UPI,Monthly,SUCCESS,,1,Approved,0,2026-06-12 01:17:38.959140
PAY000679,CUST5530,23893,Credit Card,Annual,SUCCESS,,2,Approved,0,2026-05-12 01:22:38.959140
PAY000680,CUST3867,15000,Net Banking,Annual,FAILED,Insufficient Funds,3,Timeout,1,2026-06-22 11:02:38.959140
PAY000681,CUST2917,2470,Wallet,Quarterly,SUCCESS,,2,Approved,0,2026-05-10 16:34:38.959140
PAY000682,CUST8923,18937,Credit Card,Quarterly,FAILED,UPI Failure,2,Processing Error,1,2026-07-14 04:12:38.959140
PAY000683,CUST2904,15134,Debit Card,Monthly,FAILED,Insufficient Funds,3,Processing Error,1,2026-08-20 00:12:38.959140
PAY000684,CUST6172,7320,Net Banking,Quarterly,SUCCESS,,1,Approved,0,2026-08-02 11:11:38.959140
PAY000685,CUST5706,417,UPI,Quarterly,SUCCESS,,2,Approved,0,2026-04-23 23:53:38.959140
PAY000686,CUST3924,11305,Net Banking,Quarterly,SUCCESS,,0,Approved,0,2026-06-18 18:06:38.959140
PAY000687,CUST4115,18898,Net Banking,Annual,SUCCESS,,2,Approved,0,2026-04-12 01:49:38.959140
PAY000688,CUST5348,24197,Credit Card,Monthly,SUCCESS,,1,Approved,0,2026-08-15 16:18:38.959140
PAY000689,CUST2747,8281,UPI,Monthly,SUCCESS,,2,Approved,0,2026-04-07 04:47:38.959140
PAY000690,CUST1108,21838,Wallet,Monthly,SUCCESS,,3,Approved,0,2026-06-29 13:05:38.959140
PAY000691,CUST3996,12262,Wallet,Quarterly,FAILED,Fraud Suspected,2,Processing Error,0,2026-06-07 10:18:38.959140
PAY000692,CUST9613,24680,Net Banking,Quarterly,SUCCESS,,1,Approved,0,2026-03-19 15:48:38.959140
PAY000693,CUST2972,1166,Wallet,Quarterly,FAILED,Bank Timeout,2,Processing Error,1,2026-05-20 11:24:38.959140
PAY000694,CUST4452,374,Net Banking,Annual,SUCCESS,,0,Approved,0,2026-07-10 12:26:38.959140
PAY000695,CUST9987,11947,Debit Card,Monthly,SUCCESS,,2,Approved,0,2026-04-12 20:54:38.959140
PAY000696,CUST4013,20188,Net Banking,Quarterly,SUCCESS,,2,Approved,0,2026-05-15 09:58:38.959140
PAY000697,CUST7563,23059,Debit Card,Quarterly,SUCCESS,,2,Approved,0,2026-05-15 06:17:38.959140
PAY000698,CUST2636,4396,Debit Card,Monthly,SUCCESS,,1,Approved,0,2026-08-05 00:29:38.959140
PAY000699,CUST3450,12579,Net Banking,Monthly,SUCCESS,,1,Approved,0,2026-04-05 08:26:38.959140
PAY000700,CUST9470,16469,Wallet,Annual,SUCCESS,,1,Approved,0,2026-08-19 09:59:38.959140
PAY000701,CUST1781,16044,Net Banking,Monthly,SUCCESS,,2,Approved,0,2026-04-24 11:45:38.959140
PAY000702,CUST5166,2066,Net Banking,Annual,SUCCESS,,1,Approved,0,2026-08-04 22:51:38.959140
PAY000703,CUST6914,24497,Debit Card,Annual,SUCCESS,,2,Approved,0,2026-04-26 02:10:38.959140
PAY000704,CUST7746,8543,UPI,Quarterly,SUCCESS,,2,Approved,0,2026-03-13 09:53:38.959140
PAY000705,CUST6818,19942,Debit Card,Annual,FAILED,Bank Timeout,1,Timeout,1,2026-06-22 19:32:38.959140
PAY000706,CUST2284,24233,Net Banking,Annual,SUCCESS,,3,Approved,0,2026-08-18 18:05:38.959140
PAY000707,CUST3745,20798,Debit Card,Quarterly,SUCCESS,,1,Approved,0,2026-08-14 20:42:38.959140
PAY000708,CUST2168,18830,UPI,Monthly,SUCCESS,,3,Approved,0,2026-08-11 08:08:38.959140
PAY000709,CUST5773,10371,Debit Card,Annual,SUCCESS,,2,Approved,0,2026-07-06 16:17:38.959140
PAY000710,CUST6950,8987,Wallet,Annual,SUCCESS,,3,Approved,0,2026-07-29 23:21:38.959140
PAY000711,CUST4844,13664,Debit Card,Annual,FAILED,Insufficient Funds,1,Declined,1,2026-04-12 06:38:38.959140
PAY000712,CUST7505,2722,UPI,Monthly,SUCCESS,,1,Approved,0,2026-04-09 04:28:38.959140
PAY000713,CUST7504,15604,Wallet,Monthly,SUCCESS,,0,Approved,0,2026-03-14 14:25:38.959140
PAY000714,CUST7387,20352,Debit Card,Monthly,SUCCESS,,1,Approved,0,2026-03-25 03:35:38.959140
PAY000715,CUST3071,9410,Credit Card,Annual,SUCCESS,,3,Approved,0,2026-07-01 20:22:38.959140
PAY000716,CUST8801,1035,Net Banking,Annual,FAILED,User Cancelled,0,Timeout,0,2026-07-08 14:19:38.959140
PAY000717,CUST8480,18073,Wallet,Quarterly,FAILED,Bank Timeout,3,Blocked,1,2026-04-03 09:33:38.959140
PAY000718,CUST6688,21055,Net Banking,Annual,SUCCESS,,2,Approved,0,2026-08-22 06:22:38.959140
PAY000719,CUST6992,3033,Net Banking,Quarterly,SUCCESS,,3,Approved,0,2026-05-04 20:19:38.959140
PAY000720,CUST3233,444,Debit Card,Quarterly,SUCCESS,,0,Approved,0,2026-06-13 01:38:38.959140
PAY000721,CUST8816,371,Debit Card,Monthly,SUCCESS,,3,Approved,0,2026-08-29 04:33:38.959140
PAY000722,CUST7121,9697,Credit Card,Quarterly,FAILED,Insufficient Funds,1,Blocked,1,2026-08-01 20:21:38.959140
PAY000723,CUST7199,14422,Credit Card,Quarterly,FAILED,Bank Timeout,3,Processing Error,1,2026-04-24 07:02:38.959140
PAY000724,CUST5454,20589,Debit Card,Annual,SUCCESS,,1,Approved,0,2026-06-11 20:20:38.959140
PAY000725,CUST2121,8907,Credit Card,Monthly,SUCCESS,,3,Approved,0,2026-04-13 00:37:38.959140
PAY000726,CUST8418,20968,Debit Card,Annual,SUCCESS,,3,Approved,0,2026-06-30 06:08:38.959140
PAY000727,CUST3492,6252,UPI,Annual,SUCCESS,,2,Approved,0,2026-03-13 07:58:38.959140
PAY000728,CUST3048,3450,Net Banking,Annual,SUCCESS,,2,Approved,0,2026-04-27 19:21:38.959140
PAY000729,CUST9086,3054,Credit Card,Quarterly,SUCCESS,,1,Approved,0,2026-03-12 11:34:38.959140
PAY000730,CUST1519,16430,Debit Card,Monthly,SUCCESS,,2,Approved,0,2026-06-02 05:06:38.959140
PAY000731,CUST9899,4886,Net Banking,Monthly,FAILED,Invalid CVV,0,Approved,0,2026-04-27 07:36:38.959140
PAY000732,CUST1206,8293,UPI,Annual,SUCCESS,,3,Approved,0,2026-08-07 13:55:38.959140
PAY000733,CUST1549,14613,Credit Card,Quarterly,SUCCESS,,1,Approved,0,2026-07-22 01:56:38.959140
PAY000734,CUST7375,3177,Debit Card,Quarterly,SUCCESS,,1,Approved,0,2026-06-03 21:02:38.959140
PAY000735,CUST9534,23961,UPI,Quarterly,SUCCESS,,0,Approved,0,2026-07-23 08:59:38.959140
PAY000736,CUST1853,9890,Credit Card,Monthly,SUCCESS,,1,Approved,0,2026-05-14 09:57:38.959140
PAY000737,CUST3742,14325,Debit Card,Annual,SUCCESS,,2,Approved,0,2026-03-12 13:03:38.959140
PAY000738,CUST8786,8064,Wallet,Monthly,SUCCESS,,0,Approved,0,2026-03-17 10:42:38.959140
PAY000739,CUST9190,3031,UPI,Annual,SUCCESS,,1,Approved,0,2026-04-07 12:13:38.959140
PAY000740,CUST6824,24988,Credit Card,Annual,SUCCESS,,0,Approved,0,2026-03-20 16:23:38.959140
PAY000741,CUST4812,3618,Debit Card,Annual,SUCCESS,,1,Approved,0,2026-06-06 14:39:38.959140
PAY000742,CUST1349,24894,Net Banking,Quarterly,FAILED,UPI Failure,2,Declined,1,2026-08-03 10:37:38.959140
PAY000743,CUST8168,8313,Wallet,Quarterly,SUCCESS,,0,Approved,0,2026-06-06 03:33:38.959140
PAY000744,CUST4057,16158,Wallet,Quarterly,SUCCESS,,1,Approved,0,2026-06-20 23:11:38.959140
PAY000745,CUST3627,15447,UPI,Annual,SUCCESS,,2,Approved,0,2026-08-14 18:06:38.959140
PAY000746,CUST7014,9787,Net Banking,Monthly,SUCCESS,,2,Approved,0,2026-06-16 09:32:38.959140
PAY000747,CUST6965,16678,Wallet,Monthly,FAILED,Bank Timeout,3,Approved,1,2026-07-21 08:37:38.959140
PAY000748,CUST9586,2174,Net Banking,Annual,SUCCESS,,3,Approved,0,2026-04-13 08:47:38.959140
PAY000749,CUST6276,9376,UPI,Monthly,SUCCESS,,2,Approved,0,2026-05-23 09:41:38.959140
PAY000750,CUST3126,2283,Credit Card,Monthly,SUCCESS,,0,Approved,0,2026-08-08 20:14:38.959140
PAY000751,CUST1521,16003,Wallet,Annual,SUCCESS,,1,Approved,0,2026-03-27 18:41:38.959140
PAY000752,CUST7002,21657,Credit Card,Annual,FAILED,Fraud Suspected,3,Approved,0,2026-06-13 12:34:38.959140
PAY000753,CUST9051,527,UPI,Quarterly,SUCCESS,,1,Approved,0,2026-07-07 04:14:38.959140
PAY000754,CUST1955,2088,Wallet,Quarterly,FAILED,Invalid CVV,2,Timeout,0,2026-06-19 09:15:38.959140
PAY000755,CUST5979,24160,UPI,Monthly,SUCCESS,,0,Approved,0,2026-08-08 17:01:38.959140
PAY000756,CUST7313,3281,Credit Card,Monthly,FAILED,Network Error,0,Blocked,1,2026-07-19 19:33:38.959140
PAY000757,CUST7802,8250,UPI,Annual,SUCCESS,,1,Approved,0,2026-06-19 11:01:38.959140
PAY000758,CUST7997,22200,UPI,Monthly,SUCCESS,,3,Approved,0,2026-07-15 16:43:38.959140
PAY000759,CUST9747,18120,Wallet,Quarterly,FAILED,User Cancelled,3,Declined,0,2026-06-09 16:16:38.959140
PAY000760,CUST8054,10425,Debit Card,Annual,FAILED,User Cancelled,2,Processing Error,0,2026-08-10 14:27:38.959140
PAY000761,CUST5162,17978,Debit Card,Quarterly,SUCCESS,,1,Approved,0,2026-05-17 01:54:38.959140
PAY000762,CUST1567,13110,Debit Card,Annual,SUCCESS,,0,Approved,0,2026-07-20 00:32:38.959140
PAY000763,CUST5920,4525,Credit Card,Monthly,SUCCESS,,2,Approved,0,2026-03-10 23:55:38.959140
PAY000764,CUST1618,810,Net Banking,Quarterly,FAILED,Bank Timeout,2,Approved,1,2026-08-24 02:53:38.959140
PAY000765,CUST5093,8782,Credit Card,Quarterly,SUCCESS,,2,Approved,0,2026-08-18 18:03:38.959140
PAY000766,CUST6319,3110,Net Banking,Monthly,FAILED,Network Error,3,Approved,1,2026-06-21 09:30:38.959140
PAY000767,CUST5921,22695,UPI,Annual,SUCCESS,,0,Approved,0,2026-06-26 03:50:38.959140
PAY000768,CUST6700,12601,Net Banking,Quarterly,FAILED,Insufficient Funds,0,Timeout,1,2026-07-29 19:38:38.959140
PAY000769,CUST1886,4048,Debit Card,Annual,FAILED,Insufficient Funds,1,Processing Error,1,2026-07-23 21:53:38.959140
PAY000770,CUST9231,17791,Credit Card,Monthly,SUCCESS,,1,Approved,0,2026-05-08 07:10:38.959140
PAY000771,CUST9269,24071,UPI,Monthly,SUCCESS,,3,Approved,0,2026-05-29 22:09:38.959140
PAY000772,CUST6507,13020,UPI,Quarterly,SUCCESS,,1,Approved,0,2026-04-02 20:46:38.959140
PAY000773,CUST2393,1714,Net Banking,Annual,SUCCESS,,3,Approved,0,2026-04-26 14:21:38.959140
PAY000774,CUST3209,22966,Net Banking,Annual,SUCCESS,,1,Approved,0,2026-07-26 12:36:38.959140
PAY000775,CUST9589,13052,Credit Card,Monthly,SUCCESS,,1,Approved,0,2026-06-19 23:00:38.959140
PAY000776,CUST2467,14191,UPI,Annual,SUCCESS,,2,Approved,0,2026-07-12 10:53:38.959140
PAY000777,CUST6254,12068,Debit Card,Annual,SUCCESS,,2,Approved,0,2026-04-13 11:29:38.959140
PAY000778,CUST8245,10087,Wallet,Monthly,SUCCESS,,1,Approved,0,2026-05-12 11:10:38.959140
PAY000779,CUST7124,7749,Credit Card,Annual,SUCCESS,,1,Approved,0,2026-07-12 13:36:38.959140
PAY000780,CUST1225,3781,Debit Card,Annual,FAILED,Bank Timeout,0,Timeout,1,2026-04-23 01:07:38.959140
PAY000781,CUST4424,10097,Wallet,Monthly,FAILED,Insufficient Funds,3,Timeout,1,2026-06-03 13:53:38.959140
PAY000782,CUST8913,17245,Wallet,Annual,SUCCESS,,2,Approved,0,2026-06-17 16:58:38.959140
PAY000783,CUST3790,22875,UPI,Quarterly,FAILED,Insufficient Funds,0,Timeout,1,2026-05-17 08:39:38.959140
PAY000784,CUST8617,22922,UPI,Monthly,SUCCESS,,2,Approved,0,2026-03-19 11:09:38.959140
PAY000785,CUST2767,8989,UPI,Quarterly,SUCCESS,,2,Approved,0,2026-08-14 03:20:38.959140
PAY000786,CUST2631,21378,Debit Card,Quarterly,FAILED,Invalid CVV,3,Blocked,0,2026-04-20 21:13:38.959140
PAY000787,CUST8503,17517,Wallet,Annual,FAILED,Network Error,0,Blocked,1,2026-04-12 17:42:38.959140
PAY000788,CUST9027,8205,Net Banking,Annual,SUCCESS,,2,Approved,0,2026-05-09 12:37:38.959140
PAY000789,CUST5953,11462,Credit Card,Annual,SUCCESS,,2,Approved,0,2026-05-13 11:54:38.959140
PAY000790,CUST7343,2130,UPI,Annual,SUCCESS,,2,Approved,0,2026-08-16 18:13:38.959140
PAY000791,CUST2438,7490,Net Banking,Annual,FAILED,Invalid CVV,1,Declined,0,2026-05-11 00:31:38.959140
PAY000792,CUST3502,20167,Net Banking,Quarterly,FAILED,Network Error,1,Blocked,1,2026-05-24 18:35:38.959140
PAY000793,CUST3270,10889,Wallet,Annual,FAILED,Bank Timeout,3,Declined,1,2026-06-16 12:17:38.959140
PAY000794,CUST9582,6728,Credit Card,Quarterly,SUCCESS,,1,Approved,0,2026-05-05 01:16:38.959140
PAY000795,CUST9732,4855,UPI,Monthly,FAILED,Card Expired,1,Blocked,0,2026-05-06 14:23:38.959140
PAY000796,CUST6221,4867,Net Banking,Quarterly,SUCCESS,,0,Approved,0,2026-07-27 03:28:38.959140
PAY000797,CUST4079,24531,UPI,Monthly,SUCCESS,,2,Approved,0,2026-04-06 11:08:38.959140
PAY000798,CUST4783,20152,Wallet,Monthly,SUCCESS,,2,Approved,0,2026-06-28 01:09:38.959140
PAY000799,CUST8808,953,Credit Card,Annual,SUCCESS,,2,Approved,0,2026-03-24 06:28:38.959140
PAY000800,CUST8763,15459,Credit Card,Monthly,FAILED,Invalid CVV,2,Processing Error,0,2026-04-12 07:02:38.959140
PAY000801,CUST1245,1155,Debit Card,Quarterly,SUCCESS,,3,Approved,0,2026-07-26 23:33:38.959140
PAY000802,CUST4351,22097,UPI,Monthly,SUCCESS,,1,Approved,0,2026-07-25 18:00:38.959140
PAY000803,CUST5043,14493,Net Banking,Quarterly,FAILED,User Cancelled,3,Processing Error,0,2026-07-13 00:33:38.959140
PAY000804,CUST9784,20019,Wallet,Annual,FAILED,User Cancelled,3,Processing Error,0,2026-07-18 21:50:38.959140
PAY000805,CUST5025,1360,Wallet,Annual,FAILED,UPI Failure,0,Approved,1,2026-05-31 00:20:38.959140
PAY000806,CUST7347,24189,Wallet,Annual,SUCCESS,,0,Approved,0,2026-06-19 07:51:38.959140
PAY000807,CUST5684,6320,Net Banking,Monthly,FAILED,Invalid CVV,2,Timeout,0,2026-05-28 19:40:38.959140
PAY000808,CUST9470,20190,Credit Card,Quarterly,SUCCESS,,0,Approved,0,2026-07-13 09:41:38.959140
PAY000809,CUST9952,14900,Credit Card,Quarterly,FAILED,Card Expired,0,Declined,0,2026-07-19 08:31:38.959140
PAY000810,CUST8433,14873,Wallet,Annual,SUCCESS,,0,Approved,0,2026-04-11 08:45:38.959140
PAY000811,CUST3024,14998,UPI,Monthly,FAILED,User Cancelled,0,Declined,0,2026-04-24 07:51:38.959140
PAY000812,CUST9582,20876,Net Banking,Annual,SUCCESS,,2,Approved,0,2026-03-25 07:56:38.959140
PAY000813,CUST3799,16865,Debit Card,Annual,FAILED,Invalid CVV,1,Approved,0,2026-05-17 17:42:38.959140
PAY000814,CUST1840,5017,Net Banking,Quarterly,FAILED,Bank Timeout,1,Declined,1,2026-08-14 23:09:38.959140
PAY000815,CUST3960,14721,UPI,Monthly,SUCCESS,,2,Approved,0,2026-07-01 20:14:38.959140
PAY000816,CUST9169,214,Wallet,Monthly,FAILED,UPI Failure,2,Processing Error,1,2026-03-12 00:34:38.959140
PAY000817,CUST8794,16268,Net Banking,Quarterly,SUCCESS,,1,Approved,0,2026-04-18 06:46:38.959140
PAY000818,CUST9967,19799,Debit Card,Annual,SUCCESS,,0,Approved,0,2026-04-23 08:24:38.959140
PAY000819,CUST3429,6902,UPI,Annual,SUCCESS,,0,Approved,0,2026-04-12 10:48:38.959140
PAY000820,CUST5889,4862,Debit Card,Monthly,SUCCESS,,0,Approved,0,2026-07-09 05:23:38.959140
PAY000821,CUST5659,13761,Wallet,Annual,SUCCESS,,1,Approved,0,2026-04-08 04:07:38.959140
PAY000822,CUST6901,19594,UPI,Monthly,SUCCESS,,1,Approved,0,2026-05-31 16:38:38.959140
PAY000823,CUST8001,10677,Wallet,Monthly,FAILED,Invalid CVV,2,Approved,0,2026-08-20 04:36:38.959140
PAY000824,CUST5496,4507,Debit Card,Annual,SUCCESS,,0,Approved,0,2026-07-14 06:04:38.959140
PAY000825,CUST1953,6975,UPI,Annual,SUCCESS,,1,Approved,0,2026-06-29 05:20:38.959140
PAY000826,CUST5705,20709,Net Banking,Annual,SUCCESS,,0,Approved,0,2026-06-05 20:23:38.959140
PAY000827,CUST9132,8607,Wallet,Annual,FAILED,Bank Timeout,2,Blocked,1,2026-08-25 13:49:38.959140
PAY000828,CUST4812,16237,Debit Card,Monthly,SUCCESS,,1,Approved,0,2026-08-17 16:01:38.959140
PAY000829,CUST2932,884,Credit Card,Annual,SUCCESS,,3,Approved,0,2026-07-01 15:54:38.959140
PAY000830,CUST4478,13666,UPI,Annual,FAILED,User Cancelled,0,Blocked,0,2026-05-09 13:35:38.959140
PAY000831,CUST2111,9327,Debit Card,Quarterly,SUCCESS,,2,Approved,0,2026-07-31 15:39:38.959140
PAY000832,CUST6460,10713,Debit Card,Quarterly,SUCCESS,,0,Approved,0,2026-03-30 12:35:38.959140
PAY000833,CUST3877,20283,Credit Card,Quarterly,SUCCESS,,0,Approved,0,2026-08-08 06:29:38.959140
PAY000834,CUST3224,22134,Net Banking,Monthly,FAILED,UPI Failure,3,Approved,1,2026-08-23 14:00:38.959140
PAY000835,CUST7782,17694,UPI,Annual,SUCCESS,,2,Approved,0,2026-06-01 23:47:38.959140
PAY000836,CUST9779,23854,UPI,Monthly,SUCCESS,,2,Approved,0,2026-06-18 20:50:38.959140
PAY000837,CUST3446,10968,Debit Card,Monthly,SUCCESS,,2,Approved,0,2026-03-21 20:31:38.959140
PAY000838,CUST7382,12394,Credit Card,Annual,SUCCESS,,1,Approved,0,2026-06-21 17:53:38.959140
PAY000839,CUST6152,24725,UPI,Quarterly,SUCCESS,,2,Approved,0,2026-07-16 04:35:38.959140
PAY000840,CUST8404,16386,Debit Card,Monthly,SUCCESS,,1,Approved,0,2026-05-16 10:42:38.959140
PAY000841,CUST1612,5833,Credit Card,Monthly,SUCCESS,,0,Approved,0,2026-05-16 22:12:38.959140
PAY000842,CUST9192,916,Credit Card,Monthly,SUCCESS,,3,Approved,0,2026-08-21 13:02:38.959140
PAY000843,CUST6363,15941,Credit Card,Monthly,SUCCESS,,2,Approved,0,2026-07-28 23:35:38.959140
PAY000844,CUST7350,17012,Wallet,Monthly,FAILED,Insufficient Funds,1,Processing Error,1,2026-04-16 03:42:38.959140
PAY000845,CUST8649,1541,UPI,Monthly,SUCCESS,,0,Approved,0,2026-05-09 11:23:38.959140
PAY000846,CUST6114,21692,Credit Card,Quarterly,SUCCESS,,2,Approved,0,2026-03-13 21:27:38.959140
PAY000847,CUST6228,9489,Net Banking,Annual,SUCCESS,,2,Approved,0,2026-06-14 16:46:38.959140
PAY000848,CUST2875,4991,UPI,Annual,SUCCESS,,1,Approved,0,2026-04-28 14:46:38.959140
PAY000849,CUST6739,3453,Wallet,Quarterly,SUCCESS,,1,Approved,0,2026-06-16 13:34:38.959140
PAY000850,CUST5011,23179,Credit Card,Monthly,SUCCESS,,2,Approved,0,2026-06-22 07:26:38.959140
PAY000851,CUST3131,11198,UPI,Quarterly,SUCCESS,,3,Approved,0,2026-03-19 00:51:38.959140
PAY000852,CUST7987,1752,Net Banking,Monthly,FAILED,Insufficient Funds,0,Approved,1,2026-05-18 15:12:38.959140
PAY000853,CUST6826,19522,Debit Card,Quarterly,SUCCESS,,3,Approved,0,2026-06-29 23:57:38.959140
PAY000854,CUST3159,23459,UPI,Annual,FAILED,UPI Failure,0,Blocked,1,2026-08-24 18:56:38.959140
PAY000855,CUST8625,15027,Net Banking,Monthly,SUCCESS,,2,Approved,0,2026-07-12 09:45:38.959140
PAY000856,CUST4004,4808,Debit Card,Quarterly,FAILED,User Cancelled,2,Processing Error,0,2026-08-22 23:35:38.959140
PAY000857,CUST2849,1090,Debit Card,Quarterly,SUCCESS,,0,Approved,0,2026-06-04 08:00:38.959140
PAY000858,CUST6711,5695,Wallet,Annual,SUCCESS,,2,Approved,0,2026-07-27 14:25:38.959140
PAY000859,CUST2752,3471,Debit Card,Annual,SUCCESS,,3,Approved,0,2026-08-05 15:10:38.959140
PAY000860,CUST7773,9998,Credit Card,Annual,SUCCESS,,3,Approved,0,2026-05-21 18:25:38.959140
PAY000861,CUST2082,5309,Debit Card,Monthly,SUCCESS,,3,Approved,0,2026-05-18 16:09:38.959140
PAY000862,CUST6606,19463,Wallet,Annual,FAILED,Invalid CVV,3,Blocked,0,2026-07-30 13:57:38.959140
PAY000863,CUST8972,21811,UPI,Annual,SUCCESS,,0,Approved,0,2026-07-22 09:34:38.959140
PAY000864,CUST8294,10760,Credit Card,Quarterly,SUCCESS,,0,Approved,0,2026-08-06 10:42:38.959140
PAY000865,CUST9098,2379,UPI,Monthly,FAILED,Invalid CVV,0,Timeout,0,2026-07-12 14:15:38.959140
PAY000866,CUST3403,4651,Credit Card,Quarterly,SUCCESS,,0,Approved,0,2026-07-25 14:57:38.959140
PAY000867,CUST4369,12877,Debit Card,Quarterly,SUCCESS,,3,Approved,0,2026-04-14 10:06:38.959140
PAY000868,CUST8122,22366,Debit Card,Monthly,SUCCESS,,2,Approved,0,2026-08-24 00:13:38.959140
PAY000869,CUST3089,20136,Debit Card,Monthly,SUCCESS,,3,Approved,0,2026-08-11 02:36:38.959140
PAY000870,CUST6885,18084,UPI,Quarterly,SUCCESS,,0,Approved,0,2026-03-09 22:55:38.959140
PAY000871,CUST7271,7807,Net Banking,Quarterly,FAILED,Invalid CVV,3,Timeout,0,2026-07-15 15:17:38.959140
PAY000872,CUST3278,7020,Credit Card,Annual,SUCCESS,,1,Approved,0,2026-06-04 05:58:38.959140
PAY000873,CUST5726,11904,Credit Card,Monthly,SUCCESS,,3,Approved,0,2026-04-06 21:14:38.959140
PAY000874,CUST8974,21345,Net Banking,Monthly,SUCCESS,,0,Approved,0,2026-04-05 00:21:38.959140
PAY000875,CUST8471,21144,Wallet,Quarterly,SUCCESS,,3,Approved,0,2026-08-13 09:17:38.959140
PAY000876,CUST8373,14988,Net Banking,Quarterly,SUCCESS,,3,Approved,0,2026-06-18 07:10:38.959140
PAY000877,CUST9161,14017,Credit Card,Annual,SUCCESS,,0,Approved,0,2026-06-23 00:17:38.959140
PAY000878,CUST1620,13561,Wallet,Quarterly,SUCCESS,,2,Approved,0,2026-03-15 21:25:38.959140
PAY000879,CUST2311,3807,Credit Card,Annual,SUCCESS,,3,Approved,0,2026-07-13 12:03:38.959140
PAY000880,CUST9469,24694,UPI,Annual,SUCCESS,,2,Approved,0,2026-06-02 10:34:38.959140
PAY000881,CUST6119,2997,Wallet,Monthly,FAILED,Card Expired,1,Blocked,0,2026-06-03 19:24:38.959140
PAY000882,CUST8687,17630,Wallet,Annual,FAILED,UPI Failure,0,Blocked,1,2026-06-03 03:45:38.959140
PAY000883,CUST3744,11663,UPI,Annual,SUCCESS,,2,Approved,0,2026-05-01 10:48:38.959140
PAY000884,CUST8752,24656,Wallet,Monthly,FAILED,Fraud Suspected,2,Approved,0,2026-07-20 03:25:38.959140
PAY000885,CUST1447,21605,Debit Card,Quarterly,SUCCESS,,2,Approved,0,2026-08-04 01:21:38.959140
PAY000886,CUST5552,16666,Debit Card,Monthly,SUCCESS,,0,Approved,0,2026-08-11 19:15:38.959140
PAY000887,CUST2827,9117,Wallet,Monthly,SUCCESS,,2,Approved,0,2026-03-12 09:17:38.959140
PAY000888,CUST3873,24313,Debit Card,Annual,FAILED,UPI Failure,1,Timeout,1,2026-07-07 19:07:38.959140
PAY000889,CUST2382,6023,Credit Card,Annual,SUCCESS,,0,Approved,0,2026-05-11 05:09:38.959140
PAY000890,CUST4898,5150,Net Banking,Annual,FAILED,Invalid CVV,3,Processing Error,0,2026-07-24 20:05:38.959140
PAY000891,CUST5331,7008,UPI,Monthly,SUCCESS,,2,Approved,0,2026-03-19 16:35:38.959140
PAY000892,CUST8803,13165,Wallet,Monthly,SUCCESS,,3,Approved,0,2026-05-03 15:55:38.959140
PAY000893,CUST5302,23220,Credit Card,Annual,SUCCESS,,3,Approved,0,2026-06-04 04:44:38.959140
PAY000894,CUST6172,487,Wallet,Annual,FAILED,UPI Failure,2,Processing Error,1,2026-08-25 14:19:38.959140
PAY000895,CUST5466,3289,Debit Card,Quarterly,FAILED,Invalid CVV,2,Blocked,0,2026-08-10 11:46:38.959140
PAY000896,CUST7408,3319,Net Banking,Annual,SUCCESS,,2,Approved,0,2026-07-06 22:06:38.959140
PAY000897,CUST6528,24160,Credit Card,Quarterly,SUCCESS,,1,Approved,0,2026-06-12 10:56:38.959140
PAY000898,CUST2113,22145,UPI,Quarterly,SUCCESS,,0,Approved,0,2026-08-08 04:56:38.959140
PAY000899,CUST4594,3503,Debit Card,Quarterly,SUCCESS,,3,Approved,0,2026-05-12 19:01:38.959140
PAY000900,CUST4552,875,Wallet,Annual,SUCCESS,,0,Approved,0,2026-03-20 03:45:38.959140
PAY000901,CUST3128,4030,Net Banking,Annual,SUCCESS,,0,Approved,0,2026-08-12 17:04:38.959140
PAY000902,CUST5150,21329,Debit Card,Quarterly,FAILED,Card Expired,1,Declined,0,2026-08-19 21:55:38.959140
PAY000903,CUST5528,2580,Net Banking,Annual,SUCCESS,,3,Approved,0,2026-08-24 18:33:38.959140
PAY000904,CUST2022,10696,Net Banking,Quarterly,FAILED,Card Expired,2,Timeout,0,2026-04-08 06:52:38.959140
PAY000905,CUST5336,2067,Credit Card,Quarterly,SUCCESS,,2,Approved,0,2026-08-04 18:24:38.959140
PAY000906,CUST9061,6674,UPI,Monthly,SUCCESS,,3,Approved,0,2026-04-11 06:51:38.959140
PAY000907,CUST2740,14230,Net Banking,Annual,SUCCESS,,1,Approved,0,2026-06-29 13:41:38.959140
PAY000908,CUST5105,1241,Net Banking,Monthly,SUCCESS,,0,Approved,0,2026-03-22 14:52:38.959140
PAY000909,CUST5365,4976,Credit Card,Annual,FAILED,Insufficient Funds,0,Processing Error,1,2026-08-26 15:06:38.959140
PAY000910,CUST9039,12922,Net Banking,Quarterly,SUCCESS,,0,Approved,0,2026-06-11 14:58:38.959140
PAY000911,CUST4700,23946,UPI,Quarterly,SUCCESS,,0,Approved,0,2026-06-16 03:05:38.959140
PAY000912,CUST5961,15895,Net Banking,Monthly,FAILED,User Cancelled,0,Timeout,0,2026-06-21 01:33:38.959140
PAY000913,CUST9759,21302,Debit Card,Monthly,SUCCESS,,0,Approved,0,2026-05-15 07:29:38.959140
PAY000914,CUST4129,9600,Debit Card,Annual,FAILED,Insufficient Funds,1,Processing Error,1,2026-04-10 22:53:38.959140
PAY000915,CUST2390,3597,Net Banking,Annual,SUCCESS,,2,Approved,0,2026-06-06 08:47:38.959140
PAY000916,CUST4907,1268,Net Banking,Quarterly,SUCCESS,,1,Approved,0,2026-03-14 10:03:38.959140
PAY000917,CUST9748,17811,Net Banking,Monthly,SUCCESS,,2,Approved,0,2026-06-08 18:23:38.959140
PAY000918,CUST1701,1935,Net Banking,Monthly,SUCCESS,,2,Approved,0,2026-07-31 05:05:38.959140
PAY000919,CUST9791,21524,Credit Card,Annual,SUCCESS,,3,Approved,0,2026-08-27 22:32:38.959140
PAY000920,CUST3319,2459,Net Banking,Annual,SUCCESS,,0,Approved,0,2026-07-21 16:30:38.959140
PAY000921,CUST3138,20361,UPI,Monthly,SUCCESS,,0,Approved,0,2026-04-22 23:31:38.959140
PAY000922,CUST3796,10169,Wallet,Monthly,SUCCESS,,0,Approved,0,2026-05-31 20:20:38.959140
PAY000923,CUST4320,3583,Net Banking,Quarterly,FAILED,Network Error,0,Approved,1,2026-06-08 07:17:38.959140
PAY000924,CUST9943,24279,Credit Card,Quarterly,FAILED,Card Expired,3,Blocked,0,2026-05-07 19:50:38.959140
PAY000925,CUST2035,7086,UPI,Quarterly,FAILED,Bank Timeout,0,Timeout,1,2026-06-25 18:27:38.959140
PAY000926,CUST7060,13702,Wallet,Monthly,SUCCESS,,1,Approved,0,2026-07-14 13:23:38.959140
PAY000927,CUST2637,19169,Wallet,Quarterly,SUCCESS,,0,Approved,0,2026-04-03 01:56:38.959140
PAY000928,CUST3939,611,UPI,Annual,FAILED,Insufficient Funds,3,Approved,1,2026-03-24 11:54:38.959140
PAY000929,CUST8798,9396,Credit Card,Monthly,SUCCESS,,3,Approved,0,2026-07-14 01:11:38.959140
PAY000930,CUST4919,8977,Credit Card,Annual,SUCCESS,,3,Approved,0,2026-05-23 19:25:38.959140
PAY000931,CUST9190,19637,Wallet,Monthly,SUCCESS,,1,Approved,0,2026-07-18 08:43:38.959140
PAY000932,CUST1074,9968,Wallet,Monthly,SUCCESS,,2,Approved,0,2026-05-25 00:56:38.959140
PAY000933,CUST6929,17472,Wallet,Annual,SUCCESS,,0,Approved,0,2026-06-30 11:20:38.959140
PAY000934,CUST1869,20626,Credit Card,Monthly,SUCCESS,,1,Approved,0,2026-04-29 02:57:38.959140
PAY000935,CUST1706,22553,UPI,Annual,FAILED,Bank Timeout,3,Declined,1,2026-06-08 08:54:38.959140
PAY000936,CUST6477,6966,Wallet,Quarterly,SUCCESS,,3,Approved,0,2026-04-24 13:32:38.959140
PAY000937,CUST9804,24360,Credit Card,Monthly,SUCCESS,,0,Approved,0,2026-08-25 04:00:38.959140
PAY000938,CUST6340,15993,Net Banking,Monthly,FAILED,Network Error,0,Processing Error,1,2026-03-22 16:49:38.959140
PAY000939,CUST2804,10771,Debit Card,Monthly,SUCCESS,,1,Approved,0,2026-07-29 14:37:38.959140
PAY000940,CUST4276,24273,Net Banking,Monthly,SUCCESS,,3,Approved,0,2026-08-15 03:49:38.959140
PAY000941,CUST8141,19271,Credit Card,Monthly,SUCCESS,,3,Approved,0,2026-03-19 16:38:38.959140
PAY000942,CUST8499,15008,Credit Card,Annual,FAILED,User Cancelled,1,Declined,0,2026-05-19 07:30:38.959140
PAY000943,CUST3084,8936,UPI,Annual,SUCCESS,,1,Approved,0,2026-05-09 22:45:38.959140
PAY000944,CUST8627,9293,Net Banking,Quarterly,SUCCESS,,1,Approved,0,2026-03-30 00:40:38.959140
PAY000945,CUST5835,11357,Wallet,Monthly,SUCCESS,,1,Approved,0,2026-08-18 04:00:38.959140
PAY000946,CUST7745,21004,Wallet,Quarterly,FAILED,Network Error,1,Approved,1,2026-06-23 01:05:38.959140
PAY000947,CUST1237,7191,Net Banking,Annual,FAILED,UPI Failure,3,Timeout,1,2026-08-09 04:05:38.959140
PAY000948,CUST3440,8219,Wallet,Monthly,FAILED,Network Error,2,Blocked,1,2026-05-27 20:29:38.959140
PAY000949,CUST9261,1548,UPI,Quarterly,SUCCESS,,0,Approved,0,2026-06-03 11:32:38.959140
PAY000950,CUST9114,15803,Credit Card,Monthly,SUCCESS,,0,Approved,0,2026-05-31 03:58:38.959140
PAY000951,CUST4571,506,Credit Card,Quarterly,SUCCESS,,3,Approved,0,2026-08-29 17:33:38.959140
PAY000952,CUST8860,21320,Debit Card,Monthly,SUCCESS,,0,Approved,0,2026-03-12 16:49:38.959140
PAY000953,CUST8598,18789,Credit Card,Annual,SUCCESS,,0,Approved,0,2026-05-31 14:27:38.959140
PAY000954,CUST1022,12236,UPI,Quarterly,SUCCESS,,3,Approved,0,2026-07-15 22:37:38.959140
PAY000955,CUST9887,11007,Wallet,Monthly,FAILED,Invalid CVV,0,Timeout,0,2026-05-02 19:03:38.959140
PAY000956,CUST6963,2751,UPI,Monthly,FAILED,Insufficient Funds,2,Blocked,1,2026-07-21 17:49:38.959140
PAY000957,CUST7003,15347,Credit Card,Annual,SUCCESS,,0,Approved,0,2026-05-15 08:26:38.959140
PAY000958,CUST6487,2294,Credit Card,Annual,SUCCESS,,1,Approved,0,2026-04-03 23:56:38.959140
PAY000959,CUST4693,15778,Debit Card,Quarterly,SUCCESS,,1,Approved,0,2026-07-24 21:53:38.959140
PAY000960,CUST7108,16599,Debit Card,Quarterly,FAILED,Insufficient Funds,3,Approved,1,2026-04-29 06:05:38.959140
PAY000961,CUST9714,17357,Wallet,Quarterly,SUCCESS,,0,Approved,0,2026-06-03 09:24:38.959140
PAY000962,CUST8501,12162,UPI,Monthly,SUCCESS,,0,Approved,0,2026-04-13 02:09:38.959140
PAY000963,CUST2791,5958,Credit Card,Quarterly,SUCCESS,,2,Approved,0,2026-03-23 19:25:38.959140
PAY000964,CUST4346,4947,Wallet,Annual,SUCCESS,,3,Approved,0,2026-04-06 04:46:38.959140
PAY000965,CUST6680,13748,Net Banking,Quarterly,SUCCESS,,1,Approved,0,2026-06-04 01:45:38.959140
PAY000966,CUST2031,802,UPI,Monthly,SUCCESS,,2,Approved,0,2026-04-13 05:15:38.959140
PAY000967,CUST8965,17125,Wallet,Annual,FAILED,User Cancelled,2,Timeout,0,2026-05-23 17:56:38.959140
PAY000968,CUST5982,18071,Wallet,Monthly,SUCCESS,,3,Approved,0,2026-06-01 04:17:38.959140
PAY000969,CUST8933,10142,Debit Card,Quarterly,FAILED,Fraud Suspected,1,Declined,0,2026-07-31 11:35:38.959140
PAY000970,CUST3725,1649,Wallet,Monthly,FAILED,Fraud Suspected,1,Processing Error,0,2026-05-13 02:02:38.959140
PAY000971,CUST3514,9445,Credit Card,Monthly,SUCCESS,,1,Approved,0,2026-04-10 17:23:38.959140
PAY000972,CUST5266,10474,Debit Card,Monthly,SUCCESS,,1,Approved,0,2026-05-29 01:30:38.959140
PAY000973,CUST6192,23270,Debit Card,Monthly,SUCCESS,,0,Approved,0,2026-07-08 23:04:38.959140
PAY000974,CUST5940,17789,UPI,Monthly,SUCCESS,,1,Approved,0,2026-06-14 22:45:38.959140
PAY000975,CUST8504,16463,Debit Card,Monthly,SUCCESS,,1,Approved,0,2026-08-29 08:11:38.959140
PAY000976,CUST5842,24298,Net Banking,Quarterly,SUCCESS,,2,Approved,0,2026-07-05 15:05:38.959140
PAY000977,CUST2840,24811,Net Banking,Monthly,FAILED,UPI Failure,1,Timeout,1,2026-08-02 08:38:38.959140
PAY000978,CUST1406,18152,Net Banking,Annual,SUCCESS,,0,Approved,0,2026-05-04 21:15:38.959140
PAY000979,CUST4197,14712,Wallet,Annual,FAILED,User Cancelled,2,Approved,0,2026-03-26 15:17:38.959140
PAY000980,CUST2369,9206,Wallet,Quarterly,SUCCESS,,1,Approved,0,2026-03-13 21:44:38.959140
PAY000981,CUST9035,2962,Debit Card,Annual,SUCCESS,,3,Approved,0,2026-04-14 04:47:38.959140
PAY000982,CUST3423,1935,Net Banking,Quarterly,SUCCESS,,2,Approved,0,2026-05-21 04:11:38.959140
PAY000983,CUST6756,498,Debit Card,Quarterly,SUCCESS,,2,Approved,0,2026-05-11 14:12:38.959140
PAY000984,CUST8249,2969,Debit Card,Monthly,FAILED,UPI Failure,1,Processing Error,1,2026-07-20 07:16:38.959140
PAY000985,CUST4404,13987,Debit Card,Quarterly,FAILED,Card Expired,3,Declined,0,2026-04-04 05:00:38.959140
PAY000986,CUST1108,17312,Net Banking,Annual,FAILED,Invalid CVV,2,Approved,0,2026-03-21 20:05:38.959140
PAY000987,CUST3243,13681,Credit Card,Monthly,FAILED,UPI Failure,1,Blocked,1,2026-06-18 23:37:38.959140
PAY000988,CUST5979,9584,Net Banking,Annual,FAILED,Fraud Suspected,3,Blocked,0,2026-03-17 11:45:38.959140
PAY000989,CUST1040,7456,Credit Card,Quarterly,SUCCESS,,0,Approved,0,2026-07-31 20:07:38.959140
PAY000990,CUST5713,21088,Net Banking,Monthly,SUCCESS,,3,Approved,0,2026-04-01 09:46:38.959140
PAY000991,CUST2955,22638,Debit Card,Quarterly,SUCCESS,,1,Approved,0,2026-03-14 23:30:38.959140
PAY000992,CUST8144,2285,Debit Card,Annual,FAILED,UPI Failure,2,Blocked,1,2026-06-23 13:56:38.959140
PAY000993,CUST9397,22848,Wallet,Monthly,SUCCESS,,0,Approved,0,2026-05-16 17:46:38.959140
PAY000994,CUST3219,5435,Debit Card,Monthly,FAILED,User Cancelled,0,Processing Error,0,2026-04-05 09:42:38.959140
PAY000995,CUST6832,11933,UPI,Quarterly,SUCCESS,,3,Approved,0,2026-07-03 15:02:38.959140
PAY000996,CUST4175,21035,Credit Card,Monthly,SUCCESS,,0,Approved,0,2026-06-11 08:21:38.959140
PAY000997,CUST6180,5575,Debit Card,Quarterly,SUCCESS,,2,Approved,0,2026-08-15 14:59:38.959140
PAY000998,CUST9755,22654,Wallet,Quarterly,SUCCESS,,2,Approved,0,2026-03-27 05:56:38.959140
PAY000999,CUST8944,521,Net Banking,Quarterly,FAILED,Fraud Suspected,1,Timeout,0,2026-06-12 03:09:38.959140
PAY001000,CUST4622,5441,Credit Card,Annual,FAILED,Bank Timeout,0,Blocked,1,2026-04-18 11:08:38.959140
PAY001001,CUST8544,17323,UPI,Monthly,SUCCESS,,0,Approved,0,2026-05-24 18:38:38.959140
PAY001002,CUST3277,668,Net Banking,Annual,FAILED,Fraud Suspected,3,Timeout,0,2026-05-12 04:35:38.959140
PAY001003,CUST5991,11307,UPI,Annual,SUCCESS,,1,Approved,0,2026-07-17 00:48:38.959140
PAY001004,CUST6036,7385,Credit Card,Monthly,FAILED,Bank Timeout,1,Declined,1,2026-08-12 18:42:38.959140
PAY001005,CUST2830,2674,UPI,Monthly,SUCCESS,,3,Approved,0,2026-07-13 13:27:38.959140
PAY001006,CUST1537,24915,Wallet,Annual,FAILED,Network Error,3,Approved,1,2026-03-17 12:59:38.959140
PAY001007,CUST2085,3995,Debit Card,Annual,SUCCESS,,2,Approved,0,2026-03-17 16:19:38.959140
PAY001008,CUST4365,3261,Wallet,Monthly,SUCCESS,,0,Approved,0,2026-08-24 07:12:38.959140
PAY001009,CUST3384,11618,Debit Card,Annual,SUCCESS,,0,Approved,0,2026-03-26 07:51:38.959140
PAY001010,CUST2119,5360,UPI,Annual,SUCCESS,,1,Approved,0,2026-06-09 17:12:38.959140
PAY001011,CUST3814,17427,Wallet,Monthly,FAILED,Network Error,1,Timeout,1,2026-07-18 02:39:38.959140
PAY001012,CUST4033,3332,Net Banking,Annual,FAILED,UPI Failure,1,Timeout,1,2026-08-24 08:51:38.959140
PAY001013,CUST9425,6025,Credit Card,Quarterly,FAILED,Invalid CVV,2,Declined,0,2026-05-17 21:47:38.959140
PAY001014,CUST2807,10397,Wallet,Monthly,SUCCESS,,0,Approved,0,2026-06-02 14:47:38.959140
PAY001015,CUST1665,11936,UPI,Quarterly,SUCCESS,,2,Approved,0,2026-06-19 05:22:38.959140
PAY001016,CUST6111,12707,Net Banking,Monthly,SUCCESS,,2,Approved,0,2026-05-31 23:39:38.959140
PAY001017,CUST2140,9621,Net Banking,Annual,SUCCESS,,3,Approved,0,2026-04-13 04:02:38.959140
PAY001018,CUST2723,517,Net Banking,Quarterly,SUCCESS,,3,Approved,0,2026-07-10 03:39:38.959140
PAY001019,CUST3348,22267,Net Banking,Quarterly,SUCCESS,,0,Approved,0,2026-03-31 12:06:38.959140
PAY001020,CUST6959,3432,Credit Card,Quarterly,SUCCESS,,1,Approved,0,2026-03-21 13:57:38.959140
PAY001021,CUST7958,13346,Net Banking,Quarterly,SUCCESS,,0,Approved,0,2026-04-21 04:39:38.959140
PAY001022,CUST8795,19167,Wallet,Quarterly,FAILED,Invalid CVV,2,Timeout,0,2026-07-25 11:34:38.959140
PAY001023,CUST3001,16857,Debit Card,Quarterly,FAILED,UPI Failure,2,Approved,1,2026-04-05 15:07:38.959140
PAY001024,CUST2631,20689,UPI,Monthly,SUCCESS,,1,Approved,0,2026-03-15 05:05:38.959140
PAY001025,CUST6356,975,Credit Card,Quarterly,SUCCESS,,1,Approved,0,2026-05-18 10:58:38.959140
PAY001026,CUST9518,3255,Net Banking,Quarterly,SUCCESS,,0,Approved,0,2026-07-08 03:32:38.959140
PAY001027,CUST9270,21794,Debit Card,Annual,SUCCESS,,3,Approved,0,2026-06-07 01:10:38.959140
PAY001028,CUST1517,17811,Net Banking,Monthly,SUCCESS,,0,Approved,0,2026-08-30 05:07:38.959140
PAY001029,CUST8531,10406,UPI,Monthly,SUCCESS,,3,Approved,0,2026-05-29 08:47:38.959140
PAY001030,CUST3689,21706,Net Banking,Quarterly,SUCCESS,,2,Approved,0,2026-08-17 20:32:38.959140
PAY001031,CUST2792,23551,Wallet,Annual,SUCCESS,,3,Approved,0,2026-06-06 12:57:38.959140
PAY001032,CUST3560,18245,Wallet,Monthly,SUCCESS,,3,Approved,0,2026-06-04 10:31:38.959140
PAY001033,CUST6779,16309,Debit Card,Quarterly,SUCCESS,,3,Approved,0,2026-06-30 02:41:38.959140
PAY001034,CUST7003,19447,Debit Card,Annual,SUCCESS,,0,Approved,0,2026-04-02 03:20:38.959140
PAY001035,CUST2594,20584,Net Banking,Quarterly,SUCCESS,,2,Approved,0,2026-05-18 01:59:38.959140
PAY001036,CUST4844,13597,Debit Card,Annual,FAILED,Network Error,2,Declined,1,2026-03-20 01:51:38.959140
PAY001037,CUST5995,22643,UPI,Quarterly,SUCCESS,,0,Approved,0,2026-08-14 23:41:38.959140
PAY001038,CUST8551,17741,Net Banking,Annual,SUCCESS,,2,Approved,0,2026-03-16 14:32:38.959140
PAY001039,CUST8695,13899,Wallet,Monthly,SUCCESS,,2,Approved,0,2026-03-13 12:22:38.959140
PAY001040,CUST2639,12476,Credit Card,Quarterly,FAILED,Card Expired,3,Processing Error,0,2026-05-07 11:54:38.959140
PAY001041,CUST5907,21967,Debit Card,Quarterly,SUCCESS,,2,Approved,0,2026-04-09 03:14:38.959140
PAY001042,CUST9779,20921,Credit Card,Quarterly,SUCCESS,,0,Approved,0,2026-08-09 18:54:38.959140
PAY001043,CUST4700,9841,Wallet,Annual,SUCCESS,,3,Approved,0,2026-08-03 06:35:38.959140
PAY001044,CUST2102,23616,Wallet,Annual,FAILED,User Cancelled,0,Timeout,0,2026-06-25 13:07:38.959140
PAY001045,CUST2256,6971,Debit Card,Annual,SUCCESS,,2,Approved,0,2026-08-01 15:29:38.959140
PAY001046,CUST5116,14284,Wallet,Annual,FAILED,Invalid CVV,2,Processing Error,0,2026-04-15 05:22:38.959140
PAY001047,CUST1304,18041,Wallet,Monthly,SUCCESS,,1,Approved,0,2026-08-17 03:55:38.959140
PAY001048,CUST9728,7077,Wallet,Quarterly,SUCCESS,,3,Approved,0,2026-04-27 13:51:38.959140
PAY001049,CUST8577,23908,Credit Card,Monthly,FAILED,Network Error,0,Timeout,1,2026-06-12 21:03:38.959140
PAY001050,CUST8133,22555,Net Banking,Quarterly,SUCCESS,,2,Approved,0,2026-08-10 11:15:38.959140
PAY001051,CUST5702,2210,Credit Card,Quarterly,FAILED,Invalid CVV,1,Timeout,0,2026-08-10 19:19:38.959140
PAY001052,CUST2860,7836,Credit Card,Monthly,SUCCESS,,3,Approved,0,2026-04-22 05:10:38.959140
PAY001053,CUST8145,10274,Net Banking,Annual,SUCCESS,,3,Approved,0,2026-06-06 03:54:38.959140
PAY001054,CUST5233,6717,Debit Card,Annual,FAILED,Bank Timeout,1,Approved,1,2026-04-28 10:43:38.959140
PAY001055,CUST8960,21211,UPI,Monthly,SUCCESS,,0,Approved,0,2026-07-19 07:46:38.959140
PAY001056,CUST7668,2849,Debit Card,Annual,FAILED,Fraud Suspected,2,Approved,0,2026-06-27 07:39:38.959140
PAY001057,CUST3302,3058,Credit Card,Monthly,SUCCESS,,3,Approved,0,2026-08-28 11:58:38.959140
PAY001058,CUST9605,16491,Debit Card,Quarterly,SUCCESS,,0,Approved,0,2026-06-12 19:42:38.959140
PAY001059,CUST7388,7900,Credit Card,Quarterly,FAILED,User Cancelled,0,Timeout,0,2026-07-28 13:21:38.959140
PAY001060,CUST5498,3599,Net Banking,Quarterly,SUCCESS,,1,Approved,0,2026-04-17 18:41:38.959140
PAY001061,CUST9740,19415,Debit Card,Annual,SUCCESS,,0,Approved,0,2026-06-07 01:38:38.959140
PAY001062,CUST3374,10469,Debit Card,Quarterly,FAILED,Network Error,3,Timeout,1,2026-06-04 05:54:38.959140
PAY001063,CUST1570,10197,UPI,Annual,SUCCESS,,0,Approved,0,2026-07-05 07:01:38.959140
PAY001064,CUST6945,22105,UPI,Annual,FAILED,Invalid CVV,1,Timeout,0,2026-04-24 20:31:38.959140
PAY001065,CUST5929,14595,UPI,Monthly,FAILED,Invalid CVV,3,Timeout,0,2026-03-11 05:36:38.959140
PAY001066,CUST6196,5349,Net Banking,Monthly,SUCCESS,,3,Approved,0,2026-07-02 17:39:38.959140
PAY001067,CUST7765,2723,Debit Card,Annual,SUCCESS,,3,Approved,0,2026-06-03 13:27:38.959140
PAY001068,CUST5275,3388,Wallet,Monthly,SUCCESS,,1,Approved,0,2026-07-14 22:56:38.959140
PAY001069,CUST1448,19829,UPI,Annual,SUCCESS,,2,Approved,0,2026-05-31 07:33:38.959140
PAY001070,CUST3229,20747,UPI,Quarterly,SUCCESS,,3,Approved,0,2026-07-31 19:14:38.959140
PAY001071,CUST2347,10111,UPI,Monthly,SUCCESS,,2,Approved,0,2026-06-22 14:58:38.959140
PAY001072,CUST7722,23481,Debit Card,Quarterly,SUCCESS,,1,Approved,0,2026-08-10 23:39:38.959140
PAY001073,CUST3842,24189,Wallet,Quarterly,SUCCESS,,1,Approved,0,2026-04-26 06:09:38.959140
PAY001074,CUST7447,6608,Net Banking,Annual,FAILED,User Cancelled,0,Declined,0,2026-05-24 06:11:38.959140
PAY001075,CUST2457,851,Net Banking,Monthly,SUCCESS,,1,Approved,0,2026-08-21 21:17:38.959140
PAY001076,CUST8027,5628,Wallet,Quarterly,SUCCESS,,0,Approved,0,2026-05-21 19:22:38.959140
PAY001077,CUST2922,12155,UPI,Annual,SUCCESS,,1,Approved,0,2026-08-29 05:48:38.959140
PAY001078,CUST4677,14966,Credit Card,Monthly,SUCCESS,,3,Approved,0,2026-03-31 09:01:38.959140
PAY001079,CUST3133,8821,Net Banking,Monthly,FAILED,UPI Failure,2,Processing Error,1,2026-07-23 16:29:38.959140
PAY001080,CUST3955,9371,Net Banking,Monthly,SUCCESS,,1,Approved,0,2026-05-24 22:56:38.959140
PAY001081,CUST8388,8677,Credit Card,Quarterly,SUCCESS,,1,Approved,0,2026-06-30 05:55:38.959140
PAY001082,CUST1169,21307,Net Banking,Monthly,SUCCESS,,3,Approved,0,2026-03-25 09:49:38.959140
PAY001083,CUST7935,22807,Wallet,Quarterly,FAILED,Network Error,3,Processing Error,1,2026-07-12 20:08:38.959140
PAY001084,CUST6453,18350,Credit Card,Quarterly,SUCCESS,,0,Approved,0,2026-03-19 06:55:38.959140
PAY001085,CUST7241,19968,Debit Card,Quarterly,FAILED,Fraud Suspected,0,Blocked,0,2026-03-10 18:39:38.959140
PAY001086,CUST3938,4432,Debit Card,Monthly,SUCCESS,,0,Approved,0,2026-06-23 11:25:38.959140
PAY001087,CUST2468,11213,Debit Card,Annual,SUCCESS,,3,Approved,0,2026-04-02 19:35:38.959140
PAY001088,CUST6132,4745,UPI,Monthly,SUCCESS,,2,Approved,0,2026-03-31 01:43:38.959140
PAY001089,CUST8046,9306,Debit Card,Quarterly,SUCCESS,,2,Approved,0,2026-08-25 10:01:38.959140
PAY001090,CUST3703,8741,Debit Card,Annual,SUCCESS,,2,Approved,0,2026-05-28 03:09:38.959140
PAY001091,CUST1894,5055,Credit Card,Monthly,FAILED,Network Error,3,Declined,1,2026-03-19 11:45:38.959140
PAY001092,CUST8653,8626,Net Banking,Monthly,SUCCESS,,1,Approved,0,2026-07-16 07:37:38.959140
PAY001093,CUST8949,16316,Net Banking,Quarterly,FAILED,User Cancelled,0,Blocked,0,2026-05-29 04:15:38.959140
PAY001094,CUST6727,23684,UPI,Monthly,SUCCESS,,1,Approved,0,2026-04-01 07:29:38.959140
PAY001095,CUST4479,6018,Wallet,Monthly,FAILED,Fraud Suspected,1,Blocked,0,2026-07-24 07:45:38.959140
PAY001096,CUST2258,18802,Credit Card,Quarterly,SUCCESS,,1,Approved,0,2026-05-24 14:35:38.959140
PAY001097,CUST2998,10868,Net Banking,Quarterly,SUCCESS,,0,Approved,0,2026-04-30 13:16:38.959140
PAY001098,CUST1473,3574,UPI,Quarterly,SUCCESS,,2,Approved,0,2026-04-06 19:05:38.959140
PAY001099,CUST1095,21710,Debit Card,Monthly,FAILED,Fraud Suspected,3,Blocked,0,2026-05-31 11:01:38.959140
PAY001100,CUST3118,14946,Credit Card,Monthly,SUCCESS,,2,Approved,0,2026-08-29 06:34:38.959140
PAY001101,CUST9964,9370,Wallet,Quarterly,FAILED,Insufficient Funds,2,Approved,1,2026-08-02 02:23:38.959140
PAY001102,CUST7535,8460,UPI,Monthly,SUCCESS,,1,Approved,0,2026-04-22 12:09:38.959140
PAY001103,CUST3525,5438,UPI,Quarterly,FAILED,Invalid CVV,3,Timeout,0,2026-07-29 16:53:38.959140
PAY001104,CUST3151,14266,Debit Card,Annual,SUCCESS,,2,Approved,0,2026-08-21 07:42:38.959140
PAY001105,CUST8298,12139,Net Banking,Quarterly,SUCCESS,,1,Approved,0,2026-06-06 22:25:38.959140
PAY001106,CUST7922,19770,Debit Card,Annual,SUCCESS,,3,Approved,0,2026-03-26 05:25:38.959140
PAY001107,CUST1662,20765,Wallet,Quarterly,SUCCESS,,3,Approved,0,2026-03-26 17:19:38.959140
PAY001108,CUST9638,22264,Wallet,Monthly,FAILED,Bank Timeout,1,Processing Error,1,2026-07-05 16:41:38.959140
PAY001109,CUST8825,14430,Debit Card,Monthly,SUCCESS,,0,Approved,0,2026-08-21 22:53:38.959140
PAY001110,CUST8007,22522,Debit Card,Annual,FAILED,Network Error,2,Blocked,1,2026-08-09 23:58:38.959140
PAY001111,CUST2763,2606,Wallet,Quarterly,SUCCESS,,0,Approved,0,2026-06-11 06:22:38.959140
PAY001112,CUST5175,15324,Wallet,Monthly,SUCCESS,,2,Approved,0,2026-05-13 12:15:38.959140
PAY001113,CUST3985,632,Net Banking,Monthly,FAILED,UPI Failure,0,Declined,1,2026-07-22 14:35:38.959140
PAY001114,CUST8454,23180,Net Banking,Annual,SUCCESS,,2,Approved,0,2026-05-05 22:53:38.959140
PAY001115,CUST5248,11283,UPI,Quarterly,FAILED,Bank Timeout,1,Approved,1,2026-04-17 05:24:38.959140
PAY001116,CUST1217,290,Credit Card,Annual,SUCCESS,,3,Approved,0,2026-03-31 01:00:38.959140
PAY001117,CUST8974,22768,Debit Card,Annual,SUCCESS,,3,Approved,0,2026-08-14 22:59:38.959140
PAY001118,CUST2435,20308,Credit Card,Monthly,FAILED,Invalid CVV,2,Timeout,0,2026-07-13 12:46:38.959140
PAY001119,CUST4083,3766,UPI,Monthly,SUCCESS,,0,Approved,0,2026-07-14 12:14:38.959140
PAY001120,CUST9824,4855,Credit Card,Monthly,SUCCESS,,1,Approved,0,2026-05-28 03:13:38.959140
PAY001121,CUST7912,15284,UPI,Monthly,SUCCESS,,1,Approved,0,2026-06-04 02:07:38.959140
PAY001122,CUST8724,5093,UPI,Quarterly,SUCCESS,,3,Approved,0,2026-06-06 02:26:38.959140
PAY001123,CUST7418,6696,UPI,Quarterly,SUCCESS,,2,Approved,0,2026-06-21 11:06:38.959140
PAY001124,CUST9121,20756,Wallet,Annual,SUCCESS,,3,Approved,0,2026-05-24 11:23:38.959140
PAY001125,CUST7548,9627,Net Banking,Annual,SUCCESS,,0,Approved,0,2026-06-06 13:08:38.959140
PAY001126,CUST1994,20136,Wallet,Monthly,SUCCESS,,3,Approved,0,2026-04-21 00:26:38.959140
PAY001127,CUST7834,10448,Net Banking,Monthly,SUCCESS,,0,Approved,0,2026-04-27 13:28:38.959140
PAY001128,CUST8147,21273,UPI,Monthly,SUCCESS,,2,Approved,0,2026-05-30 09:59:38.959140
PAY001129,CUST8178,6397,Credit Card,Annual,SUCCESS,,3,Approved,0,2026-05-11 09:31:38.959140
PAY001130,CUST8675,22544,Credit Card,Quarterly,SUCCESS,,2,Approved,0,2026-08-24 14:21:38.959140
PAY001131,CUST6902,12890,Net Banking,Monthly,SUCCESS,,3,Approved,0,2026-08-08 11:01:38.959140
PAY001132,CUST8911,9354,Credit Card,Monthly,SUCCESS,,0,Approved,0,2026-07-09 05:38:38.959140
PAY001133,CUST7815,19948,Net Banking,Quarterly,SUCCESS,,3,Approved,0,2026-03-28 04:05:38.959140
PAY001134,CUST6878,18345,Debit Card,Quarterly,SUCCESS,,0,Approved,0,2026-03-13 02:26:38.959140
PAY001135,CUST2043,5824,Debit Card,Quarterly,SUCCESS,,0,Approved,0,2026-08-03 16:15:38.959140
PAY001136,CUST4671,7527,Net Banking,Quarterly,SUCCESS,,0,Approved,0,2026-06-20 02:34:38.959140
PAY001137,CUST9444,11739,Wallet,Annual,FAILED,Fraud Suspected,0,Declined,0,2026-07-27 23:49:38.959140
PAY001138,CUST8489,1751,UPI,Monthly,SUCCESS,,3,Approved,0,2026-08-02 06:03:38.959140
PAY001139,CUST2727,20076,Credit Card,Annual,FAILED,Insufficient Funds,0,Blocked,1,2026-08-06 17:38:38.959140
PAY001140,CUST5786,6829,Net Banking,Annual,SUCCESS,,2,Approved,0,2026-04-07 09:19:38.959140
PAY001141,CUST6959,3352,Debit Card,Monthly,SUCCESS,,1,Approved,0,2026-07-05 14:25:38.959140
PAY001142,CUST1107,6714,Credit Card,Quarterly,SUCCESS,,3,Approved,0,2026-05-24 11:40:38.959140
PAY001143,CUST5358,16647,Debit Card,Annual,SUCCESS,,1,Approved,0,2026-03-25 07:37:38.959140
PAY001144,CUST3260,11916,Net Banking,Quarterly,FAILED,Invalid CVV,1,Declined,0,2026-04-06 09:37:38.959140
PAY001145,CUST3385,15131,UPI,Annual,FAILED,Insufficient Funds,2,Processing Error,1,2026-08-28 14:29:38.959140
PAY001146,CUST3692,2379,Net Banking,Monthly,FAILED,User Cancelled,0,Processing Error,0,2026-05-10 09:18:38.959140
PAY001147,CUST1947,1314,Wallet,Quarterly,SUCCESS,,1,Approved,0,2026-08-21 02:21:38.959140
PAY001148,CUST6139,22409,Debit Card,Monthly,SUCCESS,,2,Approved,0,2026-07-19 03:44:38.959140
PAY001149,CUST4360,17393,Wallet,Annual,FAILED,Invalid CVV,1,Processing Error,0,2026-07-15 06:52:38.959140
PAY001150,CUST4232,21464,Debit Card,Monthly,FAILED,User Cancelled,3,Processing Error,0,2026-07-14 18:31:38.959140
PAY001151,CUST3064,11059,Wallet,Annual,SUCCESS,,3,Approved,0,2026-07-19 19:14:38.959140
PAY001152,CUST6582,3140,Credit Card,Monthly,SUCCESS,,2,Approved,0,2026-06-12 16:59:38.959140
PAY001153,CUST5979,17791,Net Banking,Annual,SUCCESS,,2,Approved,0,2026-04-22 17:39:38.959140
PAY001154,CUST9314,2063,Debit Card,Monthly,SUCCESS,,2,Approved,0,2026-04-26 02:07:38.959140
PAY001155,CUST5881,21429,Wallet,Annual,SUCCESS,,0,Approved,0,2026-05-30 11:47:38.959140
PAY001156,CUST9737,11206,Wallet,Monthly,SUCCESS,,1,Approved,0,2026-08-03 10:01:38.959140
PAY001157,CUST7187,9422,Wallet,Annual,SUCCESS,,1,Approved,0,2026-07-17 20:16:38.959140
PAY001158,CUST6919,10841,Net Banking,Monthly,SUCCESS,,1,Approved,0,2026-08-06 14:17:38.959140
PAY001159,CUST2511,14048,UPI,Quarterly,SUCCESS,,3,Approved,0,2026-03-24 17:15:38.959140
PAY001160,CUST9622,15704,Net Banking,Annual,FAILED,Card Expired,1,Timeout,0,2026-05-30 00:33:38.959140
PAY001161,CUST9172,13035,Net Banking,Quarterly,SUCCESS,,2,Approved,0,2026-06-24 04:05:38.959140
PAY001162,CUST3668,16140,Credit Card,Annual,SUCCESS,,3,Approved,0,2026-08-06 18:31:38.959140
PAY001163,CUST9408,23401,Wallet,Monthly,SUCCESS,,3,Approved,0,2026-04-02 08:31:38.959140
PAY001164,CUST3569,15022,Wallet,Quarterly,SUCCESS,,3,Approved,0,2026-03-15 17:41:38.959140
PAY001165,CUST5744,3990,UPI,Annual,FAILED,Card Expired,3,Timeout,0,2026-03-29 21:17:38.959140
PAY001166,CUST5968,12271,Debit Card,Quarterly,SUCCESS,,2,Approved,0,2026-05-16 23:16:38.959140
PAY001167,CUST7910,4780,UPI,Quarterly,SUCCESS,,1,Approved,0,2026-07-30 11:40:38.959140
PAY001168,CUST3004,7163,Wallet,Quarterly,FAILED,UPI Failure,1,Approved,1,2026-08-05 22:02:38.959140
PAY001169,CUST6074,1563,Wallet,Quarterly,SUCCESS,,3,Approved,0,2026-06-05 09:31:38.959140
PAY001170,CUST9270,12462,Net Banking,Quarterly,FAILED,Bank Timeout,3,Declined,1,2026-08-08 17:02:38.959140
PAY001171,CUST7711,4980,Net Banking,Monthly,SUCCESS,,2,Approved,0,2026-03-26 01:27:38.959140
PAY001172,CUST2450,11207,Credit Card,Annual,FAILED,UPI Failure,0,Timeout,1,2026-07-09 20:26:38.959140
PAY001173,CUST3028,20746,Wallet,Monthly,SUCCESS,,2,Approved,0,2026-06-19 22:28:38.959140
PAY001174,CUST9548,20372,Credit Card,Quarterly,SUCCESS,,0,Approved,0,2026-06-21 14:40:38.959140
PAY001175,CUST9713,710,Credit Card,Monthly,SUCCESS,,0,Approved,0,2026-07-07 15:11:38.959140
PAY001176,CUST8278,6842,UPI,Annual,SUCCESS,,1,Approved,0,2026-08-07 20:12:38.959140
PAY001177,CUST1381,13265,Debit Card,Quarterly,SUCCESS,,0,Approved,0,2026-06-07 06:30:38.959140
PAY001178,CUST5213,887,UPI,Monthly,SUCCESS,,2,Approved,0,2026-05-18 08:15:38.959140
PAY001179,CUST5187,17852,UPI,Monthly,FAILED,Bank Timeout,1,Declined,1,2026-04-30 17:57:38.959140
PAY001180,CUST6329,13444,Credit Card,Monthly,SUCCESS,,1,Approved,0,2026-03-20 12:37:38.959140
PAY001181,CUST6243,9864,Credit Card,Quarterly,SUCCESS,,3,Approved,0,2026-03-27 18:39:38.959140
PAY001182,CUST4318,8550,Credit Card,Annual,FAILED,Card Expired,3,Approved,0,2026-08-28 05:02:38.959140
PAY001183,CUST2885,16252,Debit Card,Monthly,SUCCESS,,3,Approved,0,2026-08-29 15:02:38.959140
PAY001184,CUST8932,18223,UPI,Quarterly,SUCCESS,,3,Approved,0,2026-03-21 17:13:38.959140
PAY001185,CUST2663,709,Credit Card,Annual,SUCCESS,,2,Approved,0,2026-06-18 16:01:38.959140
PAY001186,CUST7664,4213,Net Banking,Monthly,SUCCESS,,2,Approved,0,2026-06-21 05:56:38.959140
PAY001187,CUST9854,16497,Credit Card,Monthly,FAILED,Bank Timeout,1,Timeout,1,2026-07-30 07:41:38.959140
PAY001188,CUST1016,13984,Net Banking,Annual,SUCCESS,,3,Approved,0,2026-03-17 09:49:38.959140
PAY001189,CUST8900,5583,Debit Card,Annual,SUCCESS,,0,Approved,0,2026-03-20 18:08:38.959140
PAY001190,CUST4485,22381,Wallet,Annual,SUCCESS,,3,Approved,0,2026-05-12 18:36:38.959140
PAY001191,CUST2469,5388,Net Banking,Annual,SUCCESS,,0,Approved,0,2026-05-03 12:44:38.959140
PAY001192,CUST8077,4675,Credit Card,Annual,SUCCESS,,2,Approved,0,2026-08-16 16:29:38.959140
PAY001193,CUST5282,10529,Net Banking,Quarterly,SUCCESS,,2,Approved,0,2026-07-03 10:19:38.959140
PAY001194,CUST8533,10638,Wallet,Quarterly,SUCCESS,,2,Approved,0,2026-04-17 03:27:38.959140
PAY001195,CUST1033,22769,Wallet,Quarterly,SUCCESS,,1,Approved,0,2026-07-05 11:35:38.959140
PAY001196,CUST9011,412,Net Banking,Annual,SUCCESS,,1,Approved,0,2026-05-24 00:22:38.959140
PAY001197,CUST1507,21368,Net Banking,Annual,SUCCESS,,0,Approved,0,2026-06-15 20:37:38.959140
PAY001198,CUST3903,12432,UPI,Monthly,SUCCESS,,2,Approved,0,2026-05-19 04:58:38.959140
PAY001199,CUST4629,6422,UPI,Quarterly,SUCCESS,,3,Approved,0,2026-03-11 12:08:38.959140
PAY001200,CUST2474,23337,Wallet,Annual,SUCCESS,,2,Approved,0,2026-04-13 15:57:38.959140
PAY001201,CUST9090,23620,Debit Card,Monthly,SUCCESS,,1,Approved,0,2026-04-21 10:43:38.959140
PAY001202,CUST4212,23169,Net Banking,Monthly,SUCCESS,,1,Approved,0,2026-03-11 02:24:38.959140
PAY001203,CUST3875,18747,UPI,Annual,FAILED,Network Error,3,Blocked,1,2026-04-09 20:03:38.959140
PAY001204,CUST4734,2230,Wallet,Annual,SUCCESS,,1,Approved,0,2026-04-26 01:32:38.959140
PAY001205,CUST8437,6385,UPI,Quarterly,FAILED,Fraud Suspected,0,Blocked,0,2026-07-13 22:56:38.959140
PAY001206,CUST6292,21399,Net Banking,Quarterly,SUCCESS,,0,Approved,0,2026-08-12 05:48:38.959140
PAY001207,CUST6922,22386,Wallet,Monthly,SUCCESS,,3,Approved,0,2026-06-08 00:25:38.959140
PAY001208,CUST8354,7456,Debit Card,Monthly,FAILED,Invalid CVV,0,Blocked,0,2026-04-29 09:32:38.959140
PAY001209,CUST1415,11066,Credit Card,Annual,SUCCESS,,0,Approved,0,2026-08-17 00:26:38.959140
PAY001210,CUST3694,2538,Debit Card,Quarterly,SUCCESS,,1,Approved,0,2026-04-14 15:24:38.959140
PAY001211,CUST8863,20588,Net Banking,Monthly,SUCCESS,,0,Approved,0,2026-03-14 21:00:38.959140
PAY001212,CUST5102,20621,Credit Card,Monthly,SUCCESS,,2,Approved,0,2026-08-09 19:28:38.959140
PAY001213,CUST6465,11266,Wallet,Monthly,SUCCESS,,0,Approved,0,2026-08-06 09:00:38.959140
PAY001214,CUST3045,19758,UPI,Monthly,FAILED,Card Expired,3,Processing Error,0,2026-07-26 21:37:38.959140
PAY001215,CUST2015,12465,Net Banking,Monthly,FAILED,Card Expired,2,Declined,0,2026-08-18 20:04:38.959140
PAY001216,CUST2668,20617,UPI,Annual,SUCCESS,,3,Approved,0,2026-03-21 18:40:38.959140
PAY001217,CUST7735,12598,Credit Card,Annual,SUCCESS,,3,Approved,0,2026-03-27 05:55:38.959140
PAY001218,CUST8014,20546,Wallet,Annual,FAILED,Invalid CVV,0,Processing Error,0,2026-05-31 08:13:38.959140
PAY001219,CUST9474,21428,Debit Card,Annual,SUCCESS,,0,Approved,0,2026-05-31 11:07:38.959140
PAY001220,CUST2106,3463,Wallet,Monthly,SUCCESS,,0,Approved,0,2026-06-26 03:35:38.959140
PAY001221,CUST8284,4227,Credit Card,Monthly,FAILED,Invalid CVV,2,Processing Error,0,2026-05-13 11:57:38.959140
PAY001222,CUST6106,1543,Wallet,Quarterly,SUCCESS,,0,Approved,0,2026-04-02 01:04:38.959140
PAY001223,CUST9866,21454,Credit Card,Monthly,SUCCESS,,2,Approved,0,2026-05-05 10:50:38.959140
PAY001224,CUST7042,19868,UPI,Annual,SUCCESS,,2,Approved,0,2026-05-01 18:54:38.959140
PAY001225,CUST4889,22325,Wallet,Annual,SUCCESS,,1,Approved,0,2026-03-20 05:39:38.959140
PAY001226,CUST2120,13929,Debit Card,Monthly,FAILED,Network Error,2,Declined,1,2026-04-14 08:58:38.959140
PAY001227,CUST6425,22865,Wallet,Annual,SUCCESS,,3,Approved,0,2026-06-26 23:38:38.959140
PAY001228,CUST2717,20287,Net Banking,Monthly,FAILED,User Cancelled,2,Declined,0,2026-05-25 00:32:38.959140
PAY001229,CUST4772,220,Net Banking,Annual,SUCCESS,,1,Approved,0,2026-07-13 23:57:38.959140
PAY001230,CUST7158,15852,Credit Card,Quarterly,SUCCESS,,2,Approved,0,2026-08-03 18:15:38.959140
PAY001231,CUST2208,319,Debit Card,Monthly,SUCCESS,,2,Approved,0,2026-03-11 14:27:38.959140
PAY001232,CUST4185,4765,Wallet,Quarterly,SUCCESS,,2,Approved,0,2026-05-28 23:24:38.959140
PAY001233,CUST5654,1071,Credit Card,Monthly,SUCCESS,,1,Approved,0,2026-04-14 19:32:38.959140
PAY001234,CUST4211,23653,UPI,Monthly,FAILED,Network Error,1,Declined,1,2026-05-10 15:55:38.959140
PAY001235,CUST2818,3414,Debit Card,Monthly,FAILED,Bank Timeout,0,Processing Error,1,2026-08-08 03:52:38.959140
PAY001236,CUST7100,7968,Credit Card,Annual,SUCCESS,,2,Approved,0,2026-08-04 03:56:38.959140
PAY001237,CUST3366,20520,Credit Card,Monthly,FAILED,Card Expired,3,Approved,0,2026-08-16 16:58:38.959140
PAY001238,CUST8037,12491,Credit Card,Monthly,SUCCESS,,2,Approved,0,2026-05-06 16:23:38.959140
PAY001239,CUST6368,19344,Credit Card,Monthly,FAILED,Fraud Suspected,1,Declined,0,2026-08-12 08:19:38.959140
PAY001240,CUST9327,9276,Wallet,Quarterly,SUCCESS,,1,Approved,0,2026-08-11 19:30:38.959140
PAY001241,CUST2062,2766,Credit Card,Annual,SUCCESS,,3,Approved,0,2026-07-31 19:09:38.959140
PAY001242,CUST9501,21236,Net Banking,Monthly,SUCCESS,,2,Approved,0,2026-06-08 13:35:38.959140
PAY001243,CUST9106,12350,Net Banking,Quarterly,SUCCESS,,3,Approved,0,2026-07-18 01:57:38.959140
PAY001244,CUST4596,21008,Credit Card,Quarterly,SUCCESS,,0,Approved,0,2026-04-16 12:30:38.959140
PAY001245,CUST3575,13071,Debit Card,Quarterly,FAILED,Invalid CVV,1,Processing Error,0,2026-05-04 12:09:38.959140
PAY001246,CUST8282,4500,Wallet,Quarterly,SUCCESS,,0,Approved,0,2026-05-02 12:19:38.959140
PAY001247,CUST6511,1447,Net Banking,Quarterly,SUCCESS,,3,Approved,0,2026-06-11 01:20:38.959140
PAY001248,CUST9151,13499,Debit Card,Quarterly,SUCCESS,,2,Approved,0,2026-08-03 06:10:38.959140
PAY001249,CUST5351,5983,UPI,Quarterly,SUCCESS,,3,Approved,0,2026-04-21 08:40:38.959140
PAY001250,CUST2612,9749,UPI,Monthly,FAILED,Fraud Suspected,0,Declined,0,2026-07-30 20:45:38.959140
PAY001251,CUST4221,17991,Debit Card,Quarterly,SUCCESS,,1,Approved,0,2026-05-09 13:26:38.959140
PAY001252,CUST3258,22497,Wallet,Quarterly,SUCCESS,,2,Approved,0,2026-04-13 12:09:38.959140
PAY001253,CUST6679,9912,Net Banking,Quarterly,SUCCESS,,2,Approved,0,2026-08-06 11:57:38.959140
PAY001254,CUST4728,24930,Credit Card,Annual,FAILED,Bank Timeout,0,Processing Error,1,2026-06-03 17:27:38.959140
PAY001255,CUST8679,15645,Net Banking,Quarterly,SUCCESS,,1,Approved,0,2026-06-11 16:54:38.959140
PAY001256,CUST8187,10357,Net Banking,Annual,FAILED,Invalid CVV,1,Declined,0,2026-05-26 20:39:38.959140
PAY001257,CUST1158,4652,Net Banking,Annual,SUCCESS,,1,Approved,0,2026-05-04 10:17:38.959140
PAY001258,CUST9808,11234,Debit Card,Quarterly,FAILED,Invalid CVV,1,Processing Error,0,2026-05-25 02:30:38.959140
PAY001259,CUST3279,18697,Credit Card,Quarterly,SUCCESS,,0,Approved,0,2026-08-24 16:08:38.959140
PAY001260,CUST4345,19858,Net Banking,Monthly,SUCCESS,,3,Approved,0,2026-05-18 05:14:38.959140
PAY001261,CUST6387,6270,Wallet,Quarterly,SUCCESS,,3,Approved,0,2026-03-29 13:52:38.959140
PAY001262,CUST2709,10081,Wallet,Monthly,SUCCESS,,0,Approved,0,2026-04-10 00:11:38.959140
PAY001263,CUST4058,22676,Credit Card,Monthly,SUCCESS,,3,Approved,0,2026-03-14 16:29:38.959140
PAY001264,CUST9591,12743,UPI,Quarterly,FAILED,Network Error,2,Timeout,1,2026-04-16 06:47:38.959140
PAY001265,CUST6353,17090,Net Banking,Quarterly,SUCCESS,,0,Approved,0,2026-04-10 01:57:38.959140
PAY001266,CUST7855,3727,Net Banking,Annual,SUCCESS,,1,Approved,0,2026-06-15 11:01:38.959140
PAY001267,CUST4369,6864,Debit Card,Quarterly,SUCCESS,,1,Approved,0,2026-08-15 06:17:38.959140
PAY001268,CUST4325,21882,Wallet,Annual,FAILED,Fraud Suspected,3,Blocked,0,2026-04-07 16:57:38.959140
PAY001269,CUST3337,9124,Net Banking,Monthly,SUCCESS,,1,Approved,0,2026-03-11 03:45:38.959140
PAY001270,CUST9043,19918,Net Banking,Quarterly,FAILED,User Cancelled,1,Blocked,0,2026-06-13 12:44:38.959140
PAY001271,CUST8476,24258,Debit Card,Annual,SUCCESS,,0,Approved,0,2026-05-01 05:08:38.959140
PAY001272,CUST5081,9845,Credit Card,Annual,FAILED,Bank Timeout,3,Processing Error,1,2026-06-29 09:35:38.959140
PAY001273,CUST4005,15101,Wallet,Monthly,SUCCESS,,3,Approved,0,2026-08-22 14:43:38.959140
PAY001274,CUST3587,1529,Debit Card,Annual,SUCCESS,,1,Approved,0,2026-08-18 00:13:38.959140
PAY001275,CUST4559,21944,Net Banking,Quarterly,SUCCESS,,0,Approved,0,2026-07-14 21:02:38.959140
PAY001276,CUST9264,18213,Debit Card,Quarterly,FAILED,Card Expired,0,Approved,0,2026-05-15 22:14:38.959140
PAY001277,CUST1731,8381,Net Banking,Monthly,SUCCESS,,1,Approved,0,2026-06-09 22:15:38.959140
PAY001278,CUST6630,22855,Net Banking,Monthly,SUCCESS,,3,Approved,0,2026-05-18 04:31:38.959140
PAY001279,CUST3236,450,Debit Card,Annual,SUCCESS,,2,Approved,0,2026-03-30 16:17:38.959140
PAY001280,CUST2352,15983,Wallet,Annual,SUCCESS,,3,Approved,0,2026-03-22 05:21:38.959140
PAY001281,CUST5573,14442,Credit Card,Monthly,SUCCESS,,1,Approved,0,2026-06-03 12:08:38.959140
PAY001282,CUST9759,19988,Net Banking,Monthly,FAILED,Fraud Suspected,0,Approved,0,2026-04-11 01:35:38.959140
PAY001283,CUST8219,466,Debit Card,Monthly,SUCCESS,,2,Approved,0,2026-04-06 17:52:38.959140
PAY001284,CUST1782,1227,Wallet,Annual,SUCCESS,,1,Approved,0,2026-05-29 06:36:38.959140
PAY001285,CUST6051,21727,Net Banking,Monthly,SUCCESS,,0,Approved,0,2026-05-19 21:52:38.959140
PAY001286,CUST4305,1693,Credit Card,Quarterly,SUCCESS,,3,Approved,0,2026-07-27 10:48:38.959140
PAY001287,CUST1238,6652,Debit Card,Monthly,FAILED,Invalid CVV,0,Approved,0,2026-03-12 17:18:38.959140
PAY001288,CUST2582,2169,Credit Card,Annual,SUCCESS,,1,Approved,0,2026-08-17 09:59:38.959140
PAY001289,CUST6359,13720,Debit Card,Annual,SUCCESS,,0,Approved,0,2026-08-05 06:45:38.959140
PAY001290,CUST9875,20568,Net Banking,Quarterly,SUCCESS,,1,Approved,0,2026-08-26 21:22:38.959140
PAY001291,CUST6298,7104,Credit Card,Monthly,SUCCESS,,0,Approved,0,2026-05-13 17:08:38.959140
PAY001292,CUST4485,10461,Net Banking,Monthly,SUCCESS,,0,Approved,0,2026-05-19 15:36:38.959140
PAY001293,CUST2103,9223,Credit Card,Quarterly,SUCCESS,,2,Approved,0,2026-03-17 19:12:38.959140
PAY001294,CUST9784,19722,Wallet,Monthly,SUCCESS,,3,Approved,0,2026-03-28 08:03:38.959140
PAY001295,CUST7366,3203,Credit Card,Quarterly,SUCCESS,,2,Approved,0,2026-07-02 15:33:38.959140
PAY001296,CUST8899,22631,UPI,Quarterly,SUCCESS,,2,Approved,0,2026-08-11 19:43:38.959140
PAY001297,CUST9372,19269,Credit Card,Annual,SUCCESS,,3,Approved,0,2026-05-18 09:50:38.959140
PAY001298,CUST3032,534,Debit Card,Monthly,SUCCESS,,1,Approved,0,2026-03-13 15:54:38.959140
PAY001299,CUST2300,24912,UPI,Monthly,SUCCESS,,1,Approved,0,2026-06-30 15:01:38.959140
PAY001300,CUST7156,9818,Credit Card,Annual,SUCCESS,,1,Approved,0,2026-04-06 09:53:38.959140
PAY001301,CUST6385,23865,Credit Card,Quarterly,SUCCESS,,3,Approved,0,2026-07-22 09:05:38.959140
PAY001302,CUST5726,1396,UPI,Monthly,SUCCESS,,3,Approved,0,2026-07-05 18:35:38.959140
PAY001303,CUST1885,10954,Credit Card,Annual,FAILED,Network Error,2,Blocked,1,2026-04-22 21:38:38.959140
PAY001304,CUST6269,7388,Credit Card,Quarterly,SUCCESS,,3,Approved,0,2026-06-12 17:34:38.959140
PAY001305,CUST4153,2216,UPI,Annual,SUCCESS,,3,Approved,0,2026-03-22 13:00:38.959140
PAY001306,CUST9992,6790,Credit Card,Monthly,FAILED,Bank Timeout,1,Blocked,1,2026-03-26 12:08:38.959140
PAY001307,CUST3689,14066,Credit Card,Monthly,SUCCESS,,3,Approved,0,2026-05-05 12:02:38.959140
PAY001308,CUST5675,19951,Wallet,Quarterly,SUCCESS,,1,Approved,0,2026-05-03 23:30:38.959140
PAY001309,CUST6891,6698,Net Banking,Quarterly,FAILED,UPI Failure,2,Approved,1,2026-08-13 19:13:38.959140
PAY001310,CUST8101,14562,Credit Card,Quarterly,SUCCESS,,3,Approved,0,2026-06-09 18:53:38.959140
PAY001311,CUST2363,12597,Debit Card,Annual,SUCCESS,,3,Approved,0,2026-08-12 06:36:38.959140
PAY001312,CUST7233,18214,Net Banking,Quarterly,SUCCESS,,1,Approved,0,2026-04-25 15:21:38.959140
PAY001313,CUST6459,12391,Credit Card,Annual,SUCCESS,,3,Approved,0,2026-03-22 21:32:38.959140
PAY001314,CUST1210,5169,Wallet,Annual,SUCCESS,,1,Approved,0,2026-03-10 13:29:38.959140
PAY001315,CUST7812,16202,Net Banking,Annual,SUCCESS,,3,Approved,0,2026-08-25 07:38:38.959140
PAY001316,CUST2167,16140,Net Banking,Monthly,SUCCESS,,2,Approved,0,2026-07-04 12:01:38.959140
PAY001317,CUST8148,4177,Debit Card,Annual,FAILED,Bank Timeout,3,Declined,1,2026-08-26 11:46:38.959140
PAY001318,CUST7032,23335,UPI,Annual,SUCCESS,,3,Approved,0,2026-07-03 09:30:38.959140
PAY001319,CUST8827,13993,UPI,Quarterly,SUCCESS,,1,Approved,0,2026-04-22 22:05:38.959140
PAY001320,CUST3422,22264,Debit Card,Annual,SUCCESS,,0,Approved,0,2026-07-14 18:31:38.959140
PAY001321,CUST5053,22416,Wallet,Annual,SUCCESS,,1,Approved,0,2026-04-25 02:14:38.959140
PAY001322,CUST7515,5388,Wallet,Monthly,FAILED,Card Expired,0,Processing Error,0,2026-03-31 01:14:38.959140
PAY001323,CUST7993,6286,Debit Card,Annual,SUCCESS,,3,Approved,0,2026-04-08 23:43:38.959140
PAY001324,CUST6045,17570,Net Banking,Annual,SUCCESS,,3,Approved,0,2026-06-24 11:51:38.959140
PAY001325,CUST4432,3679,Net Banking,Annual,FAILED,Bank Timeout,2,Timeout,1,2026-08-05 00:38:38.959140
PAY001326,CUST2587,5617,UPI,Annual,SUCCESS,,3,Approved,0,2026-03-10 02:07:38.959140
PAY001327,CUST8060,13758,Credit Card,Monthly,SUCCESS,,2,Approved,0,2026-07-21 05:56:38.959140
PAY001328,CUST8970,23169,Credit Card,Annual,SUCCESS,,1,Approved,0,2026-04-14 20:23:38.959140
PAY001329,CUST3993,14866,Credit Card,Quarterly,FAILED,Network Error,1,Approved,1,2026-04-12 14:17:38.959140
PAY001330,CUST2307,13494,Debit Card,Monthly,FAILED,Card Expired,3,Declined,0,2026-07-01 21:55:38.959140
PAY001331,CUST1486,9167,Wallet,Monthly,SUCCESS,,0,Approved,0,2026-05-11 02:07:38.959140
PAY001332,CUST2000,22145,Debit Card,Monthly,SUCCESS,,0,Approved,0,2026-03-11 12:46:38.959140
PAY001333,CUST9557,1470,UPI,Quarterly,SUCCESS,,0,Approved,0,2026-04-17 05:24:38.959140
PAY001334,CUST6521,8809,Wallet,Quarterly,SUCCESS,,3,Approved,0,2026-06-03 22:48:38.959140
PAY001335,CUST4925,22442,Debit Card,Annual,SUCCESS,,2,Approved,0,2026-05-06 04:28:38.959140
PAY001336,CUST6410,20113,UPI,Monthly,SUCCESS,,0,Approved,0,2026-05-13 14:44:38.959140
PAY001337,CUST3275,22981,UPI,Annual,SUCCESS,,3,Approved,0,2026-07-19 19:46:38.959140
PAY001338,CUST5072,17486,Debit Card,Quarterly,SUCCESS,,2,Approved,0,2026-08-29 22:29:38.959140
PAY001339,CUST7768,21689,Credit Card,Monthly,SUCCESS,,3,Approved,0,2026-06-11 12:55:38.959140
PAY001340,CUST6333,10656,Net Banking,Monthly,FAILED,User Cancelled,0,Approved,0,2026-07-03 04:14:38.959140
PAY001341,CUST8010,13211,Net Banking,Annual,SUCCESS,,0,Approved,0,2026-05-12 05:07:38.959140
PAY001342,CUST9520,3390,Wallet,Annual,FAILED,Network Error,3,Declined,1,2026-05-02 07:08:38.959140
PAY001343,CUST2426,4288,Debit Card,Annual,SUCCESS,,3,Approved,0,2026-08-01 20:35:38.959140
PAY001344,CUST8899,15395,Wallet,Monthly,FAILED,UPI Failure,1,Approved,1,2026-08-19 23:42:38.959140
PAY001345,CUST8125,5683,UPI,Monthly,SUCCESS,,0,Approved,0,2026-03-29 00:02:38.959140
PAY001346,CUST5220,10797,Net Banking,Annual,FAILED,Fraud Suspected,3,Declined,0,2026-07-27 07:17:38.959140
PAY001347,CUST6452,4547,Credit Card,Annual,SUCCESS,,3,Approved,0,2026-03-26 06:22:38.959140
PAY001348,CUST7252,19782,Wallet,Quarterly,FAILED,User Cancelled,0,Processing Error,0,2026-07-05 00:51:38.959140
PAY001349,CUST2824,7424,UPI,Quarterly,FAILED,Fraud Suspected,2,Approved,0,2026-03-30 20:41:38.959140
PAY001350,CUST7025,6264,Credit Card,Quarterly,SUCCESS,,0,Approved,0,2026-06-22 02:00:38.959140
PAY001351,CUST9775,19003,Credit Card,Quarterly,FAILED,Insufficient Funds,0,Blocked,1,2026-05-05 09:08:38.959140
PAY001352,CUST4639,10573,UPI,Quarterly,FAILED,Bank Timeout,2,Blocked,1,2026-08-01 23:38:38.959140
PAY001353,CUST5863,15192,Credit Card,Quarterly,SUCCESS,,2,Approved,0,2026-04-05 03:26:38.959140
PAY001354,CUST1562,4929,Wallet,Quarterly,SUCCESS,,2,Approved,0,2026-04-05 08:33:38.959140
PAY001355,CUST8836,22663,Credit Card,Quarterly,SUCCESS,,0,Approved,0,2026-04-28 13:57:38.959140
PAY001356,CUST6458,12442,Credit Card,Annual,SUCCESS,,0,Approved,0,2026-08-04 07:05:38.959140
PAY001357,CUST1861,24106,Credit Card,Quarterly,SUCCESS,,1,Approved,0,2026-07-15 07:21:38.959140
PAY001358,CUST9977,9899,Net Banking,Quarterly,SUCCESS,,1,Approved,0,2026-03-13 17:27:38.959140
PAY001359,CUST7412,15612,Net Banking,Monthly,SUCCESS,,2,Approved,0,2026-07-25 17:44:38.959140
PAY001360,CUST4196,9373,Wallet,Quarterly,SUCCESS,,2,Approved,0,2026-07-14 13:44:38.959140
PAY001361,CUST5981,10696,Net Banking,Annual,SUCCESS,,0,Approved,0,2026-08-11 12:06:38.959140
PAY001362,CUST8904,4606,Debit Card,Monthly,SUCCESS,,3,Approved,0,2026-07-14 11:54:38.959140
PAY001363,CUST1149,24621,Debit Card,Annual,SUCCESS,,1,Approved,0,2026-07-21 15:53:38.959140
PAY001364,CUST1922,3439,UPI,Quarterly,FAILED,Invalid CVV,1,Declined,0,2026-05-17 08:25:38.959140
PAY001365,CUST8107,5985,Credit Card,Annual,FAILED,User Cancelled,0,Blocked,0,2026-03-31 03:55:38.959140
PAY001366,CUST4946,8127,Net Banking,Quarterly,SUCCESS,,0,Approved,0,2026-03-31 10:17:38.959140
PAY001367,CUST7150,19633,UPI,Quarterly,SUCCESS,,1,Approved,0,2026-07-06 15:20:38.959140
PAY001368,CUST1190,21408,UPI,Monthly,FAILED,UPI Failure,3,Timeout,1,2026-04-28 21:40:38.959140
PAY001369,CUST8856,16129,Debit Card,Annual,SUCCESS,,1,Approved,0,2026-03-13 23:50:38.959140
PAY001370,CUST8932,19526,Net Banking,Quarterly,SUCCESS,,1,Approved,0,2026-05-18 16:46:38.959140
PAY001371,CUST9806,3357,Credit Card,Quarterly,SUCCESS,,2,Approved,0,2026-03-21 08:39:38.959140
PAY001372,CUST9501,746,Wallet,Annual,FAILED,UPI Failure,3,Approved,1,2026-06-19 00:41:38.959140
PAY001373,CUST4399,21453,UPI,Monthly,SUCCESS,,0,Approved,0,2026-07-24 23:21:38.959140
PAY001374,CUST3015,22879,UPI,Monthly,FAILED,UPI Failure,1,Timeout,1,2026-03-10 18:29:38.959140
PAY001375,CUST5206,21484,UPI,Monthly,SUCCESS,,1,Approved,0,2026-03-25 18:55:38.959140
PAY001376,CUST1001,16684,Credit Card,Quarterly,FAILED,Bank Timeout,2,Processing Error,1,2026-05-14 23:38:38.959140
PAY001377,CUST9750,17120,Net Banking,Monthly,SUCCESS,,2,Approved,0,2026-07-07 19:08:38.959140
PAY001378,CUST6769,22876,Wallet,Annual,SUCCESS,,2,Approved,0,2026-06-12 22:47:38.959140
PAY001379,CUST1732,22641,Credit Card,Monthly,SUCCESS,,0,Approved,0,2026-07-08 10:15:38.959140
PAY001380,CUST4539,9919,Wallet,Quarterly,SUCCESS,,1,Approved,0,2026-04-03 05:35:38.959140
PAY001381,CUST5177,23990,Debit Card,Quarterly,SUCCESS,,3,Approved,0,2026-03-23 08:06:38.959140
PAY001382,CUST2364,5450,Debit Card,Annual,SUCCESS,,3,Approved,0,2026-05-31 19:49:38.959140
PAY001383,CUST4338,22856,UPI,Annual,SUCCESS,,1,Approved,0,2026-06-15 08:38:38.959140
PAY001384,CUST7097,20845,Wallet,Annual,SUCCESS,,1,Approved,0,2026-07-17 20:41:38.959140
PAY001385,CUST3514,16857,Debit Card,Quarterly,SUCCESS,,1,Approved,0,2026-05-25 04:52:38.959140
PAY001386,CUST5425,19878,UPI,Annual,SUCCESS,,1,Approved,0,2026-03-23 21:56:38.959140
PAY001387,CUST6396,18067,UPI,Quarterly,SUCCESS,,3,Approved,0,2026-03-21 19:24:38.959140
PAY001388,CUST1161,9052,UPI,Quarterly,FAILED,Network Error,1,Timeout,1,2026-08-14 23:19:38.959140
PAY001389,CUST3879,7380,Wallet,Annual,FAILED,Card Expired,3,Approved,0,2026-08-30 01:38:38.959140
PAY001390,CUST5620,19393,Wallet,Quarterly,FAILED,User Cancelled,3,Blocked,0,2026-03-27 04:39:38.959140
PAY001391,CUST7382,1670,Credit Card,Quarterly,SUCCESS,,1,Approved,0,2026-05-06 16:34:38.959140
PAY001392,CUST1155,22309,Wallet,Annual,FAILED,Bank Timeout,3,Timeout,1,2026-06-04 14:40:38.959140
PAY001393,CUST5380,4239,UPI,Annual,SUCCESS,,1,Approved,0,2026-05-17 18:14:38.959140
PAY001394,CUST7852,12228,Net Banking,Monthly,SUCCESS,,1,Approved,0,2026-07-11 06:24:38.959140
PAY001395,CUST5699,11698,Debit Card,Quarterly,SUCCESS,,3,Approved,0,2026-06-09 05:30:38.959140
PAY001396,CUST2424,23641,Debit Card,Quarterly,SUCCESS,,1,Approved,0,2026-05-04 08:37:38.959140
PAY001397,CUST3705,3052,Wallet,Monthly,FAILED,Network Error,0,Approved,1,2026-03-23 18:18:38.959140
PAY001398,CUST1175,9465,Net Banking,Annual,SUCCESS,,3,Approved,0,2026-08-03 22:57:38.959140
PAY001399,CUST9156,24045,Wallet,Annual,SUCCESS,,1,Approved,0,2026-06-05 02:52:38.959140
PAY001400,CUST4115,17544,UPI,Annual,FAILED,Insufficient Funds,0,Blocked,1,2026-05-22 14:45:38.959140
PAY001401,CUST9652,17607,Wallet,Monthly,SUCCESS,,2,Approved,0,2026-04-23 06:16:38.959140
PAY001402,CUST2230,5621,Debit Card,Monthly,SUCCESS,,1,Approved,0,2026-04-10 15:00:38.959140
PAY001403,CUST7211,1767,Credit Card,Quarterly,SUCCESS,,3,Approved,0,2026-06-08 00:08:38.959140
PAY001404,CUST5901,11173,Net Banking,Quarterly,FAILED,Card Expired,1,Timeout,0,2026-08-08 05:06:38.959140
PAY001405,CUST5994,172,Wallet,Monthly,SUCCESS,,3,Approved,0,2026-04-18 09:20:38.959140
PAY001406,CUST8542,20341,Debit Card,Quarterly,FAILED,User Cancelled,3,Approved,0,2026-03-20 06:26:38.959140
PAY001407,CUST4050,267,Net Banking,Quarterly,SUCCESS,,2,Approved,0,2026-08-18 20:33:38.959140
PAY001408,CUST2388,14215,Wallet,Annual,SUCCESS,,3,Approved,0,2026-04-14 18:19:38.959140
PAY001409,CUST3549,13557,Debit Card,Monthly,FAILED,UPI Failure,0,Approved,1,2026-08-23 00:40:38.959140
PAY001410,CUST8017,12364,Credit Card,Annual,SUCCESS,,2,Approved,0,2026-05-15 03:44:38.959140
PAY001411,CUST3291,3660,Debit Card,Annual,FAILED,UPI Failure,3,Declined,1,2026-07-07 06:33:38.959140
PAY001412,CUST4105,11870,Debit Card,Monthly,SUCCESS,,1,Approved,0,2026-03-29 22:44:38.959140
PAY001413,CUST1517,13896,Credit Card,Annual,SUCCESS,,2,Approved,0,2026-08-20 19:45:38.959140
PAY001414,CUST7899,15804,Net Banking,Annual,SUCCESS,,2,Approved,0,2026-03-31 10:14:38.959140
PAY001415,CUST7551,22438,Wallet,Annual,SUCCESS,,1,Approved,0,2026-05-07 22:41:38.959140
PAY001416,CUST3066,12840,Credit Card,Quarterly,FAILED,Card Expired,1,Approved,0,2026-03-29 18:39:38.959140
PAY001417,CUST6605,22526,Net Banking,Annual,SUCCESS,,1,Approved,0,2026-03-19 06:35:38.959140
PAY001418,CUST5623,14331,Net Banking,Monthly,SUCCESS,,3,Approved,0,2026-05-01 11:55:38.959140
PAY001419,CUST5606,8217,UPI,Quarterly,FAILED,Bank Timeout,1,Declined,1,2026-07-20 13:22:38.959140
PAY001420,CUST9230,8204,Wallet,Monthly,FAILED,UPI Failure,3,Approved,1,2026-04-14 22:06:38.959140
PAY001421,CUST2973,19471,Credit Card,Quarterly,SUCCESS,,1,Approved,0,2026-04-20 13:25:38.959140
PAY001422,CUST1289,6396,Wallet,Monthly,SUCCESS,,1,Approved,0,2026-05-26 09:46:38.959140
PAY001423,CUST9601,1768,Debit Card,Annual,SUCCESS,,3,Approved,0,2026-05-22 22:44:38.959140
PAY001424,CUST7980,7682,Net Banking,Monthly,SUCCESS,,1,Approved,0,2026-05-10 00:01:38.959140
PAY001425,CUST2803,21197,Debit Card,Quarterly,SUCCESS,,0,Approved,0,2026-05-04 04:41:38.959140
PAY001426,CUST6240,11601,UPI,Monthly,SUCCESS,,3,Approved,0,2026-04-23 18:15:38.959140
PAY001427,CUST5674,1807,Net Banking,Quarterly,SUCCESS,,2,Approved,0,2026-04-17 09:22:38.959140
PAY001428,CUST6956,3400,Debit Card,Quarterly,FAILED,Fraud Suspected,3,Processing Error,0,2026-04-12 10:48:38.959140
PAY001429,CUST3134,22019,Debit Card,Quarterly,SUCCESS,,0,Approved,0,2026-07-12 03:08:38.959140
PAY001430,CUST5521,11940,Credit Card,Annual,SUCCESS,,2,Approved,0,2026-04-22 04:10:38.959140
PAY001431,CUST2971,3584,UPI,Annual,SUCCESS,,1,Approved,0,2026-07-02 09:49:38.959140
PAY001432,CUST2226,21540,Wallet,Annual,FAILED,UPI Failure,1,Approved,1,2026-04-13 22:08:38.959140
PAY001433,CUST4309,23867,Wallet,Annual,SUCCESS,,3,Approved,0,2026-07-26 08:02:38.959140
PAY001434,CUST5137,4287,Wallet,Quarterly,SUCCESS,,1,Approved,0,2026-05-24 22:25:38.959140
PAY001435,CUST8910,14794,Net Banking,Annual,FAILED,Invalid CVV,0,Approved,0,2026-08-22 14:47:38.959140
PAY001436,CUST5745,16609,UPI,Annual,FAILED,Fraud Suspected,0,Declined,0,2026-04-09 04:35:38.959140
PAY001437,CUST7512,22833,Net Banking,Annual,SUCCESS,,1,Approved,0,2026-07-22 15:28:38.959140
PAY001438,CUST8172,16924,Wallet,Quarterly,SUCCESS,,0,Approved,0,2026-04-08 22:23:38.959140
PAY001439,CUST5448,12886,Credit Card,Monthly,SUCCESS,,3,Approved,0,2026-06-28 08:12:38.959140
PAY001440,CUST1145,18838,Wallet,Quarterly,SUCCESS,,1,Approved,0,2026-06-25 14:12:38.959140
PAY001441,CUST4609,23710,Debit Card,Annual,SUCCESS,,2,Approved,0,2026-05-04 00:51:38.959140
PAY001442,CUST1747,4001,Wallet,Monthly,SUCCESS,,1,Approved,0,2026-04-19 13:35:38.959140
PAY001443,CUST5550,21057,Credit Card,Quarterly,SUCCESS,,1,Approved,0,2026-08-28 07:05:38.959140
PAY001444,CUST2903,1787,UPI,Annual,FAILED,Network Error,1,Blocked,1,2026-08-06 16:46:38.959140
PAY001445,CUST2363,19928,Wallet,Quarterly,SUCCESS,,2,Approved,0,2026-05-07 21:15:38.959140
PAY001446,CUST1938,13479,UPI,Quarterly,SUCCESS,,2,Approved,0,2026-05-07 21:35:38.959140
PAY001447,CUST1256,9263,Wallet,Annual,SUCCESS,,1,Approved,0,2026-04-25 09:39:38.959140
PAY001448,CUST4377,19211,Net Banking,Monthly,FAILED,Invalid CVV,0,Timeout,0,2026-07-19 08:19:38.959140
PAY001449,CUST8308,6781,Credit Card,Annual,SUCCESS,,3,Approved,0,2026-04-07 03:14:38.959140
PAY001450,CUST8848,12178,UPI,Quarterly,SUCCESS,,1,Approved,0,2026-08-21 00:51:38.959140
PAY001451,CUST9036,6161,Credit Card,Annual,SUCCESS,,1,Approved,0,2026-04-13 04:22:38.959140
PAY001452,CUST3911,10262,Net Banking,Annual,SUCCESS,,1,Approved,0,2026-08-17 22:57:38.959140
PAY001453,CUST7986,2374,Credit Card,Quarterly,SUCCESS,,1,Approved,0,2026-03-22 22:01:38.959140
PAY001454,CUST2633,13288,Net Banking,Quarterly,FAILED,Bank Timeout,0,Approved,1,2026-07-19 15:46:38.959140
PAY001455,CUST5068,543,UPI,Quarterly,SUCCESS,,0,Approved,0,2026-04-02 20:43:38.959140
PAY001456,CUST1153,20657,UPI,Annual,SUCCESS,,0,Approved,0,2026-08-01 01:17:38.959140
PAY001457,CUST3281,11187,Net Banking,Annual,SUCCESS,,0,Approved,0,2026-04-15 15:11:38.959140
PAY001458,CUST4994,5444,UPI,Annual,FAILED,UPI Failure,2,Declined,1,2026-05-09 04:41:38.959140
PAY001459,CUST1729,20660,UPI,Annual,SUCCESS,,0,Approved,0,2026-03-13 15:53:38.959140
PAY001460,CUST1019,16861,Credit Card,Monthly,SUCCESS,,3,Approved,0,2026-04-04 14:55:38.959140
PAY001461,CUST5699,12727,Credit Card,Annual,SUCCESS,,1,Approved,0,2026-05-13 02:52:38.959140
PAY001462,CUST3778,23523,UPI,Monthly,SUCCESS,,0,Approved,0,2026-06-07 08:01:38.959140
PAY001463,CUST6467,9333,UPI,Quarterly,SUCCESS,,2,Approved,0,2026-03-23 16:32:38.959140
PAY001464,CUST8022,2877,Wallet,Quarterly,FAILED,Bank Timeout,0,Declined,1,2026-06-27 20:21:38.959140
PAY001465,CUST5940,22362,Wallet,Quarterly,SUCCESS,,3,Approved,0,2026-04-06 03:33:38.959140
PAY001466,CUST9179,3504,Debit Card,Quarterly,SUCCESS,,2,Approved,0,2026-08-23 14:19:38.959140
PAY001467,CUST3401,23407,Debit Card,Monthly,FAILED,Insufficient Funds,0,Declined,1,2026-07-31 09:47:38.959140
PAY001468,CUST2102,23735,UPI,Annual,SUCCESS,,3,Approved,0,2026-08-05 02:29:38.959140
PAY001469,CUST2481,23911,Debit Card,Monthly,SUCCESS,,2,Approved,0,2026-04-05 03:17:38.959140
PAY001470,CUST9097,12715,Net Banking,Quarterly,SUCCESS,,2,Approved,0,2026-05-06 22:20:38.959140
PAY001471,CUST5028,13663,Net Banking,Quarterly,SUCCESS,,2,Approved,0,2026-04-03 23:07:38.959140
PAY001472,CUST9785,17752,Credit Card,Quarterly,SUCCESS,,3,Approved,0,2026-06-14 17:38:38.959140
PAY001473,CUST4593,23525,UPI,Monthly,SUCCESS,,3,Approved,0,2026-06-13 17:29:38.959140
PAY001474,CUST8764,6760,Credit Card,Monthly,SUCCESS,,0,Approved,0,2026-05-14 18:34:38.959140
PAY001475,CUST3283,11546,Debit Card,Quarterly,SUCCESS,,2,Approved,0,2026-08-11 07:29:38.959140
PAY001476,CUST4452,18170,Credit Card,Monthly,SUCCESS,,3,Approved,0,2026-04-22 22:43:38.959140
PAY001477,CUST1431,3940,Net Banking,Quarterly,SUCCESS,,1,Approved,0,2026-05-17 12:23:38.959140
PAY001478,CUST3591,3572,UPI,Monthly,SUCCESS,,0,Approved,0,2026-06-04 14:31:38.959140
PAY001479,CUST1204,2687,Wallet,Quarterly,SUCCESS,,1,Approved,0,2026-03-23 19:56:38.959140
PAY001480,CUST3295,6076,Wallet,Annual,SUCCESS,,3,Approved,0,2026-07-23 03:53:38.959140
PAY001481,CUST1216,15506,Debit Card,Monthly,FAILED,User Cancelled,3,Processing Error,0,2026-07-19 08:08:38.959140
PAY001482,CUST3843,21150,Wallet,Monthly,SUCCESS,,0,Approved,0,2026-06-27 18:54:38.959140
PAY001483,CUST5227,13980,Wallet,Annual,SUCCESS,,3,Approved,0,2026-06-18 16:22:38.959140
PAY001484,CUST3569,7547,Debit Card,Monthly,SUCCESS,,3,Approved,0,2026-08-26 08:48:38.959140
PAY001485,CUST1917,4199,Credit Card,Quarterly,SUCCESS,,1,Approved,0,2026-05-21 16:37:38.959140
PAY001486,CUST8674,24543,Net Banking,Quarterly,SUCCESS,,0,Approved,0,2026-08-05 10:49:38.959140
PAY001487,CUST1895,13373,Debit Card,Annual,SUCCESS,,3,Approved,0,2026-04-08 19:21:38.959140
PAY001488,CUST2274,8943,Debit Card,Annual,SUCCESS,,0,Approved,0,2026-03-28 19:21:38.959140
PAY001489,CUST9873,11091,UPI,Monthly,FAILED,Fraud Suspected,0,Declined,0,2026-04-22 09:45:38.959140
PAY001490,CUST4305,458,UPI,Monthly,SUCCESS,,2,Approved,0,2026-04-12 23:29:38.959140
PAY001491,CUST8926,18780,UPI,Monthly,SUCCESS,,0,Approved,0,2026-06-20 10:14:38.959140
PAY001492,CUST5626,10211,Net Banking,Annual,SUCCESS,,0,Approved,0,2026-05-13 17:27:38.959140
PAY001493,CUST6830,24735,Credit Card,Annual,SUCCESS,,3,Approved,0,2026-07-19 21:48:38.959140
PAY001494,CUST9250,10955,UPI,Annual,SUCCESS,,3,Approved,0,2026-08-20 00:09:38.959140
PAY001495,CUST1612,5020,Debit Card,Monthly,FAILED,Invalid CVV,0,Processing Error,0,2026-06-24 16:38:38.959140
PAY001496,CUST2528,15274,Credit Card,Monthly,SUCCESS,,0,Approved,0,2026-08-17 22:44:38.959140
PAY001497,CUST9459,21536,Wallet,Annual,FAILED,Bank Timeout,1,Blocked,1,2026-07-27 18:17:38.959140
PAY001498,CUST3149,11286,Debit Card,Quarterly,SUCCESS,,3,Approved,0,2026-07-30 18:29:38.959140
PAY001499,CUST7350,14218,Credit Card,Monthly,SUCCESS,,0,Approved,0,2026-08-18 22:40:38.959140
PAY001500,CUST1244,19985,Credit Card,Quarterly,FAILED,UPI Failure,0,Approved,1,2026-04-06 13:05:38.959140
PAY001501,CUST8451,2955,Debit Card,Monthly,SUCCESS,,3,Approved,0,2026-03-26 22:25:38.959140
PAY001502,CUST2461,5390,UPI,Monthly,FAILED,User Cancelled,0,Timeout,0,2026-04-29 19:05:38.959140
PAY001503,CUST5194,15196,Net Banking,Annual,SUCCESS,,2,Approved,0,2026-06-03 22:56:38.959140
PAY001504,CUST7568,4161,Net Banking,Annual,FAILED,User Cancelled,3,Timeout,0,2026-03-17 00:12:38.959140
PAY001505,CUST2367,4325,Net Banking,Annual,FAILED,User Cancelled,3,Timeout,0,2026-05-15 13:30:38.959140
PAY001506,CUST1934,22464,Credit Card,Annual,SUCCESS,,0,Approved,0,2026-06-30 18:44:38.959140
PAY001507,CUST7157,359,Credit Card,Annual,FAILED,Card Expired,1,Timeout,0,2026-08-12 02:18:38.959140
PAY001508,CUST8573,2490,UPI,Quarterly,SUCCESS,,1,Approved,0,2026-05-19 11:24:38.959140
PAY001509,CUST2406,21151,Credit Card,Annual,SUCCESS,,3,Approved,0,2026-03-29 15:58:38.959140
PAY001510,CUST7578,13106,Debit Card,Monthly,SUCCESS,,3,Approved,0,2026-04-15 02:44:38.959140
PAY001511,CUST8802,19902,UPI,Quarterly,SUCCESS,,3,Approved,0,2026-04-17 12:15:38.959140
PAY001512,CUST8699,17960,Credit Card,Annual,SUCCESS,,1,Approved,0,2026-08-29 11:26:38.959140
PAY001513,CUST7230,18717,UPI,Quarterly,SUCCESS,,0,Approved,0,2026-06-27 05:22:38.959140
PAY001514,CUST7929,15611,Debit Card,Quarterly,FAILED,Network Error,1,Approved,1,2026-03-19 15:30:38.959140
PAY001515,CUST5487,2838,Net Banking,Monthly,SUCCESS,,1,Approved,0,2026-03-22 09:49:38.959140
PAY001516,CUST7876,23436,Wallet,Monthly,SUCCESS,,3,Approved,0,2026-08-15 09:57:38.959140
PAY001517,CUST1880,8600,UPI,Quarterly,SUCCESS,,1,Approved,0,2026-08-07 23:57:38.959140
PAY001518,CUST4253,24779,Debit Card,Quarterly,SUCCESS,,2,Approved,0,2026-04-08 18:05:38.959140
PAY001519,CUST8156,17646,Debit Card,Annual,SUCCESS,,1,Approved,0,2026-07-14 15:07:38.959140
PAY001520,CUST3369,424,Debit Card,Annual,SUCCESS,,1,Approved,0,2026-03-23 23:11:38.959140
PAY001521,CUST3416,24162,Net Banking,Quarterly,FAILED,Bank Timeout,2,Processing Error,1,2026-03-12 09:12:38.959140
PAY001522,CUST9531,22182,UPI,Quarterly,SUCCESS,,3,Approved,0,2026-04-26 15:26:38.959140
PAY001523,CUST4581,4218,Credit Card,Quarterly,FAILED,Card Expired,3,Approved,0,2026-07-04 02:42:38.959140
PAY001524,CUST6703,5541,Credit Card,Monthly,SUCCESS,,3,Approved,0,2026-04-18 03:33:38.959140
PAY001525,CUST5947,19000,Debit Card,Annual,FAILED,User Cancelled,0,Approved,0,2026-05-16 04:54:38.959140
PAY001526,CUST7723,4186,Debit Card,Quarterly,FAILED,UPI Failure,3,Processing Error,1,2026-07-05 22:22:38.959140
PAY001527,CUST8018,14053,Debit Card,Monthly,FAILED,Bank Timeout,2,Processing Error,1,2026-03-30 10:35:38.959140
PAY001528,CUST5669,5428,Net Banking,Annual,SUCCESS,,3,Approved,0,2026-05-18 06:18:38.959140
PAY001529,CUST2700,20427,UPI,Annual,SUCCESS,,0,Approved,0,2026-03-25 18:03:38.959140
PAY001530,CUST9924,13575,UPI,Annual,SUCCESS,,0,Approved,0,2026-06-08 04:03:38.959140
PAY001531,CUST5749,19144,Net Banking,Monthly,SUCCESS,,0,Approved,0,2026-07-09 08:30:38.959140
PAY001532,CUST4204,14996,Net Banking,Monthly,SUCCESS,,3,Approved,0,2026-03-30 15:29:38.959140
PAY001533,CUST7484,15301,UPI,Quarterly,SUCCESS,,3,Approved,0,2026-08-22 02:19:38.959140
PAY001534,CUST7794,16730,Credit Card,Monthly,FAILED,Fraud Suspected,2,Timeout,0,2026-04-27 12:26:38.959140
PAY001535,CUST7134,13683,Wallet,Annual,FAILED,Insufficient Funds,0,Declined,1,2026-03-12 15:05:38.959140
PAY001536,CUST8045,11079,Credit Card,Annual,SUCCESS,,1,Approved,0,2026-06-21 23:09:38.959140
PAY001537,CUST8030,6412,Credit Card,Annual,FAILED,Insufficient Funds,3,Blocked,1,2026-08-07 15:13:38.959140
PAY001538,CUST6212,23957,Wallet,Monthly,SUCCESS,,1,Approved,0,2026-05-22 04:29:38.959140
PAY001539,CUST2939,3361,Wallet,Quarterly,SUCCESS,,1,Approved,0,2026-06-09 14:21:38.959140
PAY001540,CUST4338,20654,UPI,Monthly,FAILED,Bank Timeout,2,Timeout,1,2026-08-09 05:37:38.959140
PAY001541,CUST9907,477,UPI,Annual,SUCCESS,,1,Approved,0,2026-03-14 20:46:38.959140
PAY001542,CUST6867,24423,Credit Card,Monthly,SUCCESS,,1,Approved,0,2026-05-31 09:30:38.959140
PAY001543,CUST9772,7365,Credit Card,Annual,SUCCESS,,2,Approved,0,2026-04-14 02:05:38.959140
PAY001544,CUST2359,12488,Credit Card,Annual,FAILED,Insufficient Funds,2,Timeout,1,2026-07-07 19:34:38.959140
PAY001545,CUST8522,19083,Wallet,Monthly,SUCCESS,,0,Approved,0,2026-03-29 23:54:38.959140
PAY001546,CUST3959,9354,UPI,Monthly,SUCCESS,,2,Approved,0,2026-08-19 15:49:38.959140
PAY001547,CUST2649,11941,Net Banking,Monthly,SUCCESS,,1,Approved,0,2026-05-19 22:39:38.959140
PAY001548,CUST7879,16041,Net Banking,Quarterly,SUCCESS,,0,Approved,0,2026-04-17 02:01:38.959140
PAY001549,CUST5894,14873,UPI,Monthly,SUCCESS,,1,Approved,0,2026-04-11 12:49:38.959140
PAY001550,CUST6616,20782,Debit Card,Quarterly,SUCCESS,,0,Approved,0,2026-03-31 03:19:38.959140
PAY001551,CUST4159,19759,Wallet,Monthly,FAILED,Fraud Suspected,0,Approved,0,2026-04-07 15:14:38.959140
PAY001552,CUST6978,17072,UPI,Monthly,SUCCESS,,1,Approved,0,2026-04-18 04:17:38.959140
PAY001553,CUST3073,4639,Debit Card,Quarterly,SUCCESS,,1,Approved,0,2026-03-24 23:48:38.959140
PAY001554,CUST5822,3112,Net Banking,Annual,SUCCESS,,2,Approved,0,2026-07-16 16:53:38.959140
PAY001555,CUST3833,14387,Credit Card,Annual,FAILED,Network Error,3,Timeout,1,2026-08-24 17:02:38.959140
PAY001556,CUST6105,23606,Credit Card,Monthly,FAILED,Card Expired,2,Blocked,0,2026-05-20 07:30:38.959140
PAY001557,CUST5451,16084,Debit Card,Annual,FAILED,UPI Failure,3,Processing Error,1,2026-08-17 12:29:38.959140
PAY001558,CUST6782,12650,Debit Card,Annual,SUCCESS,,3,Approved,0,2026-04-15 03:49:38.959140
PAY001559,CUST5146,14825,Wallet,Quarterly,FAILED,Insufficient Funds,1,Blocked,1,2026-08-18 17:17:38.959140
PAY001560,CUST1490,21237,UPI,Monthly,SUCCESS,,2,Approved,0,2026-05-21 07:27:38.959140
PAY001561,CUST4525,14169,Debit Card,Quarterly,FAILED,Network Error,1,Approved,1,2026-05-13 22:14:38.959140
PAY001562,CUST6219,10402,UPI,Annual,SUCCESS,,0,Approved,0,2026-03-11 13:19:38.959140
PAY001563,CUST4811,15348,Wallet,Monthly,SUCCESS,,2,Approved,0,2026-08-20 09:54:38.959140
PAY001564,CUST4562,19818,UPI,Annual,SUCCESS,,1,Approved,0,2026-06-13 18:52:38.959140
PAY001565,CUST7909,20018,Net Banking,Quarterly,SUCCESS,,0,Approved,0,2026-06-22 06:51:38.959140
PAY001566,CUST1766,6591,Debit Card,Quarterly,FAILED,UPI Failure,1,Processing Error,1,2026-03-18 20:12:38.959140
PAY001567,CUST6355,14935,Wallet,Quarterly,SUCCESS,,1,Approved,0,2026-06-27 06:55:38.959140
PAY001568,CUST1076,795,Net Banking,Quarterly,SUCCESS,,2,Approved,0,2026-03-13 01:09:38.959140
PAY001569,CUST9740,13298,Wallet,Monthly,SUCCESS,,0,Approved,0,2026-08-19 21:10:38.959140
PAY001570,CUST2558,632,Net Banking,Annual,SUCCESS,,0,Approved,0,2026-06-03 08:13:38.959140
PAY001571,CUST2306,10492,Wallet,Quarterly,SUCCESS,,2,Approved,0,2026-05-21 16:21:38.959140
PAY001572,CUST8447,1641,Net Banking,Annual,SUCCESS,,3,Approved,0,2026-05-03 03:09:38.959140
PAY001573,CUST4670,4077,UPI,Monthly,FAILED,Card Expired,2,Approved,0,2026-08-27 12:07:38.959140
PAY001574,CUST3788,10678,UPI,Monthly,SUCCESS,,3,Approved,0,2026-04-20 00:08:38.959140
PAY001575,CUST1860,12186,Debit Card,Monthly,SUCCESS,,0,Approved,0,2026-08-26 20:25:38.959140
PAY001576,CUST6395,10069,Wallet,Quarterly,SUCCESS,,0,Approved,0,2026-04-26 19:28:38.959140
PAY001577,CUST8548,5680,UPI,Monthly,SUCCESS,,1,Approved,0,2026-06-24 00:22:38.959140
PAY001578,CUST8320,4948,UPI,Annual,SUCCESS,,3,Approved,0,2026-07-03 17:54:38.959140
PAY001579,CUST9029,19035,Debit Card,Quarterly,SUCCESS,,3,Approved,0,2026-07-08 04:21:38.959140
PAY001580,CUST2356,15916,Debit Card,Annual,FAILED,Fraud Suspected,1,Timeout,0,2026-03-26 12:18:38.959140
PAY001581,CUST9103,8041,UPI,Monthly,FAILED,Card Expired,1,Approved,0,2026-07-14 07:34:38.959140
PAY001582,CUST7308,7181,Credit Card,Quarterly,SUCCESS,,3,Approved,0,2026-08-05 19:21:38.959140
PAY001583,CUST6108,6936,Net Banking,Annual,SUCCESS,,2,Approved,0,2026-07-26 05:51:38.959140
PAY001584,CUST3130,16630,Credit Card,Quarterly,SUCCESS,,0,Approved,0,2026-08-23 05:06:38.959140
PAY001585,CUST7556,14924,Credit Card,Monthly,SUCCESS,,1,Approved,0,2026-07-29 19:11:38.959140
PAY001586,CUST2672,5479,Credit Card,Quarterly,SUCCESS,,2,Approved,0,2026-08-30 00:22:38.959140
PAY001587,CUST4064,24512,Debit Card,Monthly,FAILED,Insufficient Funds,0,Processing Error,1,2026-04-22 14:16:38.959140
PAY001588,CUST5351,17495,UPI,Annual,SUCCESS,,3,Approved,0,2026-05-12 20:57:38.959140
PAY001589,CUST7503,14237,Wallet,Quarterly,SUCCESS,,1,Approved,0,2026-04-06 05:18:38.959140
PAY001590,CUST7058,1840,UPI,Monthly,SUCCESS,,3,Approved,0,2026-04-28 10:11:38.959140
PAY001591,CUST5816,24085,Credit Card,Quarterly,SUCCESS,,3,Approved,0,2026-04-14 02:32:38.959140
PAY001592,CUST8103,9140,UPI,Annual,SUCCESS,,3,Approved,0,2026-06-12 05:06:38.959140
PAY001593,CUST2887,8256,UPI,Monthly,SUCCESS,,0,Approved,0,2026-04-18 18:35:38.959140
PAY001594,CUST2655,7922,Debit Card,Monthly,SUCCESS,,0,Approved,0,2026-06-14 16:09:38.959140
PAY001595,CUST4602,23020,Debit Card,Quarterly,FAILED,Invalid CVV,3,Approved,0,2026-05-20 03:30:38.959140
PAY001596,CUST5718,6769,Wallet,Quarterly,SUCCESS,,2,Approved,0,2026-07-03 17:53:38.959140
PAY001597,CUST8811,3187,Debit Card,Annual,SUCCESS,,1,Approved,0,2026-06-09 09:55:38.959140
PAY001598,CUST4069,10424,Debit Card,Quarterly,SUCCESS,,0,Approved,0,2026-04-09 03:19:38.959140
PAY001599,CUST6473,516,UPI,Monthly,SUCCESS,,3,Approved,0,2026-05-26 16:51:38.959140
PAY001600,CUST6769,2621,Net Banking,Annual,FAILED,Insufficient Funds,1,Blocked,1,2026-07-11 10:42:38.959140
PAY001601,CUST1740,8209,UPI,Annual,SUCCESS,,3,Approved,0,2026-03-29 17:08:38.959140
PAY001602,CUST9243,9623,Credit Card,Monthly,SUCCESS,,1,Approved,0,2026-06-13 10:10:38.959140
PAY001603,CUST9039,3375,Debit Card,Annual,FAILED,User Cancelled,2,Processing Error,0,2026-08-03 03:29:38.959140
PAY001604,CUST8516,16040,UPI,Quarterly,SUCCESS,,2,Approved,0,2026-05-15 02:50:38.959140
PAY001605,CUST5422,11034,Wallet,Annual,SUCCESS,,3,Approved,0,2026-03-30 07:53:38.959140
PAY001606,CUST4608,4945,Credit Card,Quarterly,SUCCESS,,3,Approved,0,2026-08-12 16:18:38.959140
PAY001607,CUST4380,8106,UPI,Monthly,SUCCESS,,3,Approved,0,2026-05-14 05:33:38.959140
PAY001608,CUST3866,12478,Debit Card,Annual,FAILED,UPI Failure,0,Blocked,1,2026-04-28 16:01:38.959140
PAY001609,CUST7836,10951,Debit Card,Quarterly,SUCCESS,,3,Approved,0,2026-06-25 01:15:38.959140
PAY001610,CUST3014,19088,Net Banking,Quarterly,SUCCESS,,2,Approved,0,2026-08-08 15:47:38.959140
PAY001611,CUST1136,11469,Net Banking,Annual,SUCCESS,,2,Approved,0,2026-03-29 20:39:38.959140
PAY001612,CUST5747,22411,Wallet,Annual,SUCCESS,,1,Approved,0,2026-06-13 01:04:38.959140
PAY001613,CUST2058,10048,Debit Card,Monthly,SUCCESS,,3,Approved,0,2026-05-01 06:39:38.959140
PAY001614,CUST3022,7220,UPI,Quarterly,SUCCESS,,2,Approved,0,2026-08-07 01:46:38.959140
PAY001615,CUST1010,14199,UPI,Quarterly,SUCCESS,,2,Approved,0,2026-07-07 23:55:38.959140
PAY001616,CUST5434,9381,Credit Card,Annual,SUCCESS,,1,Approved,0,2026-03-25 10:59:38.959140
PAY001617,CUST4585,19275,UPI,Quarterly,SUCCESS,,0,Approved,0,2026-05-01 17:46:38.959140
PAY001618,CUST5280,8249,Debit Card,Annual,FAILED,Invalid CVV,3,Approved,0,2026-05-25 17:26:38.959140
PAY001619,CUST6283,18577,Wallet,Monthly,SUCCESS,,3,Approved,0,2026-07-11 09:29:38.959140
PAY001620,CUST7820,6636,Wallet,Monthly,SUCCESS,,2,Approved,0,2026-04-03 12:04:38.959140
PAY001621,CUST8555,2903,Wallet,Monthly,SUCCESS,,2,Approved,0,2026-06-20 23:01:38.959140
PAY001622,CUST9627,14415,Net Banking,Annual,SUCCESS,,0,Approved,0,2026-04-04 00:49:38.959140
PAY001623,CUST6803,22550,Net Banking,Quarterly,SUCCESS,,2,Approved,0,2026-06-03 01:36:38.959140
PAY001624,CUST1432,13542,Net Banking,Monthly,SUCCESS,,3,Approved,0,2026-03-14 20:08:38.959140
PAY001625,CUST9391,20258,Debit Card,Monthly,FAILED,Network Error,2,Blocked,1,2026-07-31 00:04:38.959140
PAY001626,CUST7433,18631,Credit Card,Quarterly,SUCCESS,,2,Approved,0,2026-03-19 13:08:38.959140
PAY001627,CUST1890,15264,UPI,Monthly,SUCCESS,,3,Approved,0,2026-08-09 13:44:38.959140
PAY001628,CUST2595,21394,Debit Card,Annual,SUCCESS,,0,Approved,0,2026-05-09 12:14:38.959140
PAY001629,CUST9369,10955,UPI,Annual,SUCCESS,,0,Approved,0,2026-03-31 21:49:38.959140
PAY001630,CUST4662,4822,Credit Card,Quarterly,SUCCESS,,3,Approved,0,2026-04-03 15:11:38.959140
PAY001631,CUST8945,23663,Wallet,Annual,SUCCESS,,0,Approved,0,2026-08-03 11:01:38.959140
PAY001632,CUST2983,2299,Wallet,Monthly,SUCCESS,,0,Approved,0,2026-04-06 15:47:38.959140
PAY001633,CUST9287,3493,Net Banking,Quarterly,SUCCESS,,3,Approved,0,2026-03-14 06:57:38.959140
PAY001634,CUST8925,4090,Credit Card,Monthly,SUCCESS,,2,Approved,0,2026-05-22 10:46:38.959140
PAY001635,CUST3018,18013,Net Banking,Monthly,FAILED,UPI Failure,2,Blocked,1,2026-08-06 09:14:38.959140
PAY001636,CUST4943,6154,Credit Card,Annual,SUCCESS,,1,Approved,0,2026-08-05 19:31:38.959140
PAY001637,CUST8871,18012,Debit Card,Quarterly,SUCCESS,,1,Approved,0,2026-06-04 11:36:38.959140
PAY001638,CUST5508,19391,Net Banking,Quarterly,SUCCESS,,3,Approved,0,2026-05-15 16:09:38.959140
PAY001639,CUST7960,3616,Credit Card,Monthly,SUCCESS,,3,Approved,0,2026-05-24 16:40:38.959140
PAY001640,CUST5960,4035,UPI,Annual,SUCCESS,,3,Approved,0,2026-03-11 19:22:38.959140
PAY001641,CUST6811,21633,Credit Card,Quarterly,SUCCESS,,3,Approved,0,2026-03-17 13:29:38.959140
PAY001642,CUST9202,15118,Wallet,Monthly,FAILED,Bank Timeout,2,Timeout,1,2026-03-11 11:04:38.959140
PAY001643,CUST2028,23240,Credit Card,Annual,SUCCESS,,3,Approved,0,2026-06-11 04:45:38.959140
PAY001644,CUST3294,21592,Debit Card,Annual,SUCCESS,,2,Approved,0,2026-06-01 10:44:38.959140
PAY001645,CUST8925,13007,Net Banking,Quarterly,SUCCESS,,0,Approved,0,2026-08-23 13:59:38.959140
PAY001646,CUST6309,6009,Wallet,Annual,SUCCESS,,2,Approved,0,2026-04-02 08:41:38.959140
PAY001647,CUST1736,20332,UPI,Annual,SUCCESS,,3,Approved,0,2026-03-22 02:27:38.959140
PAY001648,CUST8805,3262,Debit Card,Monthly,SUCCESS,,0,Approved,0,2026-06-08 17:17:38.959140
PAY001649,CUST7882,24106,UPI,Monthly,FAILED,Bank Timeout,1,Processing Error,1,2026-03-28 23:52:38.959140
PAY001650,CUST2194,3850,Net Banking,Quarterly,SUCCESS,,0,Approved,0,2026-08-10 22:58:38.959140
PAY001651,CUST2763,1064,Net Banking,Quarterly,SUCCESS,,1,Approved,0,2026-05-07 06:23:38.959140
PAY001652,CUST5136,20985,Net Banking,Quarterly,SUCCESS,,1,Approved,0,2026-04-14 10:20:38.959140
PAY001653,CUST3655,7488,Net Banking,Annual,SUCCESS,,1,Approved,0,2026-07-22 21:45:38.959140
PAY001654,CUST4334,6400,UPI,Monthly,FAILED,Insufficient Funds,0,Approved,1,2026-06-23 18:30:38.959140
PAY001655,CUST4036,11881,Wallet,Quarterly,FAILED,Card Expired,3,Timeout,0,2026-06-21 06:09:38.959140
PAY001656,CUST6768,6897,Debit Card,Annual,SUCCESS,,3,Approved,0,2026-06-08 23:28:38.959140
PAY001657,CUST2161,4616,Wallet,Monthly,FAILED,Invalid CVV,0,Processing Error,0,2026-05-28 16:43:38.959140
PAY001658,CUST2932,17048,Net Banking,Monthly,SUCCESS,,2,Approved,0,2026-03-28 04:07:38.959140
PAY001659,CUST4670,17811,Debit Card,Quarterly,SUCCESS,,2,Approved,0,2026-03-13 21:43:38.959140
PAY001660,CUST3586,11826,Debit Card,Monthly,SUCCESS,,0,Approved,0,2026-08-15 14:59:38.959140
PAY001661,CUST1928,8009,Wallet,Annual,SUCCESS,,2,Approved,0,2026-05-21 11:27:38.959140
PAY001662,CUST1528,19195,Debit Card,Quarterly,FAILED,Fraud Suspected,3,Approved,0,2026-08-27 08:43:38.959140
PAY001663,CUST4346,11061,Wallet,Annual,SUCCESS,,0,Approved,0,2026-04-04 03:47:38.959140
PAY001664,CUST9086,24915,UPI,Annual,SUCCESS,,0,Approved,0,2026-04-21 16:39:38.959140
PAY001665,CUST2320,23137,Wallet,Quarterly,FAILED,Card Expired,0,Processing Error,0,2026-05-11 18:15:38.959140
PAY001666,CUST9316,8963,Credit Card,Annual,FAILED,Insufficient Funds,0,Processing Error,1,2026-03-28 17:53:38.959140
PAY001667,CUST4731,15748,UPI,Monthly,SUCCESS,,2,Approved,0,2026-07-30 01:50:38.959140
PAY001668,CUST1296,6527,Wallet,Quarterly,SUCCESS,,3,Approved,0,2026-07-11 22:40:38.959140
PAY001669,CUST7993,12460,Wallet,Monthly,SUCCESS,,1,Approved,0,2026-05-27 00:42:38.959140
PAY001670,CUST4172,3965,Debit Card,Quarterly,SUCCESS,,2,Approved,0,2026-05-12 20:13:38.959140
PAY001671,CUST7767,7903,Wallet,Annual,FAILED,Insufficient Funds,1,Declined,1,2026-03-26 13:08:38.959140
PAY001672,CUST1931,587,UPI,Monthly,SUCCESS,,1,Approved,0,2026-08-04 17:37:38.959140
PAY001673,CUST6146,6016,Debit Card,Annual,SUCCESS,,2,Approved,0,2026-03-17 18:14:38.959140
PAY001674,CUST7517,8102,Net Banking,Annual,SUCCESS,,2,Approved,0,2026-04-02 09:58:38.959140
PAY001675,CUST9907,2615,Credit Card,Quarterly,SUCCESS,,0,Approved,0,2026-04-24 08:22:38.959140
PAY001676,CUST5959,11795,Debit Card,Annual,SUCCESS,,1,Approved,0,2026-05-29 13:05:38.959140
PAY001677,CUST5383,21517,Debit Card,Annual,SUCCESS,,1,Approved,0,2026-06-13 17:03:38.959140
PAY001678,CUST7731,3519,Wallet,Quarterly,SUCCESS,,0,Approved,0,2026-05-11 21:42:38.959140
PAY001679,CUST9535,6769,Credit Card,Quarterly,SUCCESS,,1,Approved,0,2026-08-09 23:28:38.959140
PAY001680,CUST3325,7005,UPI,Monthly,SUCCESS,,0,Approved,0,2026-05-16 14:13:38.959140
PAY001681,CUST2871,21395,UPI,Quarterly,SUCCESS,,3,Approved,0,2026-08-30 07:09:38.959140
PAY001682,CUST2384,8956,UPI,Quarterly,FAILED,Invalid CVV,2,Timeout,0,2026-06-24 21:17:38.959140
PAY001683,CUST8274,12679,UPI,Monthly,FAILED,Invalid CVV,3,Processing Error,0,2026-03-13 05:35:38.959140
PAY001684,CUST1856,6142,Debit Card,Monthly,SUCCESS,,3,Approved,0,2026-06-14 17:43:38.959140
PAY001685,CUST6508,11495,Debit Card,Annual,SUCCESS,,0,Approved,0,2026-08-22 11:19:38.959140
PAY001686,CUST8111,995,Net Banking,Annual,SUCCESS,,2,Approved,0,2026-07-19 22:14:38.959140
PAY001687,CUST7358,24753,Debit Card,Annual,FAILED,Card Expired,0,Blocked,0,2026-08-03 18:48:38.959140
PAY001688,CUST7247,18862,Net Banking,Annual,SUCCESS,,2,Approved,0,2026-04-08 09:25:38.959140
PAY001689,CUST5495,7905,UPI,Monthly,FAILED,Insufficient Funds,1,Timeout,1,2026-08-22 01:05:38.959140
PAY001690,CUST5493,9792,Debit Card,Quarterly,FAILED,Invalid CVV,2,Approved,0,2026-06-21 18:19:38.959140
PAY001691,CUST6028,21497,Wallet,Annual,SUCCESS,,0,Approved,0,2026-04-01 10:20:38.959140
PAY001692,CUST8581,8766,UPI,Quarterly,SUCCESS,,1,Approved,0,2026-05-29 14:15:38.959140
PAY001693,CUST4569,1311,Net Banking,Monthly,SUCCESS,,2,Approved,0,2026-06-05 05:17:38.959140
PAY001694,CUST6145,2705,UPI,Quarterly,SUCCESS,,2,Approved,0,2026-08-20 02:28:38.959140
PAY001695,CUST9108,9147,Credit Card,Monthly,SUCCESS,,2,Approved,0,2026-08-15 00:11:38.959140
PAY001696,CUST2875,4912,UPI,Monthly,SUCCESS,,0,Approved,0,2026-04-21 03:47:38.959140
PAY001697,CUST4734,14527,UPI,Annual,SUCCESS,,2,Approved,0,2026-03-17 10:32:38.959140
PAY001698,CUST1732,8534,Wallet,Monthly,FAILED,User Cancelled,0,Blocked,0,2026-07-11 07:09:38.959140
PAY001699,CUST9372,2637,UPI,Monthly,SUCCESS,,3,Approved,0,2026-03-30 09:44:38.959140
PAY001700,CUST7815,18788,UPI,Annual,SUCCESS,,2,Approved,0,2026-08-07 17:47:38.959140
PAY001701,CUST6350,9375,Wallet,Quarterly,SUCCESS,,1,Approved,0,2026-03-14 07:07:38.959140
PAY001702,CUST5817,13472,Wallet,Monthly,SUCCESS,,2,Approved,0,2026-06-03 11:41:38.959140
PAY001703,CUST3458,1560,Wallet,Monthly,SUCCESS,,2,Approved,0,2026-08-26 03:48:38.959140
PAY001704,CUST9326,7028,Wallet,Annual,SUCCESS,,2,Approved,0,2026-06-10 18:56:38.959140
PAY001705,CUST1534,7139,Credit Card,Quarterly,SUCCESS,,3,Approved,0,2026-08-08 00:44:38.959140
PAY001706,CUST9249,21372,Wallet,Annual,FAILED,Network Error,0,Blocked,1,2026-03-23 21:00:38.959140
PAY001707,CUST9646,13798,UPI,Annual,SUCCESS,,0,Approved,0,2026-08-11 02:25:38.959140
PAY001708,CUST5410,17284,Credit Card,Annual,SUCCESS,,3,Approved,0,2026-05-06 11:57:38.959140
PAY001709,CUST6930,8095,Credit Card,Quarterly,SUCCESS,,2,Approved,0,2026-04-23 01:14:38.959140
PAY001710,CUST7716,3880,Debit Card,Monthly,SUCCESS,,1,Approved,0,2026-05-29 19:30:38.959140
PAY001711,CUST6935,16667,Net Banking,Annual,SUCCESS,,0,Approved,0,2026-08-23 07:20:38.959140
PAY001712,CUST3052,13823,Wallet,Monthly,SUCCESS,,1,Approved,0,2026-06-21 10:43:38.959140
PAY001713,CUST6596,13455,Debit Card,Monthly,FAILED,Fraud Suspected,1,Timeout,0,2026-06-28 00:54:38.959140
PAY001714,CUST9096,13895,Credit Card,Monthly,SUCCESS,,1,Approved,0,2026-06-22 15:52:38.959140
PAY001715,CUST8698,607,UPI,Monthly,FAILED,Invalid CVV,1,Timeout,0,2026-03-31 18:58:38.959140
PAY001716,CUST3168,14235,Wallet,Annual,FAILED,Bank Timeout,0,Approved,1,2026-07-13 10:05:38.959140
PAY001717,CUST4955,13938,Debit Card,Monthly,FAILED,Invalid CVV,2,Blocked,0,2026-04-02 00:05:38.959140
PAY001718,CUST1741,11130,UPI,Annual,SUCCESS,,0,Approved,0,2026-07-19 06:29:38.959140
PAY001719,CUST5739,14808,Net Banking,Annual,FAILED,UPI Failure,3,Processing Error,1,2026-07-02 15:22:38.959140
PAY001720,CUST1127,6110,Wallet,Annual,SUCCESS,,0,Approved,0,2026-04-06 12:27:38.959140
PAY001721,CUST6250,21378,Net Banking,Monthly,SUCCESS,,3,Approved,0,2026-05-17 20:44:38.959140
PAY001722,CUST2587,19369,Credit Card,Quarterly,SUCCESS,,2,Approved,0,2026-08-28 18:59:38.959140
PAY001723,CUST6288,1681,Net Banking,Quarterly,SUCCESS,,3,Approved,0,2026-04-30 17:32:38.959140
PAY001724,CUST9505,4791,Debit Card,Annual,FAILED,Network Error,0,Processing Error,1,2026-08-04 23:35:38.959140
PAY001725,CUST2942,10400,Debit Card,Quarterly,FAILED,Fraud Suspected,0,Declined,0,2026-05-12 00:48:38.959140
PAY001726,CUST5250,7427,Wallet,Monthly,SUCCESS,,1,Approved,0,2026-05-01 07:36:38.959140
PAY001727,CUST9334,21936,Credit Card,Monthly,FAILED,Card Expired,2,Declined,0,2026-04-04 11:17:38.959140
PAY001728,CUST9001,1401,UPI,Quarterly,SUCCESS,,1,Approved,0,2026-03-11 00:21:38.959140
PAY001729,CUST8288,18814,Wallet,Monthly,SUCCESS,,3,Approved,0,2026-07-21 01:46:38.959140
PAY001730,CUST8082,9763,Net Banking,Quarterly,FAILED,Card Expired,0,Processing Error,0,2026-07-18 04:34:38.959140
PAY001731,CUST2908,4582,Debit Card,Monthly,SUCCESS,,2,Approved,0,2026-07-20 23:47:38.959140
PAY001732,CUST3567,7387,Wallet,Quarterly,SUCCESS,,0,Approved,0,2026-05-08 08:25:38.959140
PAY001733,CUST6157,20763,UPI,Quarterly,SUCCESS,,0,Approved,0,2026-07-16 11:19:38.959140
PAY001734,CUST1583,23203,UPI,Monthly,SUCCESS,,2,Approved,0,2026-04-13 11:05:38.959140
PAY001735,CUST4205,12426,Debit Card,Quarterly,SUCCESS,,1,Approved,0,2026-07-10 09:08:38.959140
PAY001736,CUST3159,6230,Credit Card,Annual,SUCCESS,,3,Approved,0,2026-04-30 05:55:38.959140
PAY001737,CUST9039,17017,Wallet,Annual,FAILED,Invalid CVV,1,Approved,0,2026-03-10 09:12:38.959140
PAY001738,CUST5310,5935,Wallet,Quarterly,SUCCESS,,0,Approved,0,2026-05-24 22:11:38.959140
PAY001739,CUST9691,7790,Credit Card,Quarterly,SUCCESS,,2,Approved,0,2026-06-05 22:52:38.959140
PAY001740,CUST6851,9671,Wallet,Quarterly,FAILED,Invalid CVV,3,Blocked,0,2026-06-07 01:02:38.959140
PAY001741,CUST5706,7272,Net Banking,Quarterly,SUCCESS,,0,Approved,0,2026-08-17 03:55:38.959140
PAY001742,CUST3886,21805,Net Banking,Quarterly,SUCCESS,,3,Approved,0,2026-03-30 21:15:38.959140
PAY001743,CUST3098,11488,Net Banking,Quarterly,SUCCESS,,3,Approved,0,2026-07-16 02:38:38.959140
PAY001744,CUST5766,22617,Debit Card,Annual,SUCCESS,,1,Approved,0,2026-03-15 01:46:38.959140
PAY001745,CUST6295,13501,Debit Card,Annual,SUCCESS,,0,Approved,0,2026-06-20 03:46:38.959140
PAY001746,CUST7531,12923,Debit Card,Monthly,SUCCESS,,3,Approved,0,2026-05-26 04:57:38.959140
PAY001747,CUST1747,23960,Debit Card,Quarterly,SUCCESS,,1,Approved,0,2026-05-10 16:01:38.959140
PAY001748,CUST4378,18858,UPI,Annual,SUCCESS,,1,Approved,0,2026-06-15 09:06:38.959140
PAY001749,CUST1345,4333,Net Banking,Monthly,SUCCESS,,0,Approved,0,2026-08-29 19:03:38.959140
PAY001750,CUST9497,11020,Credit Card,Quarterly,FAILED,Card Expired,2,Approved,0,2026-07-27 09:37:38.959140
PAY001751,CUST4757,5243,Debit Card,Monthly,SUCCESS,,3,Approved,0,2026-08-13 07:25:38.959140
PAY001752,CUST1591,10961,UPI,Annual,FAILED,Network Error,3,Approved,1,2026-04-18 01:16:38.959140
PAY001753,CUST3571,13138,Debit Card,Quarterly,SUCCESS,,3,Approved,0,2026-03-17 11:58:38.959140
PAY001754,CUST5463,20793,UPI,Quarterly,SUCCESS,,1,Approved,0,2026-03-15 22:48:38.959140
PAY001755,CUST2391,4397,UPI,Monthly,SUCCESS,,2,Approved,0,2026-08-13 17:17:38.959140
PAY001756,CUST1241,23150,Wallet,Annual,SUCCESS,,3,Approved,0,2026-03-13 11:17:38.959140
PAY001757,CUST7965,3230,Wallet,Annual,FAILED,Fraud Suspected,3,Timeout,0,2026-04-14 04:04:38.959140
PAY001758,CUST2633,9079,Debit Card,Annual,SUCCESS,,3,Approved,0,2026-04-15 16:41:38.959140
PAY001759,CUST2524,12438,Credit Card,Quarterly,SUCCESS,,2,Approved,0,2026-05-26 23:53:38.959140
PAY001760,CUST9736,15937,Wallet,Monthly,SUCCESS,,2,Approved,0,2026-08-22 00:53:38.959140
PAY001761,CUST7106,16385,Wallet,Annual,SUCCESS,,3,Approved,0,2026-08-30 00:12:38.959140
PAY001762,CUST4802,7441,Net Banking,Quarterly,SUCCESS,,0,Approved,0,2026-05-21 03:16:38.959140
PAY001763,CUST3355,3669,UPI,Monthly,SUCCESS,,2,Approved,0,2026-05-09 07:39:38.959140
PAY001764,CUST5095,6904,UPI,Monthly,SUCCESS,,3,Approved,0,2026-06-25 19:52:38.959140
PAY001765,CUST9084,15615,Debit Card,Quarterly,SUCCESS,,1,Approved,0,2026-03-20 12:42:38.959140
PAY001766,CUST6266,11170,Wallet,Annual,SUCCESS,,1,Approved,0,2026-03-16 10:44:38.959140
PAY001767,CUST4427,281,Wallet,Quarterly,SUCCESS,,2,Approved,0,2026-07-13 11:37:38.959140
PAY001768,CUST8559,10355,Net Banking,Annual,SUCCESS,,1,Approved,0,2026-05-07 09:21:38.959140
PAY001769,CUST2721,24336,Net Banking,Annual,SUCCESS,,0,Approved,0,2026-08-24 12:09:38.959140
PAY001770,CUST9518,4269,UPI,Monthly,SUCCESS,,0,Approved,0,2026-04-08 07:25:38.959140
PAY001771,CUST7949,3823,Net Banking,Monthly,SUCCESS,,0,Approved,0,2026-08-18 00:03:38.959140
PAY001772,CUST9963,17288,Net Banking,Quarterly,SUCCESS,,3,Approved,0,2026-04-04 06:18:38.959140
PAY001773,CUST5441,3951,Wallet,Quarterly,SUCCESS,,3,Approved,0,2026-05-02 08:42:38.959140
PAY001774,CUST5754,12276,Wallet,Annual,SUCCESS,,1,Approved,0,2026-04-04 13:31:38.959140
PAY001775,CUST5116,20218,Net Banking,Quarterly,SUCCESS,,2,Approved,0,2026-06-12 08:26:38.959140
PAY001776,CUST9591,10918,Net Banking,Monthly,SUCCESS,,1,Approved,0,2026-04-08 16:48:38.959140
PAY001777,CUST2098,5971,UPI,Quarterly,SUCCESS,,1,Approved,0,2026-06-03 10:51:38.959140
PAY001778,CUST8513,6628,Debit Card,Monthly,SUCCESS,,0,Approved,0,2026-06-15 16:37:38.959140
PAY001779,CUST6741,15457,Wallet,Monthly,SUCCESS,,1,Approved,0,2026-03-21 22:57:38.959140
PAY001780,CUST5656,561,Net Banking,Annual,SUCCESS,,1,Approved,0,2026-04-28 18:53:38.959140
PAY001781,CUST5173,12133,Wallet,Annual,SUCCESS,,3,Approved,0,2026-08-26 21:17:38.959140
PAY001782,CUST3497,6737,UPI,Annual,SUCCESS,,0,Approved,0,2026-06-25 16:30:38.959140
PAY001783,CUST2676,5942,Credit Card,Annual,SUCCESS,,2,Approved,0,2026-06-20 09:54:38.959140
PAY001784,CUST5542,12647,Wallet,Annual,SUCCESS,,2,Approved,0,2026-06-22 14:18:38.959140
PAY001785,CUST2496,6957,Wallet,Monthly,FAILED,Network Error,1,Declined,1,2026-03-10 06:54:38.959140
PAY001786,CUST2274,15679,UPI,Monthly,SUCCESS,,0,Approved,0,2026-05-07 15:55:38.959140
PAY001787,CUST8728,14506,Debit Card,Quarterly,SUCCESS,,3,Approved,0,2026-07-08 19:58:38.959140
PAY001788,CUST7442,3942,Net Banking,Quarterly,SUCCESS,,1,Approved,0,2026-06-19 18:32:38.959140
PAY001789,CUST9552,11731,Debit Card,Annual,SUCCESS,,2,Approved,0,2026-08-09 11:20:38.959140
PAY001790,CUST5550,19936,Credit Card,Quarterly,SUCCESS,,1,Approved,0,2026-04-09 01:00:38.959140
PAY001791,CUST2970,16158,Wallet,Quarterly,SUCCESS,,2,Approved,0,2026-07-12 13:39:38.959140
PAY001792,CUST6991,5932,Net Banking,Annual,SUCCESS,,0,Approved,0,2026-08-14 11:26:38.959140
PAY001793,CUST4129,13995,Net Banking,Quarterly,SUCCESS,,1,Approved,0,2026-06-30 02:50:38.959140
PAY001794,CUST8243,24597,Debit Card,Annual,SUCCESS,,0,Approved,0,2026-04-14 10:51:38.959140
PAY001795,CUST2541,19307,Debit Card,Quarterly,SUCCESS,,2,Approved,0,2026-05-08 14:15:38.959140
PAY001796,CUST5504,524,Net Banking,Quarterly,SUCCESS,,2,Approved,0,2026-03-15 21:43:38.959140
PAY001797,CUST1937,22889,Wallet,Monthly,SUCCESS,,2,Approved,0,2026-04-28 17:07:38.959140
PAY001798,CUST9938,15526,UPI,Monthly,FAILED,Bank Timeout,3,Processing Error,1,2026-06-07 01:23:38.959140
PAY001799,CUST3898,20183,Credit Card,Monthly,SUCCESS,,1,Approved,0,2026-07-16 06:13:38.959140
PAY001800,CUST2021,4012,Debit Card,Monthly,SUCCESS,,0,Approved,0,2026-05-29 12:22:38.959140
PAY001801,CUST6185,9191,Credit Card,Annual,FAILED,Insufficient Funds,1,Timeout,1,2026-07-07 01:25:38.959140
PAY001802,CUST7605,12100,Net Banking,Annual,SUCCESS,,0,Approved,0,2026-08-28 00:32:38.959140
PAY001803,CUST9216,2227,Credit Card,Annual,SUCCESS,,1,Approved,0,2026-08-06 23:55:38.959140
PAY001804,CUST5514,5754,Wallet,Monthly,SUCCESS,,3,Approved,0,2026-03-17 21:41:38.959140
PAY001805,CUST1052,13509,Debit Card,Quarterly,SUCCESS,,1,Approved,0,2026-07-03 10:54:38.959140
PAY001806,CUST2410,3956,Wallet,Quarterly,SUCCESS,,2,Approved,0,2026-06-02 16:19:38.959140
PAY001807,CUST2415,3066,Credit Card,Quarterly,SUCCESS,,1,Approved,0,2026-07-20 14:41:38.959140
PAY001808,CUST1171,757,Credit Card,Annual,SUCCESS,,1,Approved,0,2026-07-31 09:16:38.959140
PAY001809,CUST4130,2762,Credit Card,Quarterly,SUCCESS,,1,Approved,0,2026-05-04 19:57:38.959140
PAY001810,CUST5570,23230,Credit Card,Annual,SUCCESS,,2,Approved,0,2026-04-11 04:56:38.959140
PAY001811,CUST4264,7503,Credit Card,Quarterly,SUCCESS,,1,Approved,0,2026-04-28 11:06:38.959140
PAY001812,CUST9026,14503,Debit Card,Annual,SUCCESS,,2,Approved,0,2026-03-26 14:59:38.959140
PAY001813,CUST3793,21130,UPI,Annual,SUCCESS,,3,Approved,0,2026-08-07 19:22:38.959140
PAY001814,CUST8108,17726,Debit Card,Annual,SUCCESS,,1,Approved,0,2026-07-15 15:08:38.959140
PAY001815,CUST9409,9558,Credit Card,Quarterly,FAILED,Fraud Suspected,1,Approved,0,2026-05-11 02:14:38.959140
PAY001816,CUST2889,8646,Wallet,Annual,SUCCESS,,0,Approved,0,2026-08-24 15:09:38.959140
PAY001817,CUST6291,15670,Debit Card,Annual,SUCCESS,,1,Approved,0,2026-06-02 20:39:38.959140
PAY001818,CUST2713,19379,Debit Card,Monthly,SUCCESS,,0,Approved,0,2026-05-07 11:41:38.959140
PAY001819,CUST2641,15680,Credit Card,Quarterly,SUCCESS,,2,Approved,0,2026-05-10 02:10:38.959140
PAY001820,CUST1356,15396,Net Banking,Annual,SUCCESS,,1,Approved,0,2026-07-24 16:58:38.959140
PAY001821,CUST7542,18972,Net Banking,Monthly,SUCCESS,,3,Approved,0,2026-07-20 20:49:38.959140
PAY001822,CUST7572,12328,Debit Card,Monthly,SUCCESS,,2,Approved,0,2026-06-05 15:33:38.959140
PAY001823,CUST7565,7776,Wallet,Monthly,FAILED,Invalid CVV,0,Timeout,0,2026-05-25 10:32:38.959140
PAY001824,CUST9586,5551,Credit Card,Annual,SUCCESS,,2,Approved,0,2026-08-18 04:49:38.959140
PAY001825,CUST6067,4355,Credit Card,Quarterly,FAILED,Insufficient Funds,2,Approved,1,2026-07-31 08:32:38.959140
PAY001826,CUST3416,5516,Credit Card,Monthly,SUCCESS,,3,Approved,0,2026-03-09 22:55:38.959140
PAY001827,CUST4331,2732,Net Banking,Monthly,SUCCESS,,1,Approved,0,2026-04-21 19:08:38.959140
PAY001828,CUST8820,5149,Credit Card,Quarterly,SUCCESS,,2,Approved,0,2026-03-10 16:50:38.959140
PAY001829,CUST4481,18115,Net Banking,Annual,SUCCESS,,3,Approved,0,2026-07-15 00:14:38.959140
PAY001830,CUST2569,15286,Net Banking,Monthly,SUCCESS,,1,Approved,0,2026-07-26 17:04:38.959140
PAY001831,CUST6359,4474,Debit Card,Annual,SUCCESS,,3,Approved,0,2026-07-28 13:39:38.959140
PAY001832,CUST2174,14012,Debit Card,Quarterly,SUCCESS,,3,Approved,0,2026-06-15 00:49:38.959140
PAY001833,CUST3918,19315,Credit Card,Quarterly,SUCCESS,,0,Approved,0,2026-04-19 03:49:38.959140
PAY001834,CUST7523,16530,UPI,Annual,SUCCESS,,0,Approved,0,2026-06-28 22:50:38.959140
PAY001835,CUST4460,16481,Debit Card,Quarterly,SUCCESS,,1,Approved,0,2026-03-17 20:33:38.959140
PAY001836,CUST3469,12684,Debit Card,Quarterly,SUCCESS,,1,Approved,0,2026-05-26 07:11:38.959140
PAY001837,CUST7909,15849,Credit Card,Monthly,SUCCESS,,0,Approved,0,2026-04-26 07:38:38.959140
PAY001838,CUST2353,17051,Debit Card,Annual,SUCCESS,,0,Approved,0,2026-06-02 10:30:38.959140
PAY001839,CUST1200,21590,Credit Card,Quarterly,SUCCESS,,3,Approved,0,2026-08-03 01:59:38.959140
PAY001840,CUST8449,16711,UPI,Quarterly,SUCCESS,,3,Approved,0,2026-07-12 17:43:38.959140
PAY001841,CUST1893,22059,Debit Card,Quarterly,SUCCESS,,3,Approved,0,2026-05-25 16:58:38.959140
PAY001842,CUST8377,20877,Wallet,Quarterly,SUCCESS,,0,Approved,0,2026-06-27 16:33:38.959140
PAY001843,CUST3930,23430,Net Banking,Annual,FAILED,User Cancelled,2,Approved,0,2026-08-10 11:27:38.959140
PAY001844,CUST5224,22208,Credit Card,Annual,FAILED,Insufficient Funds,0,Timeout,1,2026-04-06 04:17:38.959140
PAY001845,CUST5615,23941,UPI,Monthly,FAILED,Insufficient Funds,3,Processing Error,1,2026-05-27 23:17:38.959140
PAY001846,CUST7974,15180,Debit Card,Annual,FAILED,User Cancelled,2,Timeout,0,2026-03-18 22:00:38.959140
PAY001847,CUST5804,870,Debit Card,Quarterly,SUCCESS,,2,Approved,0,2026-04-11 08:06:38.959140
PAY001848,CUST1583,10736,Wallet,Monthly,SUCCESS,,2,Approved,0,2026-07-03 13:53:38.959140
PAY001849,CUST3871,1298,UPI,Annual,SUCCESS,,3,Approved,0,2026-04-24 01:30:38.959140
PAY001850,CUST9084,23914,Net Banking,Quarterly,SUCCESS,,1,Approved,0,2026-07-03 00:30:38.959140
PAY001851,CUST9577,15107,Wallet,Quarterly,SUCCESS,,1,Approved,0,2026-08-24 01:25:38.959140
PAY001852,CUST3404,10800,Wallet,Annual,SUCCESS,,2,Approved,0,2026-03-16 18:30:38.959140
PAY001853,CUST2290,3412,Debit Card,Annual,SUCCESS,,3,Approved,0,2026-06-11 02:57:38.959140
PAY001854,CUST4013,13944,Debit Card,Annual,SUCCESS,,3,Approved,0,2026-03-13 21:01:38.959140
PAY001855,CUST4139,2696,Wallet,Quarterly,SUCCESS,,3,Approved,0,2026-03-30 23:54:38.959140
PAY001856,CUST8748,20270,Credit Card,Quarterly,FAILED,Insufficient Funds,1,Timeout,1,2026-07-14 04:29:38.959140
PAY001857,CUST9217,22671,UPI,Annual,SUCCESS,,1,Approved,0,2026-04-29 04:49:38.959140
PAY001858,CUST1082,6038,Net Banking,Monthly,SUCCESS,,2,Approved,0,2026-04-28 10:35:38.959140
PAY001859,CUST5375,13675,Net Banking,Annual,SUCCESS,,1,Approved,0,2026-04-28 19:42:38.959140
PAY001860,CUST1296,20901,Debit Card,Monthly,FAILED,Network Error,2,Declined,1,2026-03-27 11:40:38.959140
PAY001861,CUST7893,9530,Wallet,Quarterly,SUCCESS,,3,Approved,0,2026-06-24 19:52:38.959140
PAY001862,CUST6580,15683,Debit Card,Quarterly,SUCCESS,,0,Approved,0,2026-05-11 05:36:38.959140
PAY001863,CUST9720,5072,Credit Card,Annual,FAILED,UPI Failure,3,Declined,1,2026-08-12 07:58:38.959140
PAY001864,CUST2287,13302,Net Banking,Annual,SUCCESS,,0,Approved,0,2026-07-08 01:52:38.959140
PAY001865,CUST5781,2821,Debit Card,Quarterly,FAILED,User Cancelled,1,Timeout,0,2026-07-23 23:20:38.959140
PAY001866,CUST3731,1067,Wallet,Quarterly,SUCCESS,,1,Approved,0,2026-07-01 13:18:38.959140
PAY001867,CUST5651,13710,Wallet,Annual,SUCCESS,,0,Approved,0,2026-07-24 14:05:38.959140
PAY001868,CUST9807,7790,Credit Card,Quarterly,SUCCESS,,3,Approved,0,2026-08-24 11:54:38.959140
PAY001869,CUST4576,4145,Credit Card,Monthly,SUCCESS,,0,Approved,0,2026-05-20 20:17:38.959140
PAY001870,CUST7571,5952,Wallet,Quarterly,SUCCESS,,1,Approved,0,2026-07-27 09:45:38.959140
PAY001871,CUST5569,7234,Debit Card,Quarterly,SUCCESS,,3,Approved,0,2026-08-20 17:23:38.959140
PAY001872,CUST9775,21864,Wallet,Quarterly,SUCCESS,,2,Approved,0,2026-06-09 05:50:38.959140
PAY001873,CUST8600,13336,Debit Card,Quarterly,SUCCESS,,3,Approved,0,2026-07-25 13:51:38.959140
PAY001874,CUST1054,5919,Wallet,Quarterly,SUCCESS,,3,Approved,0,2026-05-01 07:18:38.959140
PAY001875,CUST7850,21601,Net Banking,Quarterly,FAILED,Card Expired,1,Processing Error,0,2026-07-12 04:50:38.959140
PAY001876,CUST9247,1050,UPI,Annual,SUCCESS,,1,Approved,0,2026-04-04 00:39:38.959140
PAY001877,CUST5095,13493,Credit Card,Annual,SUCCESS,,0,Approved,0,2026-05-07 23:16:38.959140
PAY001878,CUST7066,22524,UPI,Annual,SUCCESS,,0,Approved,0,2026-08-30 01:54:38.959140
PAY001879,CUST9377,21533,Credit Card,Monthly,SUCCESS,,3,Approved,0,2026-06-18 07:12:38.959140
PAY001880,CUST8736,23792,Credit Card,Quarterly,SUCCESS,,1,Approved,0,2026-04-10 16:44:38.959140
PAY001881,CUST8555,2222,Net Banking,Monthly,SUCCESS,,0,Approved,0,2026-04-16 11:39:38.959140
PAY001882,CUST3897,14636,Net Banking,Annual,SUCCESS,,1,Approved,0,2026-08-01 20:18:38.959140
PAY001883,CUST3609,19891,Credit Card,Quarterly,SUCCESS,,2,Approved,0,2026-08-15 13:25:38.959140
PAY001884,CUST1529,2387,Net Banking,Annual,SUCCESS,,0,Approved,0,2026-07-24 01:57:38.959140
PAY001885,CUST9803,12725,UPI,Annual,FAILED,Invalid CVV,0,Timeout,0,2026-07-30 08:23:38.959140
PAY001886,CUST5799,21302,Net Banking,Annual,FAILED,UPI Failure,0,Approved,1,2026-05-28 15:09:38.959140
PAY001887,CUST3032,12006,UPI,Monthly,FAILED,UPI Failure,3,Processing Error,1,2026-07-18 06:12:38.959140
PAY001888,CUST7764,24935,Debit Card,Monthly,FAILED,Bank Timeout,0,Timeout,1,2026-07-19 05:40:38.959140
PAY001889,CUST2213,15912,Net Banking,Annual,FAILED,Card Expired,1,Timeout,0,2026-04-26 22:53:38.959140
PAY001890,CUST5838,8118,Net Banking,Quarterly,SUCCESS,,2,Approved,0,2026-05-11 03:23:38.959140
PAY001891,CUST1585,23022,Credit Card,Monthly,FAILED,Fraud Suspected,2,Blocked,0,2026-06-21 05:52:38.959140
PAY001892,CUST7076,949,Wallet,Quarterly,SUCCESS,,1,Approved,0,2026-08-17 00:45:38.959140
PAY001893,CUST5992,10147,Net Banking,Annual,SUCCESS,,1,Approved,0,2026-06-21 03:17:38.959140
PAY001894,CUST3106,9761,Credit Card,Annual,SUCCESS,,1,Approved,0,2026-07-23 04:39:38.959140
PAY001895,CUST4734,12689,UPI,Monthly,SUCCESS,,2,Approved,0,2026-07-03 17:17:38.959140
PAY001896,CUST6966,4960,Wallet,Annual,SUCCESS,,0,Approved,0,2026-04-26 00:39:38.959140
PAY001897,CUST3553,17034,Wallet,Annual,FAILED,Bank Timeout,3,Timeout,1,2026-06-04 15:09:38.959140
PAY001898,CUST8950,12366,Credit Card,Annual,SUCCESS,,3,Approved,0,2026-08-14 08:15:38.959140
PAY001899,CUST2060,15958,Debit Card,Monthly,SUCCESS,,3,Approved,0,2026-03-12 09:24:38.959140
PAY001900,CUST2959,7449,Credit Card,Quarterly,SUCCESS,,1,Approved,0,2026-04-29 11:12:38.959140
PAY001901,CUST9587,18757,Credit Card,Annual,SUCCESS,,0,Approved,0,2026-08-09 17:08:38.959140
PAY001902,CUST2619,21864,Debit Card,Annual,SUCCESS,,0,Approved,0,2026-05-21 08:16:38.959140
PAY001903,CUST1917,18229,Net Banking,Annual,SUCCESS,,0,Approved,0,2026-08-02 01:23:38.959140
PAY001904,CUST3993,8117,Credit Card,Monthly,SUCCESS,,2,Approved,0,2026-08-01 22:33:38.959140
PAY001905,CUST5354,15043,Wallet,Quarterly,SUCCESS,,1,Approved,0,2026-03-17 03:00:38.959140
PAY001906,CUST3171,6325,Wallet,Quarterly,SUCCESS,,0,Approved,0,2026-08-21 18:13:38.959140
PAY001907,CUST8819,7556,Net Banking,Monthly,SUCCESS,,1,Approved,0,2026-06-24 10:05:38.959140
PAY001908,CUST2196,1772,Credit Card,Quarterly,SUCCESS,,2,Approved,0,2026-07-31 14:51:38.959140
PAY001909,CUST2636,2831,Wallet,Annual,SUCCESS,,3,Approved,0,2026-04-14 17:40:38.959140
PAY001910,CUST1157,16064,Wallet,Quarterly,SUCCESS,,2,Approved,0,2026-06-21 10:40:38.959140
PAY001911,CUST8475,3753,UPI,Quarterly,FAILED,Network Error,3,Blocked,1,2026-07-29 07:43:38.959140
PAY001912,CUST9311,19804,Net Banking,Annual,FAILED,Bank Timeout,2,Timeout,1,2026-06-07 11:27:38.959140
PAY001913,CUST9719,21243,Credit Card,Quarterly,SUCCESS,,2,Approved,0,2026-04-26 21:32:38.959140
PAY001914,CUST8209,18490,UPI,Monthly,SUCCESS,,2,Approved,0,2026-07-01 17:55:38.959140
PAY001915,CUST3672,10558,Credit Card,Monthly,SUCCESS,,3,Approved,0,2026-06-08 01:21:38.959140
PAY001916,CUST9824,22151,Credit Card,Monthly,FAILED,UPI Failure,2,Timeout,1,2026-03-27 00:24:38.959140
PAY001917,CUST9690,7694,Net Banking,Monthly,FAILED,Fraud Suspected,1,Timeout,0,2026-05-04 17:24:38.959140
PAY001918,CUST3532,20071,Debit Card,Monthly,SUCCESS,,1,Approved,0,2026-06-21 18:00:38.959140
PAY001919,CUST3587,13082,Wallet,Annual,SUCCESS,,1,Approved,0,2026-08-11 23:14:38.959140
PAY001920,CUST7830,17022,Debit Card,Monthly,SUCCESS,,3,Approved,0,2026-07-06 18:22:38.959140
PAY001921,CUST6467,15564,Debit Card,Annual,FAILED,Bank Timeout,2,Timeout,1,2026-05-16 07:14:38.959140
PAY001922,CUST7447,10192,Net Banking,Monthly,SUCCESS,,3,Approved,0,2026-06-20 08:16:38.959140
PAY001923,CUST8485,13339,Debit Card,Monthly,FAILED,User Cancelled,0,Declined,0,2026-05-23 05:15:38.959140
PAY001924,CUST7119,6725,UPI,Quarterly,FAILED,Fraud Suspected,1,Timeout,0,2026-07-08 07:47:38.959140
PAY001925,CUST4267,12629,Credit Card,Annual,SUCCESS,,2,Approved,0,2026-06-19 09:28:38.959140
PAY001926,CUST4983,9076,Credit Card,Quarterly,SUCCESS,,0,Approved,0,2026-03-23 08:24:38.959140
PAY001927,CUST1753,23733,Net Banking,Annual,SUCCESS,,3,Approved,0,2026-08-30 02:46:38.959140
PAY001928,CUST7144,23249,UPI,Monthly,FAILED,Fraud Suspected,3,Blocked,0,2026-04-24 06:49:38.959140
PAY001929,CUST7053,11328,Net Banking,Quarterly,SUCCESS,,2,Approved,0,2026-06-15 17:20:38.959140
PAY001930,CUST7779,4499,Credit Card,Monthly,SUCCESS,,0,Approved,0,2026-05-07 21:11:38.959140
PAY001931,CUST2441,18910,Net Banking,Monthly,SUCCESS,,1,Approved,0,2026-06-20 01:56:38.959140
PAY001932,CUST9700,18009,Debit Card,Annual,SUCCESS,,2,Approved,0,2026-06-19 03:22:38.959140
PAY001933,CUST6918,2327,Net Banking,Annual,SUCCESS,,2,Approved,0,2026-08-12 03:56:38.959140
PAY001934,CUST6934,6132,Debit Card,Monthly,FAILED,Network Error,2,Processing Error,1,2026-06-03 01:22:38.959140
PAY001935,CUST1379,23169,Credit Card,Monthly,SUCCESS,,2,Approved,0,2026-04-25 06:54:38.959140
PAY001936,CUST8968,14101,UPI,Annual,SUCCESS,,3,Approved,0,2026-08-03 12:59:38.959140
PAY001937,CUST8163,16884,UPI,Annual,SUCCESS,,2,Approved,0,2026-03-12 18:01:38.959140
PAY001938,CUST2237,10816,Wallet,Monthly,FAILED,User Cancelled,3,Approved,0,2026-04-30 06:08:38.959140
PAY001939,CUST8675,3779,Wallet,Annual,FAILED,Card Expired,1,Blocked,0,2026-08-02 04:19:38.959140
PAY001940,CUST8630,24737,Net Banking,Annual,FAILED,Invalid CVV,0,Timeout,0,2026-07-27 10:48:38.959140
PAY001941,CUST6567,10926,Net Banking,Annual,SUCCESS,,0,Approved,0,2026-04-11 20:58:38.959140
PAY001942,CUST5813,24329,UPI,Annual,FAILED,Insufficient Funds,3,Processing Error,1,2026-08-18 17:04:38.959140
PAY001943,CUST3465,717,Debit Card,Monthly,FAILED,User Cancelled,0,Processing Error,0,2026-04-19 19:16:38.959140
PAY001944,CUST4282,10801,Wallet,Quarterly,SUCCESS,,3,Approved,0,2026-07-06 18:54:38.959140
PAY001945,CUST6054,23524,Credit Card,Monthly,FAILED,Bank Timeout,1,Declined,1,2026-04-13 04:19:38.959140
PAY001946,CUST3086,19822,Wallet,Quarterly,SUCCESS,,0,Approved,0,2026-07-29 16:45:38.959140
PAY001947,CUST4304,10829,Debit Card,Monthly,FAILED,Network Error,2,Declined,1,2026-08-25 19:45:38.959140
PAY001948,CUST4559,8981,Debit Card,Monthly,SUCCESS,,1,Approved,0,2026-08-27 06:00:38.959140
PAY001949,CUST7145,14505,UPI,Quarterly,SUCCESS,,0,Approved,0,2026-08-08 15:43:38.959140
PAY001950,CUST8185,24344,Net Banking,Monthly,FAILED,Insufficient Funds,1,Processing Error,1,2026-05-18 01:17:38.959140
PAY001951,CUST3868,12567,Wallet,Annual,SUCCESS,,0,Approved,0,2026-03-26 16:54:38.959140
PAY001952,CUST4434,4086,UPI,Quarterly,SUCCESS,,1,Approved,0,2026-07-25 12:53:38.959140
PAY001953,CUST4129,11842,Credit Card,Monthly,SUCCESS,,2,Approved,0,2026-05-24 08:57:38.959140
PAY001954,CUST1264,11890,UPI,Quarterly,FAILED,Card Expired,3,Processing Error,0,2026-04-25 06:35:38.959140
PAY001955,CUST2069,13216,Net Banking,Annual,FAILED,User Cancelled,0,Timeout,0,2026-05-13 08:51:38.959140
PAY001956,CUST7384,23076,Net Banking,Monthly,SUCCESS,,0,Approved,0,2026-07-06 05:01:38.959140
PAY001957,CUST3905,9100,Wallet,Monthly,FAILED,Bank Timeout,2,Declined,1,2026-03-18 01:27:38.959140
PAY001958,CUST8697,5202,UPI,Monthly,SUCCESS,,1,Approved,0,2026-07-14 08:02:38.959140
PAY001959,CUST7797,6974,Credit Card,Quarterly,SUCCESS,,2,Approved,0,2026-05-16 11:13:38.959140
PAY001960,CUST3975,17092,Debit Card,Monthly,SUCCESS,,1,Approved,0,2026-07-22 20:56:38.959140
PAY001961,CUST7114,1081,Debit Card,Annual,FAILED,Fraud Suspected,3,Processing Error,0,2026-04-15 22:51:38.959140
PAY001962,CUST8708,945,UPI,Annual,SUCCESS,,2,Approved,0,2026-03-14 23:44:38.959140
PAY001963,CUST9604,13457,Credit Card,Monthly,FAILED,Invalid CVV,0,Blocked,0,2026-06-16 00:14:38.959140
PAY001964,CUST7879,11524,UPI,Monthly,SUCCESS,,1,Approved,0,2026-03-26 13:43:38.959140
PAY001965,CUST1011,15317,Debit Card,Quarterly,FAILED,UPI Failure,3,Declined,1,2026-08-12 15:46:38.959140
PAY001966,CUST9847,8515,Debit Card,Annual,SUCCESS,,1,Approved,0,2026-05-07 13:54:38.959140
PAY001967,CUST4215,3257,Credit Card,Monthly,SUCCESS,,3,Approved,0,2026-06-07 12:19:38.959140
PAY001968,CUST2346,4771,UPI,Annual,SUCCESS,,1,Approved,0,2026-07-07 19:21:38.959140
PAY001969,CUST4706,20251,Debit Card,Monthly,SUCCESS,,0,Approved,0,2026-04-24 06:32:38.959140
PAY001970,CUST8571,9965,Wallet,Annual,SUCCESS,,2,Approved,0,2026-07-17 03:16:38.959140
PAY001971,CUST7914,8839,Debit Card,Annual,SUCCESS,,1,Approved,0,2026-05-08 12:02:38.959140
PAY001972,CUST7308,24229,UPI,Monthly,SUCCESS,,0,Approved,0,2026-07-23 23:00:38.959140
PAY001973,CUST3652,568,Net Banking,Quarterly,FAILED,Insufficient Funds,1,Declined,1,2026-07-03 07:58:38.959140
PAY001974,CUST6634,15853,Credit Card,Annual,SUCCESS,,3,Approved,0,2026-08-12 22:29:38.959140
PAY001975,CUST5305,19012,Wallet,Quarterly,FAILED,Network Error,3,Processing Error,1,2026-05-31 02:30:38.959140
PAY001976,CUST4052,9251,Debit Card,Quarterly,SUCCESS,,2,Approved,0,2026-05-10 04:43:38.959140
PAY001977,CUST9504,16068,Debit Card,Monthly,FAILED,Card Expired,3,Timeout,0,2026-07-08 13:00:38.959140
PAY001978,CUST4721,14075,Net Banking,Monthly,FAILED,Bank Timeout,0,Approved,1,2026-06-16 17:01:38.959140
PAY001979,CUST6695,23452,Debit Card,Quarterly,SUCCESS,,2,Approved,0,2026-04-01 19:02:38.959140
PAY001980,CUST9370,2817,Credit Card,Monthly,SUCCESS,,1,Approved,0,2026-05-21 04:11:38.959140
PAY001981,CUST3486,7368,Wallet,Annual,FAILED,User Cancelled,0,Blocked,0,2026-04-14 23:16:38.959140
PAY001982,CUST4775,17569,Wallet,Monthly,SUCCESS,,2,Approved,0,2026-06-16 00:09:38.959140
PAY001983,CUST4707,3380,Credit Card,Annual,SUCCESS,,1,Approved,0,2026-07-03 09:11:38.959140
PAY001984,CUST1801,20076,Net Banking,Quarterly,FAILED,Network Error,3,Timeout,1,2026-08-13 01:10:38.959140
PAY001985,CUST8807,17195,Net Banking,Quarterly,SUCCESS,,3,Approved,0,2026-08-19 12:03:38.959140
PAY001986,CUST5117,9929,Wallet,Annual,SUCCESS,,0,Approved,0,2026-03-23 10:20:38.959140
PAY001987,CUST7723,24133,Credit Card,Monthly,SUCCESS,,0,Approved,0,2026-03-20 13:58:38.959140
PAY001988,CUST3612,5350,Net Banking,Quarterly,SUCCESS,,1,Approved,0,2026-05-20 00:34:38.959140
PAY001989,CUST4707,8244,Debit Card,Monthly,SUCCESS,,2,Approved,0,2026-03-22 15:23:38.959140
PAY001990,CUST5513,4144,Debit Card,Monthly,FAILED,UPI Failure,1,Declined,1,2026-04-16 06:31:38.959140
PAY001991,CUST2681,17158,Wallet,Quarterly,SUCCESS,,2,Approved,0,2026-06-13 05:40:38.959140
PAY001992,CUST3045,14460,Wallet,Annual,SUCCESS,,2,Approved,0,2026-08-06 11:39:38.959140
PAY001993,CUST6593,5134,Debit Card,Monthly,SUCCESS,,0,Approved,0,2026-08-17 01:00:38.959140
PAY001994,CUST8643,8469,Net Banking,Annual,SUCCESS,,0,Approved,0,2026-07-01 22:11:38.959140
PAY001995,CUST5769,23356,Credit Card,Annual,SUCCESS,,3,Approved,0,2026-07-25 20:59:38.959140
PAY001996,CUST9102,24077,Net Banking,Quarterly,SUCCESS,,2,Approved,0,2026-04-22 17:27:38.959140
PAY001997,CUST5519,3545,Debit Card,Annual,SUCCESS,,2,Approved,0,2026-08-10 03:24:38.959140
PAY001998,CUST2361,13849,UPI,Monthly,SUCCESS,,2,Approved,0,2026-05-13 17:30:38.959140
PAY001999,CUST9109,16009,Credit Card,Annual,SUCCESS,,1,Approved,0,2026-06-24 10:33:38.959140
PAY002000,CUST8993,8807,Wallet,Annual,SUCCESS,,0,Approved,0,2026-07-29 23:07:38.959140
PAY002001,CUST2615,12413,Wallet,Monthly,FAILED,Card Expired,3,Blocked,0,2026-03-17 11:10:38.959140
PAY002002,CUST7911,7917,Net Banking,Annual,SUCCESS,,2,Approved,0,2026-06-23 09:49:38.959140
PAY002003,CUST8548,11479,Wallet,Annual,SUCCESS,,3,Approved,0,2026-08-11 22:41:38.959140
PAY002004,CUST1420,13163,Credit Card,Annual,SUCCESS,,3,Approved,0,2026-07-09 14:26:38.959140
PAY002005,CUST5788,20759,Net Banking,Monthly,SUCCESS,,2,Approved,0,2026-03-27 18:54:38.959140
PAY002006,CUST6636,8406,Debit Card,Monthly,SUCCESS,,2,Approved,0,2026-08-05 18:44:38.959140
PAY002007,CUST5311,1665,Credit Card,Monthly,SUCCESS,,2,Approved,0,2026-06-01 05:09:38.959140
PAY002008,CUST7575,18032,Debit Card,Monthly,SUCCESS,,2,Approved,0,2026-07-22 15:25:38.959140
PAY002009,CUST6010,3011,UPI,Annual,FAILED,Network Error,2,Timeout,1,2026-05-12 20:17:38.959140
PAY002010,CUST9146,13404,Credit Card,Quarterly,SUCCESS,,2,Approved,0,2026-06-30 23:55:38.959140
PAY002011,CUST6521,23278,Net Banking,Quarterly,SUCCESS,,3,Approved,0,2026-05-12 15:00:38.959140
PAY002012,CUST6087,5621,Wallet,Annual,FAILED,Card Expired,2,Declined,0,2026-03-12 16:49:38.959140
PAY002013,CUST2244,9805,Credit Card,Monthly,SUCCESS,,1,Approved,0,2026-05-21 05:59:38.959140
PAY002014,CUST5315,19693,Credit Card,Annual,SUCCESS,,3,Approved,0,2026-08-11 22:35:38.959140
PAY002015,CUST7311,11692,UPI,Annual,SUCCESS,,3,Approved,0,2026-04-03 00:27:38.959140
PAY002016,CUST1668,9729,Credit Card,Annual,FAILED,Network Error,0,Processing Error,1,2026-05-07 18:05:38.959140
PAY002017,CUST4677,9070,Credit Card,Monthly,SUCCESS,,0,Approved,0,2026-06-07 19:42:38.959140
PAY002018,CUST4992,14528,UPI,Annual,FAILED,Insufficient Funds,1,Timeout,1,2026-04-05 06:23:38.959140
PAY002019,CUST4149,14482,Net Banking,Monthly,SUCCESS,,3,Approved,0,2026-06-19 01:50:38.959140
PAY002020,CUST6963,19133,Debit Card,Quarterly,FAILED,Invalid CVV,3,Timeout,0,2026-07-01 23:45:38.959140
PAY002021,CUST6850,7789,UPI,Annual,SUCCESS,,2,Approved,0,2026-06-16 04:08:38.959140
PAY002022,CUST9819,23116,Wallet,Monthly,SUCCESS,,1,Approved,0,2026-08-01 15:04:38.959140
PAY002023,CUST6136,16727,UPI,Annual,SUCCESS,,3,Approved,0,2026-06-15 06:15:38.959140
PAY002024,CUST5409,11513,Wallet,Monthly,SUCCESS,,1,Approved,0,2026-06-02 12:06:38.959140
PAY002025,CUST8146,14447,UPI,Monthly,SUCCESS,,3,Approved,0,2026-06-25 09:37:38.959140
PAY002026,CUST6695,14794,Net Banking,Annual,SUCCESS,,0,Approved,0,2026-08-19 21:13:38.959140
PAY002027,CUST5523,22447,Wallet,Quarterly,SUCCESS,,2,Approved,0,2026-03-21 17:01:38.959140
PAY002028,CUST3184,23946,Net Banking,Monthly,FAILED,UPI Failure,0,Processing Error,1,2026-07-17 17:03:38.959140
PAY002029,CUST4810,10251,Wallet,Annual,SUCCESS,,2,Approved,0,2026-05-08 23:21:38.959140
PAY002030,CUST1867,4825,Debit Card,Annual,FAILED,Insufficient Funds,2,Blocked,1,2026-08-13 20:34:38.959140
PAY002031,CUST7778,2425,Credit Card,Annual,SUCCESS,,0,Approved,0,2026-06-14 05:50:38.959140
PAY002032,CUST3969,19809,UPI,Annual,SUCCESS,,1,Approved,0,2026-08-08 22:38:38.959140
PAY002033,CUST7611,23975,Wallet,Annual,FAILED,Card Expired,0,Approved,0,2026-05-09 04:50:38.959140
PAY002034,CUST6624,12794,Credit Card,Monthly,FAILED,UPI Failure,3,Declined,1,2026-05-18 05:07:38.959140
PAY002035,CUST5128,5912,Net Banking,Monthly,SUCCESS,,3,Approved,0,2026-08-16 19:55:38.959140
PAY002036,CUST6754,13252,UPI,Quarterly,SUCCESS,,1,Approved,0,2026-04-20 01:26:38.959140
PAY002037,CUST1997,3180,Wallet,Monthly,SUCCESS,,2,Approved,0,2026-03-13 12:21:38.959140
PAY002038,CUST9669,3228,UPI,Monthly,SUCCESS,,1,Approved,0,2026-03-10 02:47:38.959140
PAY002039,CUST7141,10134,UPI,Monthly,SUCCESS,,0,Approved,0,2026-08-02 10:39:38.959140
PAY002040,CUST9768,20443,Credit Card,Quarterly,SUCCESS,,3,Approved,0,2026-04-11 21:28:38.959140
PAY002041,CUST7130,22485,Wallet,Monthly,SUCCESS,,1,Approved,0,2026-06-26 23:26:38.959140
PAY002042,CUST1497,23245,Wallet,Monthly,FAILED,Bank Timeout,1,Processing Error,1,2026-06-10 03:47:38.959140
PAY002043,CUST6718,4040,Credit Card,Annual,FAILED,Fraud Suspected,2,Approved,0,2026-08-27 00:27:38.959140
PAY002044,CUST3543,3366,Wallet,Quarterly,SUCCESS,,3,Approved,0,2026-04-13 23:09:38.959140
PAY002045,CUST2072,21676,Debit Card,Monthly,FAILED,UPI Failure,3,Approved,1,2026-07-30 12:51:38.959140
PAY002046,CUST7623,7945,UPI,Quarterly,SUCCESS,,3,Approved,0,2026-04-13 02:06:38.959140
PAY002047,CUST9517,15841,UPI,Annual,SUCCESS,,0,Approved,0,2026-08-11 03:12:38.959140
PAY002048,CUST9951,17378,Credit Card,Quarterly,SUCCESS,,3,Approved,0,2026-07-25 14:16:38.959140
PAY002049,CUST7984,14775,Net Banking,Quarterly,SUCCESS,,1,Approved,0,2026-05-02 03:11:38.959140
PAY002050,CUST2709,16170,Debit Card,Annual,SUCCESS,,0,Approved,0,2026-06-07 05:29:38.959140
PAY002051,CUST5705,12839,UPI,Annual,SUCCESS,,2,Approved,0,2026-06-08 09:20:38.959140
PAY002052,CUST1785,6261,Wallet,Monthly,FAILED,Bank Timeout,0,Timeout,1,2026-05-04 17:03:38.959140
PAY002053,CUST6763,10025,Wallet,Monthly,SUCCESS,,3,Approved,0,2026-04-13 01:39:38.959140
PAY002054,CUST7075,22517,UPI,Monthly,FAILED,Bank Timeout,3,Blocked,1,2026-07-22 05:57:38.959140
PAY002055,CUST6247,6184,UPI,Annual,SUCCESS,,1,Approved,0,2026-07-17 11:48:38.959140
PAY002056,CUST7250,6873,Credit Card,Annual,SUCCESS,,0,Approved,0,2026-03-18 00:51:38.959140
PAY002057,CUST4938,9616,Debit Card,Monthly,SUCCESS,,0,Approved,0,2026-08-21 10:35:38.959140
PAY002058,CUST3554,7582,Credit Card,Annual,FAILED,Invalid CVV,2,Approved,0,2026-08-23 20:13:38.959140
PAY002059,CUST7927,22005,Wallet,Annual,SUCCESS,,2,Approved,0,2026-08-17 08:30:38.959140
PAY002060,CUST1167,20618,Net Banking,Quarterly,FAILED,Fraud Suspected,2,Processing Error,0,2026-04-16 02:21:38.959140
PAY002061,CUST1170,6308,Net Banking,Monthly,SUCCESS,,3,Approved,0,2026-04-24 22:27:38.959140
PAY002062,CUST4653,14816,UPI,Annual,SUCCESS,,1,Approved,0,2026-07-08 11:45:38.959140
PAY002063,CUST4004,5306,Wallet,Quarterly,SUCCESS,,3,Approved,0,2026-03-21 21:46:38.959140
PAY002064,CUST7524,24350,Debit Card,Annual,SUCCESS,,2,Approved,0,2026-07-11 18:09:38.959140
PAY002065,CUST2956,18780,Net Banking,Monthly,SUCCESS,,2,Approved,0,2026-03-29 13:14:38.959140
PAY002066,CUST1584,18277,Net Banking,Quarterly,FAILED,Bank Timeout,3,Blocked,1,2026-04-15 08:29:38.959140
PAY002067,CUST7358,7591,Credit Card,Monthly,SUCCESS,,0,Approved,0,2026-08-08 11:04:38.959140
PAY002068,CUST3338,2307,Net Banking,Annual,FAILED,User Cancelled,1,Processing Error,0,2026-05-28 03:55:38.959140
PAY002069,CUST1716,21820,Wallet,Monthly,FAILED,Network Error,1,Timeout,1,2026-07-27 17:04:38.959140
PAY002070,CUST8569,11284,Credit Card,Annual,FAILED,Bank Timeout,2,Timeout,1,2026-08-24 14:48:38.959140
PAY002071,CUST5780,12551,Wallet,Monthly,SUCCESS,,1,Approved,0,2026-08-29 03:57:38.959140
PAY002072,CUST8190,20651,UPI,Quarterly,SUCCESS,,1,Approved,0,2026-05-09 22:45:38.959140
PAY002073,CUST3639,8152,Credit Card,Annual,SUCCESS,,2,Approved,0,2026-06-19 04:09:38.959140
PAY002074,CUST9487,1957,Wallet,Monthly,FAILED,Card Expired,0,Processing Error,0,2026-07-12 11:00:38.959140
PAY002075,CUST1629,5666,Credit Card,Monthly,SUCCESS,,2,Approved,0,2026-05-16 05:24:38.959140
PAY002076,CUST1957,292,Net Banking,Annual,SUCCESS,,3,Approved,0,2026-03-10 10:10:38.959140
PAY002077,CUST9938,7456,UPI,Monthly,SUCCESS,,0,Approved,0,2026-06-20 09:48:38.959140
PAY002078,CUST7336,15710,Net Banking,Annual,SUCCESS,,3,Approved,0,2026-04-30 05:21:38.959140
PAY002079,CUST8454,16173,Net Banking,Monthly,SUCCESS,,2,Approved,0,2026-05-11 15:12:38.959140
PAY002080,CUST5699,11899,Credit Card,Quarterly,SUCCESS,,1,Approved,0,2026-04-05 02:09:38.959140
PAY002081,CUST5912,5352,Credit Card,Monthly,FAILED,Insufficient Funds,2,Processing Error,1,2026-07-22 12:22:38.959140
PAY002082,CUST3048,23386,Debit Card,Monthly,SUCCESS,,1,Approved,0,2026-05-22 00:36:38.959140
PAY002083,CUST7364,13898,Net Banking,Quarterly,FAILED,UPI Failure,3,Processing Error,1,2026-06-01 15:32:38.959140
PAY002084,CUST9682,21901,Credit Card,Monthly,SUCCESS,,3,Approved,0,2026-04-03 00:49:38.959140
PAY002085,CUST6954,6356,Net Banking,Annual,SUCCESS,,1,Approved,0,2026-08-29 09:07:38.959140
PAY002086,CUST7436,13475,Credit Card,Quarterly,FAILED,Fraud Suspected,2,Declined,0,2026-07-05 00:54:38.959140
PAY002087,CUST7752,21471,UPI,Monthly,SUCCESS,,3,Approved,0,2026-05-03 11:21:38.959140
PAY002088,CUST7296,18176,Wallet,Quarterly,SUCCESS,,1,Approved,0,2026-07-07 21:17:38.959140
PAY002089,CUST4382,14614,Net Banking,Annual,SUCCESS,,0,Approved,0,2026-07-14 03:13:38.959140
PAY002090,CUST7584,9055,Wallet,Monthly,SUCCESS,,1,Approved,0,2026-07-04 12:50:38.959140
PAY002091,CUST3139,10469,Net Banking,Quarterly,SUCCESS,,3,Approved,0,2026-04-23 12:42:38.959140
PAY002092,CUST2590,20163,UPI,Monthly,SUCCESS,,0,Approved,0,2026-07-10 21:32:38.959140
PAY002093,CUST2473,1827,Debit Card,Quarterly,SUCCESS,,2,Approved,0,2026-08-12 00:18:38.959140
PAY002094,CUST2081,5033,Debit Card,Annual,SUCCESS,,1,Approved,0,2026-05-04 18:59:38.959140
PAY002095,CUST5747,19217,Debit Card,Monthly,FAILED,User Cancelled,3,Declined,0,2026-06-04 06:55:38.959140
PAY002096,CUST9721,5335,Wallet,Quarterly,FAILED,Invalid CVV,1,Approved,0,2026-04-08 12:30:38.959140
PAY002097,CUST5607,18197,Credit Card,Monthly,SUCCESS,,3,Approved,0,2026-07-15 04:58:38.959140
PAY002098,CUST1645,4904,Credit Card,Quarterly,SUCCESS,,3,Approved,0,2026-03-27 11:20:38.959140
PAY002099,CUST1326,15725,Wallet,Annual,SUCCESS,,1,Approved,0,2026-07-27 10:54:38.959140
PAY002100,CUST1325,11973,Net Banking,Annual,FAILED,Bank Timeout,3,Processing Error,1,2026-06-24 06:39:38.959140
PAY002101,CUST7061,11232,UPI,Monthly,SUCCESS,,0,Approved,0,2026-08-18 04:22:38.959140
PAY002102,CUST3449,9932,UPI,Annual,SUCCESS,,3,Approved,0,2026-08-23 16:38:38.959140
PAY002103,CUST2361,20881,Debit Card,Annual,SUCCESS,,2,Approved,0,2026-05-02 00:31:38.959140
PAY002104,CUST6983,16310,Debit Card,Monthly,FAILED,Invalid CVV,0,Declined,0,2026-07-01 00:11:38.959140
PAY002105,CUST6219,17152,Credit Card,Monthly,SUCCESS,,0,Approved,0,2026-06-06 22:22:38.959140
PAY002106,CUST8355,23053,Net Banking,Quarterly,SUCCESS,,2,Approved,0,2026-04-26 16:47:38.959140
PAY002107,CUST2314,24674,Debit Card,Annual,SUCCESS,,3,Approved,0,2026-07-07 20:14:38.959140
PAY002108,CUST1314,20551,Debit Card,Quarterly,SUCCESS,,0,Approved,0,2026-07-21 12:55:38.959140
PAY002109,CUST1589,15503,Debit Card,Annual,SUCCESS,,3,Approved,0,2026-05-19 12:09:38.959140
PAY002110,CUST6605,12118,Credit Card,Quarterly,SUCCESS,,3,Approved,0,2026-05-22 22:17:38.959140
PAY002111,CUST5614,18199,Debit Card,Monthly,SUCCESS,,1,Approved,0,2026-06-06 18:57:38.959140
PAY002112,CUST2859,22112,UPI,Monthly,FAILED,User Cancelled,0,Blocked,0,2026-08-03 10:24:38.959140
PAY002113,CUST2064,3606,Credit Card,Annual,FAILED,Bank Timeout,1,Timeout,1,2026-03-23 08:21:38.959140
PAY002114,CUST2153,2962,Credit Card,Annual,FAILED,Insufficient Funds,0,Timeout,1,2026-03-11 13:22:38.959140
PAY002115,CUST2733,15197,Wallet,Monthly,SUCCESS,,2,Approved,0,2026-07-30 21:53:38.959140
PAY002116,CUST2329,4644,Credit Card,Monthly,SUCCESS,,1,Approved,0,2026-08-23 22:02:38.959140
PAY002117,CUST4818,3100,Credit Card,Monthly,SUCCESS,,0,Approved,0,2026-05-27 14:54:38.959140
PAY002118,CUST9672,12776,Credit Card,Quarterly,SUCCESS,,2,Approved,0,2026-07-01 15:52:38.959140
PAY002119,CUST5719,23306,Wallet,Monthly,FAILED,Bank Timeout,3,Processing Error,1,2026-06-28 00:31:38.959140
PAY002120,CUST3881,16731,Credit Card,Quarterly,SUCCESS,,0,Approved,0,2026-03-24 06:49:38.959140
PAY002121,CUST3031,17859,UPI,Monthly,SUCCESS,,1,Approved,0,2026-07-15 05:26:38.959140
PAY002122,CUST7466,10630,Wallet,Quarterly,SUCCESS,,1,Approved,0,2026-04-08 08:52:38.959140
PAY002123,CUST7988,16701,Debit Card,Quarterly,SUCCESS,,2,Approved,0,2026-04-18 12:49:38.959140
PAY002124,CUST5123,17484,Debit Card,Monthly,SUCCESS,,0,Approved,0,2026-07-07 00:16:38.959140
PAY002125,CUST1989,2156,Wallet,Quarterly,SUCCESS,,3,Approved,0,2026-05-11 11:10:38.959140
PAY002126,CUST2445,23564,Debit Card,Annual,SUCCESS,,3,Approved,0,2026-03-11 23:39:38.959140
PAY002127,CUST8385,11943,Debit Card,Annual,FAILED,Fraud Suspected,0,Timeout,0,2026-06-21 10:06:38.959140
PAY002128,CUST9944,12237,Credit Card,Monthly,FAILED,UPI Failure,3,Timeout,1,2026-05-03 11:01:38.959140
PAY002129,CUST8617,1498,Net Banking,Quarterly,SUCCESS,,2,Approved,0,2026-05-23 09:22:38.959140
PAY002130,CUST3501,13312,Credit Card,Annual,FAILED,UPI Failure,3,Processing Error,1,2026-08-14 22:33:38.959140
PAY002131,CUST7249,13848,Credit Card,Quarterly,FAILED,Bank Timeout,0,Timeout,1,2026-08-15 19:00:38.959140
PAY002132,CUST4013,14332,Credit Card,Monthly,SUCCESS,,1,Approved,0,2026-04-06 07:07:38.959140
PAY002133,CUST6526,15574,Credit Card,Monthly,SUCCESS,,1,Approved,0,2026-04-28 02:46:38.959140
PAY002134,CUST5549,5286,Credit Card,Monthly,SUCCESS,,2,Approved,0,2026-08-07 20:35:38.959140
PAY002135,CUST8128,23814,Credit Card,Quarterly,SUCCESS,,3,Approved,0,2026-05-27 14:24:38.959140
PAY002136,CUST8810,2057,Wallet,Quarterly,FAILED,Card Expired,2,Timeout,0,2026-03-29 02:24:38.959140
PAY002137,CUST4545,17097,Net Banking,Quarterly,SUCCESS,,3,Approved,0,2026-08-03 02:18:38.959140
PAY002138,CUST6089,10191,Wallet,Quarterly,SUCCESS,,1,Approved,0,2026-05-10 10:30:38.959140
PAY002139,CUST5618,19730,Debit Card,Annual,SUCCESS,,1,Approved,0,2026-06-14 05:15:38.959140
PAY002140,CUST8758,22660,UPI,Monthly,SUCCESS,,1,Approved,0,2026-05-16 01:53:38.959140
PAY002141,CUST6344,13763,Credit Card,Quarterly,SUCCESS,,1,Approved,0,2026-04-16 22:21:38.959140
PAY002142,CUST6582,15702,Wallet,Quarterly,SUCCESS,,2,Approved,0,2026-06-18 20:02:38.959140
PAY002143,CUST4750,4264,Wallet,Annual,SUCCESS,,2,Approved,0,2026-07-30 02:04:38.959140
PAY002144,CUST8696,8261,UPI,Quarterly,SUCCESS,,3,Approved,0,2026-06-20 08:19:38.959140
PAY002145,CUST3430,3231,Wallet,Quarterly,SUCCESS,,3,Approved,0,2026-07-24 08:52:38.959140
PAY002146,CUST5358,16186,UPI,Quarterly,SUCCESS,,3,Approved,0,2026-06-27 12:01:38.959140
PAY002147,CUST3344,6429,Debit Card,Monthly,SUCCESS,,2,Approved,0,2026-07-17 09:36:38.959140
PAY002148,CUST6835,7417,Wallet,Quarterly,SUCCESS,,0,Approved,0,2026-05-08 08:51:38.959140
PAY002149,CUST6147,9036,Wallet,Annual,SUCCESS,,2,Approved,0,2026-06-06 00:54:38.959140
PAY002150,CUST2972,21261,Debit Card,Annual,SUCCESS,,1,Approved,0,2026-08-24 22:58:38.959140
PAY002151,CUST7160,6486,Net Banking,Annual,SUCCESS,,2,Approved,0,2026-04-23 23:45:38.959140
PAY002152,CUST5851,456,UPI,Monthly,FAILED,Network Error,2,Declined,1,2026-04-26 07:30:38.959140
PAY002153,CUST8617,13908,Credit Card,Quarterly,SUCCESS,,0,Approved,0,2026-05-15 21:48:38.959140
PAY002154,CUST8276,18293,Debit Card,Monthly,SUCCESS,,1,Approved,0,2026-06-25 21:46:38.959140
PAY002155,CUST3668,15039,Wallet,Monthly,FAILED,UPI Failure,2,Timeout,1,2026-04-14 19:21:38.959140
PAY002156,CUST6349,654,Wallet,Quarterly,SUCCESS,,0,Approved,0,2026-03-19 08:16:38.959140
PAY002157,CUST1417,10429,Net Banking,Annual,SUCCESS,,3,Approved,0,2026-06-17 22:46:38.959140
PAY002158,CUST1565,5931,Debit Card,Quarterly,SUCCESS,,2,Approved,0,2026-06-29 09:49:38.959140
PAY002159,CUST9383,18728,UPI,Annual,SUCCESS,,0,Approved,0,2026-08-17 14:15:38.959140
PAY002160,CUST2112,4420,Credit Card,Monthly,SUCCESS,,3,Approved,0,2026-03-21 10:19:38.959140
PAY002161,CUST6903,5452,Debit Card,Quarterly,SUCCESS,,1,Approved,0,2026-03-26 12:34:38.959140
PAY002162,CUST7562,11357,Wallet,Monthly,SUCCESS,,0,Approved,0,2026-06-07 10:48:38.959140
PAY002163,CUST3539,21130,Wallet,Monthly,SUCCESS,,3,Approved,0,2026-07-14 05:55:38.959140
PAY002164,CUST4920,14795,UPI,Annual,FAILED,Fraud Suspected,1,Declined,0,2026-03-30 18:45:38.959140
PAY002165,CUST4694,892,Net Banking,Monthly,SUCCESS,,0,Approved,0,2026-07-04 20:07:38.959140
PAY002166,CUST3500,24954,Credit Card,Annual,SUCCESS,,1,Approved,0,2026-08-29 17:41:38.959140
PAY002167,CUST9359,12797,Debit Card,Quarterly,SUCCESS,,3,Approved,0,2026-03-13 07:21:38.959140
PAY002168,CUST2113,23519,UPI,Monthly,SUCCESS,,3,Approved,0,2026-06-17 22:21:38.959140
PAY002169,CUST9052,6942,UPI,Quarterly,SUCCESS,,1,Approved,0,2026-06-23 21:15:38.959140
PAY002170,CUST3689,19156,Net Banking,Monthly,SUCCESS,,2,Approved,0,2026-06-10 11:44:38.959140
PAY002171,CUST7132,339,Wallet,Quarterly,SUCCESS,,2,Approved,0,2026-04-27 03:51:38.959140
PAY002172,CUST4207,6704,Debit Card,Quarterly,SUCCESS,,2,Approved,0,2026-05-09 16:37:38.959140
PAY002173,CUST1472,21413,Net Banking,Annual,SUCCESS,,2,Approved,0,2026-05-31 00:31:38.959140
PAY002174,CUST1682,22114,Net Banking,Monthly,FAILED,Bank Timeout,3,Approved,1,2026-04-16 01:06:38.959140
PAY002175,CUST5892,6835,Credit Card,Annual,SUCCESS,,1,Approved,0,2026-07-26 02:40:38.959140
PAY002176,CUST5134,11926,Credit Card,Annual,FAILED,Network Error,3,Blocked,1,2026-03-19 16:46:38.959140
PAY002177,CUST3964,504,Debit Card,Monthly,SUCCESS,,1,Approved,0,2026-08-07 19:45:38.959140
PAY002178,CUST6363,23690,Net Banking,Quarterly,SUCCESS,,3,Approved,0,2026-07-18 20:49:38.959140
PAY002179,CUST5675,5514,Credit Card,Monthly,SUCCESS,,3,Approved,0,2026-06-05 05:09:38.959140
PAY002180,CUST1819,107,UPI,Quarterly,SUCCESS,,0,Approved,0,2026-06-30 12:53:38.959140
PAY002181,CUST1877,10042,Debit Card,Monthly,FAILED,Bank Timeout,3,Approved,1,2026-05-18 05:41:38.959140
PAY002182,CUST5587,13965,Net Banking,Annual,SUCCESS,,2,Approved,0,2026-03-23 15:43:38.959140
PAY002183,CUST3323,1245,Debit Card,Quarterly,SUCCESS,,0,Approved,0,2026-05-03 18:54:38.959140
PAY002184,CUST3860,6805,UPI,Monthly,FAILED,Insufficient Funds,0,Processing Error,1,2026-08-24 04:10:38.959140
PAY002185,CUST5475,7793,Debit Card,Monthly,SUCCESS,,3,Approved,0,2026-08-15 03:24:38.959140
PAY002186,CUST3511,15818,Credit Card,Monthly,SUCCESS,,0,Approved,0,2026-07-20 22:55:38.959140
PAY002187,CUST9149,12466,Net Banking,Quarterly,SUCCESS,,0,Approved,0,2026-03-16 13:35:38.959140
PAY002188,CUST2032,533,Debit Card,Annual,SUCCESS,,0,Approved,0,2026-07-07 08:00:38.959140
PAY002189,CUST5379,15800,UPI,Annual,SUCCESS,,1,Approved,0,2026-08-02 18:58:38.959140
PAY002190,CUST8339,6261,UPI,Annual,SUCCESS,,1,Approved,0,2026-07-13 08:28:38.959140
PAY002191,CUST9004,18554,Credit Card,Annual,SUCCESS,,3,Approved,0,2026-06-19 13:17:38.959140
PAY002192,CUST7017,1648,Net Banking,Quarterly,FAILED,Card Expired,2,Blocked,0,2026-05-15 01:43:38.959140
PAY002193,CUST9859,12330,Credit Card,Quarterly,SUCCESS,,2,Approved,0,2026-07-20 00:02:38.959140
PAY002194,CUST7582,11462,Debit Card,Quarterly,SUCCESS,,3,Approved,0,2026-04-10 11:17:38.959140
PAY002195,CUST7681,9681,Debit Card,Quarterly,FAILED,UPI Failure,1,Blocked,1,2026-08-05 00:38:38.959140
PAY002196,CUST6876,8395,Net Banking,Quarterly,SUCCESS,,1,Approved,0,2026-05-09 09:16:38.959140
PAY002197,CUST9296,22392,Credit Card,Annual,FAILED,Insufficient Funds,1,Timeout,1,2026-08-18 18:34:38.959140
PAY002198,CUST3285,20831,Credit Card,Annual,SUCCESS,,1,Approved,0,2026-08-11 17:44:38.959140
PAY002199,CUST9912,13828,UPI,Annual,SUCCESS,,0,Approved,0,2026-06-09 01:48:38.959140
PAY002200,CUST3698,231,Credit Card,Annual,SUCCESS,,2,Approved,0,2026-08-26 22:08:38.959140
PAY002201,CUST6332,11072,Debit Card,Annual,SUCCESS,,3,Approved,0,2026-03-31 02:04:38.959140
PAY002202,CUST2743,17240,Credit Card,Annual,FAILED,User Cancelled,3,Processing Error,0,2026-04-18 16:22:38.959140
PAY002203,CUST1009,5201,Wallet,Monthly,SUCCESS,,1,Approved,0,2026-07-18 04:22:38.959140
PAY002204,CUST7653,2465,Debit Card,Monthly,SUCCESS,,2,Approved,0,2026-04-22 19:49:38.959140
PAY002205,CUST1265,3263,UPI,Quarterly,SUCCESS,,1,Approved,0,2026-03-14 01:55:38.959140
PAY002206,CUST5152,6184,Net Banking,Monthly,SUCCESS,,0,Approved,0,2026-03-22 00:03:38.959140
PAY002207,CUST5918,11814,Debit Card,Quarterly,SUCCESS,,3,Approved,0,2026-03-11 17:24:38.959140
PAY002208,CUST8838,10053,Wallet,Annual,SUCCESS,,3,Approved,0,2026-06-30 12:48:38.959140
PAY002209,CUST6236,16199,Debit Card,Monthly,SUCCESS,,0,Approved,0,2026-06-08 19:44:38.959140
PAY002210,CUST9831,15617,UPI,Quarterly,SUCCESS,,3,Approved,0,2026-07-24 20:46:38.959140
PAY002211,CUST9033,20422,UPI,Quarterly,SUCCESS,,2,Approved,0,2026-08-29 14:00:38.959140
PAY002212,CUST5131,16071,Wallet,Monthly,SUCCESS,,0,Approved,0,2026-06-04 05:58:38.959140
PAY002213,CUST7223,23832,Debit Card,Monthly,SUCCESS,,0,Approved,0,2026-05-31 13:47:38.959140
PAY002214,CUST6075,15476,Wallet,Annual,SUCCESS,,0,Approved,0,2026-05-07 13:53:38.959140
PAY002215,CUST1462,7195,Wallet,Quarterly,FAILED,Insufficient Funds,3,Declined,1,2026-03-27 02:05:38.959140
PAY002216,CUST7359,6037,Wallet,Annual,SUCCESS,,3,Approved,0,2026-04-28 19:35:38.959140
PAY002217,CUST9466,8395,Net Banking,Monthly,SUCCESS,,0,Approved,0,2026-07-14 21:47:38.959140
PAY002218,CUST6429,9712,Net Banking,Monthly,FAILED,Fraud Suspected,1,Blocked,0,2026-03-17 01:11:38.959140
PAY002219,CUST8966,2616,Credit Card,Monthly,SUCCESS,,1,Approved,0,2026-06-05 13:45:38.959140
PAY002220,CUST7172,24495,UPI,Quarterly,SUCCESS,,1,Approved,0,2026-07-28 10:10:38.959140
PAY002221,CUST8285,11242,UPI,Monthly,SUCCESS,,3,Approved,0,2026-04-20 10:34:38.959140
PAY002222,CUST9128,4424,Debit Card,Annual,SUCCESS,,0,Approved,0,2026-05-28 13:18:38.959140
PAY002223,CUST9904,23312,UPI,Quarterly,SUCCESS,,2,Approved,0,2026-07-03 08:51:38.959140
PAY002224,CUST7918,9238,UPI,Monthly,SUCCESS,,3,Approved,0,2026-06-19 06:02:38.959140
PAY002225,CUST7575,21879,Wallet,Monthly,SUCCESS,,2,Approved,0,2026-06-04 04:54:38.959140
PAY002226,CUST4060,4605,Credit Card,Quarterly,FAILED,Bank Timeout,0,Approved,1,2026-03-14 04:34:38.959140
PAY002227,CUST5309,17987,Net Banking,Monthly,SUCCESS,,2,Approved,0,2026-06-19 06:24:38.959140
PAY002228,CUST1651,21603,Credit Card,Monthly,FAILED,Invalid CVV,1,Approved,0,2026-06-23 18:33:38.959140
PAY002229,CUST7092,4464,UPI,Annual,SUCCESS,,3,Approved,0,2026-03-11 20:08:38.959140
PAY002230,CUST3245,3793,Debit Card,Monthly,FAILED,Insufficient Funds,2,Timeout,1,2026-06-24 09:38:38.959140
PAY002231,CUST8843,7096,Credit Card,Monthly,FAILED,UPI Failure,1,Processing Error,1,2026-07-08 16:27:38.959140
PAY002232,CUST3080,18220,Wallet,Monthly,SUCCESS,,0,Approved,0,2026-04-05 09:36:38.959140
PAY002233,CUST3698,2327,Credit Card,Annual,FAILED,Card Expired,3,Blocked,0,2026-06-11 06:14:38.959140
PAY002234,CUST7658,20599,UPI,Quarterly,FAILED,Network Error,2,Timeout,1,2026-08-27 11:42:38.959140
PAY002235,CUST4155,10600,Debit Card,Quarterly,SUCCESS,,3,Approved,0,2026-03-14 20:06:38.959140
PAY002236,CUST9348,7462,Net Banking,Annual,SUCCESS,,1,Approved,0,2026-06-05 01:36:38.959140
PAY002237,CUST2229,20917,Net Banking,Annual,FAILED,Fraud Suspected,1,Processing Error,0,2026-04-22 17:39:38.959140
PAY002238,CUST3384,2272,UPI,Quarterly,SUCCESS,,0,Approved,0,2026-07-16 01:07:38.959140
PAY002239,CUST6594,9301,Debit Card,Annual,SUCCESS,,3,Approved,0,2026-07-06 03:51:38.959140
PAY002240,CUST8991,10196,Net Banking,Annual,SUCCESS,,3,Approved,0,2026-06-10 21:44:38.959140
PAY002241,CUST6522,18455,UPI,Annual,SUCCESS,,1,Approved,0,2026-06-03 05:45:38.959140
PAY002242,CUST5394,11319,Debit Card,Quarterly,SUCCESS,,0,Approved,0,2026-04-24 14:27:38.959140
PAY002243,CUST6311,7564,Credit Card,Annual,SUCCESS,,2,Approved,0,2026-08-25 12:34:38.959140
PAY002244,CUST6488,10137,Wallet,Annual,SUCCESS,,1,Approved,0,2026-08-07 02:55:38.959140
PAY002245,CUST4085,8746,Wallet,Monthly,SUCCESS,,3,Approved,0,2026-07-09 17:07:38.959140
PAY002246,CUST6261,22654,Credit Card,Quarterly,FAILED,User Cancelled,2,Blocked,0,2026-04-13 09:12:38.959140
PAY002247,CUST5775,5781,Credit Card,Monthly,SUCCESS,,0,Approved,0,2026-07-19 17:01:38.959140
PAY002248,CUST9142,20855,Debit Card,Monthly,SUCCESS,,2,Approved,0,2026-04-12 03:06:38.959140
PAY002249,CUST8521,23595,Wallet,Quarterly,SUCCESS,,2,Approved,0,2026-08-26 13:19:38.959140
PAY002250,CUST3038,19955,Net Banking,Annual,SUCCESS,,0,Approved,0,2026-04-24 18:34:38.959140
PAY002251,CUST8450,206,Wallet,Annual,FAILED,Fraud Suspected,0,Processing Error,0,2026-04-13 04:40:38.959140
PAY002252,CUST8007,16847,Net Banking,Annual,FAILED,Fraud Suspected,3,Approved,0,2026-04-15 01:30:38.959140
PAY002253,CUST2956,14424,Credit Card,Monthly,SUCCESS,,3,Approved,0,2026-05-05 19:22:38.959140
PAY002254,CUST2151,1884,Debit Card,Monthly,SUCCESS,,0,Approved,0,2026-08-11 00:35:38.959140
PAY002255,CUST2571,8894,Net Banking,Monthly,SUCCESS,,1,Approved,0,2026-07-30 12:00:38.959140
PAY002256,CUST2825,21735,Debit Card,Annual,SUCCESS,,0,Approved,0,2026-03-11 14:17:38.959140
PAY002257,CUST4776,9411,Credit Card,Annual,SUCCESS,,3,Approved,0,2026-04-22 14:46:38.959140
PAY002258,CUST6792,24731,Credit Card,Monthly,SUCCESS,,2,Approved,0,2026-08-25 17:04:38.959140
PAY002259,CUST4602,19239,Credit Card,Quarterly,SUCCESS,,2,Approved,0,2026-07-26 13:59:38.959140
PAY002260,CUST2493,20293,Wallet,Annual,SUCCESS,,0,Approved,0,2026-04-08 00:00:38.959140
PAY002261,CUST2567,8937,Credit Card,Quarterly,SUCCESS,,3,Approved,0,2026-04-01 11:27:38.959140
PAY002262,CUST3843,15156,Credit Card,Quarterly,SUCCESS,,1,Approved,0,2026-08-19 03:56:38.959140
PAY002263,CUST7335,7923,Net Banking,Monthly,SUCCESS,,2,Approved,0,2026-05-28 00:37:38.959140
PAY002264,CUST8276,2785,Net Banking,Monthly,SUCCESS,,3,Approved,0,2026-07-17 11:51:38.959140
PAY002265,CUST9868,12697,Debit Card,Monthly,SUCCESS,,3,Approved,0,2026-03-13 23:50:38.959140
PAY002266,CUST1339,16205,Net Banking,Annual,FAILED,User Cancelled,3,Timeout,0,2026-07-31 12:59:38.959140
PAY002267,CUST3367,14588,UPI,Annual,SUCCESS,,1,Approved,0,2026-05-16 16:43:38.959140
PAY002268,CUST4570,22488,Debit Card,Quarterly,FAILED,Invalid CVV,3,Declined,0,2026-04-09 10:54:38.959140
PAY002269,CUST4782,8250,Net Banking,Annual,SUCCESS,,2,Approved,0,2026-08-20 08:37:38.959140
PAY002270,CUST1358,894,Net Banking,Annual,FAILED,Card Expired,1,Processing Error,0,2026-07-05 07:21:38.959140
PAY002271,CUST8148,12582,Net Banking,Quarterly,SUCCESS,,0,Approved,0,2026-06-07 04:15:38.959140
PAY002272,CUST5409,8452,Debit Card,Quarterly,SUCCESS,,2,Approved,0,2026-04-20 09:48:38.959140
PAY002273,CUST9473,5621,Wallet,Annual,SUCCESS,,1,Approved,0,2026-08-12 04:52:38.959140
PAY002274,CUST2474,1288,Credit Card,Monthly,FAILED,Insufficient Funds,3,Declined,1,2026-05-15 04:04:38.959140
PAY002275,CUST2298,18213,Wallet,Quarterly,SUCCESS,,0,Approved,0,2026-04-24 09:12:38.959140
PAY002276,CUST8141,9705,Debit Card,Monthly,SUCCESS,,1,Approved,0,2026-08-13 02:04:38.959140
PAY002277,CUST2094,10309,Credit Card,Monthly,SUCCESS,,1,Approved,0,2026-06-12 13:22:38.959140
PAY002278,CUST9977,18862,Net Banking,Quarterly,SUCCESS,,1,Approved,0,2026-05-01 06:35:38.959140
PAY002279,CUST2262,7840,UPI,Monthly,FAILED,Network Error,0,Blocked,1,2026-08-03 20:15:38.959140
PAY002280,CUST8578,5955,Wallet,Quarterly,SUCCESS,,0,Approved,0,2026-07-29 14:59:38.959140
PAY002281,CUST1143,5103,Debit Card,Monthly,SUCCESS,,1,Approved,0,2026-04-23 12:28:38.959140
PAY002282,CUST3211,16917,Credit Card,Monthly,FAILED,Insufficient Funds,0,Processing Error,1,2026-06-08 23:45:38.959140
PAY002283,CUST7016,4433,Wallet,Quarterly,SUCCESS,,1,Approved,0,2026-08-13 16:00:38.959140
PAY002284,CUST2800,15006,Credit Card,Monthly,SUCCESS,,1,Approved,0,2026-07-17 02:11:38.959140
PAY002285,CUST7183,24822,Credit Card,Monthly,SUCCESS,,0,Approved,0,2026-03-22 00:17:38.959140
PAY002286,CUST7471,17429,Wallet,Annual,SUCCESS,,3,Approved,0,2026-07-11 03:23:38.959140
PAY002287,CUST9514,17303,Debit Card,Annual,SUCCESS,,3,Approved,0,2026-07-05 15:33:38.959140
PAY002288,CUST5119,24653,Wallet,Quarterly,SUCCESS,,3,Approved,0,2026-07-24 15:09:38.959140
PAY002289,CUST1596,16474,Credit Card,Monthly,SUCCESS,,1,Approved,0,2026-08-03 07:37:38.959140
PAY002290,CUST7756,12141,Net Banking,Quarterly,SUCCESS,,2,Approved,0,2026-03-30 20:01:38.959140
PAY002291,CUST4255,881,UPI,Monthly,SUCCESS,,2,Approved,0,2026-06-06 11:56:38.959140
PAY002292,CUST3291,21019,Debit Card,Quarterly,SUCCESS,,1,Approved,0,2026-05-30 17:03:38.959140
PAY002293,CUST8193,635,Debit Card,Quarterly,SUCCESS,,1,Approved,0,2026-08-21 07:24:38.959140
PAY002294,CUST4353,23458,Net Banking,Monthly,SUCCESS,,3,Approved,0,2026-05-16 10:38:38.959140
PAY002295,CUST3384,1781,UPI,Quarterly,SUCCESS,,1,Approved,0,2026-08-29 07:54:38.959140
PAY002296,CUST7333,11585,Net Banking,Monthly,SUCCESS,,3,Approved,0,2026-08-22 08:25:38.959140
PAY002297,CUST8855,11724,UPI,Quarterly,SUCCESS,,3,Approved,0,2026-03-17 04:17:38.959140
PAY002298,CUST2659,10268,Credit Card,Annual,SUCCESS,,1,Approved,0,2026-03-11 19:32:38.959140
PAY002299,CUST9347,8933,Credit Card,Annual,SUCCESS,,0,Approved,0,2026-03-14 07:04:38.959140
PAY002300,CUST6472,890,Wallet,Quarterly,SUCCESS,,3,Approved,0,2026-05-22 05:46:38.959140
PAY002301,CUST1834,10799,Wallet,Annual,SUCCESS,,2,Approved,0,2026-05-15 18:54:38.959140
PAY002302,CUST9420,14464,UPI,Annual,SUCCESS,,3,Approved,0,2026-05-27 16:49:38.959140
PAY002303,CUST8206,23975,Debit Card,Monthly,FAILED,Invalid CVV,0,Timeout,0,2026-04-06 17:08:38.959140
PAY002304,CUST7289,6532,Debit Card,Quarterly,SUCCESS,,0,Approved,0,2026-06-30 02:23:38.959140
PAY002305,CUST3178,1541,Credit Card,Quarterly,SUCCESS,,2,Approved,0,2026-03-12 00:09:38.959140
PAY002306,CUST9962,13782,Wallet,Quarterly,SUCCESS,,1,Approved,0,2026-05-26 12:26:38.959140
PAY002307,CUST5350,7000,Net Banking,Monthly,FAILED,Bank Timeout,0,Approved,1,2026-03-21 20:35:38.959140
PAY002308,CUST2310,5525,Net Banking,Quarterly,SUCCESS,,3,Approved,0,2026-03-30 14:20:38.959140
PAY002309,CUST9977,12292,Debit Card,Annual,SUCCESS,,3,Approved,0,2026-04-25 18:49:38.959140
PAY002310,CUST9520,17358,Debit Card,Annual,SUCCESS,,1,Approved,0,2026-07-09 08:41:38.959140
PAY002311,CUST8919,8136,Debit Card,Quarterly,FAILED,Insufficient Funds,1,Processing Error,1,2026-08-05 03:43:38.959140
PAY002312,CUST5920,9948,Debit Card,Monthly,FAILED,Invalid CVV,3,Approved,0,2026-07-19 15:38:38.959140
PAY002313,CUST8607,18285,Credit Card,Monthly,FAILED,Network Error,1,Declined,1,2026-08-10 12:51:38.959140
PAY002314,CUST7551,16674,Net Banking,Annual,SUCCESS,,2,Approved,0,2026-05-23 22:06:38.959140
PAY002315,CUST8883,2757,UPI,Quarterly,SUCCESS,,1,Approved,0,2026-04-08 08:58:38.959140
PAY002316,CUST7786,1963,Net Banking,Monthly,FAILED,Invalid CVV,3,Declined,0,2026-05-22 16:44:38.959140
PAY002317,CUST4861,12235,Net Banking,Quarterly,SUCCESS,,0,Approved,0,2026-05-04 20:56:38.959140
PAY002318,CUST5693,13086,Credit Card,Annual,FAILED,Invalid CVV,1,Declined,0,2026-05-22 14:05:38.959140
PAY002319,CUST7174,11112,UPI,Monthly,FAILED,User Cancelled,1,Blocked,0,2026-06-26 15:51:38.959140
PAY002320,CUST9853,24263,Net Banking,Quarterly,SUCCESS,,0,Approved,0,2026-04-06 02:47:38.959140
PAY002321,CUST3909,22950,UPI,Monthly,FAILED,Insufficient Funds,1,Processing Error,1,2026-03-19 03:37:38.959140
PAY002322,CUST2433,12117,UPI,Monthly,SUCCESS,,2,Approved,0,2026-07-09 01:17:38.959140
PAY002323,CUST1003,10917,Credit Card,Monthly,FAILED,Card Expired,0,Approved,0,2026-03-16 21:22:38.959140
PAY002324,CUST9619,16167,UPI,Annual,FAILED,Fraud Suspected,0,Blocked,0,2026-04-27 11:13:38.959140
PAY002325,CUST5259,2227,Credit Card,Annual,SUCCESS,,3,Approved,0,2026-06-28 03:37:38.959140
PAY002326,CUST1524,16970,Net Banking,Quarterly,FAILED,Network Error,0,Timeout,1,2026-06-08 04:06:38.959140
PAY002327,CUST8413,22869,Debit Card,Annual,SUCCESS,,3,Approved,0,2026-08-04 07:21:38.959140
PAY002328,CUST4852,21512,Debit Card,Annual,SUCCESS,,3,Approved,0,2026-05-24 21:22:38.959140
PAY002329,CUST3543,7985,UPI,Monthly,SUCCESS,,3,Approved,0,2026-04-05 21:00:38.959140
PAY002330,CUST8355,3956,Credit Card,Monthly,SUCCESS,,1,Approved,0,2026-03-29 09:40:38.959140
PAY002331,CUST6242,9355,Wallet,Monthly,SUCCESS,,2,Approved,0,2026-07-12 23:57:38.959140
PAY002332,CUST5956,14364,Credit Card,Quarterly,SUCCESS,,3,Approved,0,2026-04-01 02:57:38.959140
PAY002333,CUST4137,12033,Debit Card,Monthly,SUCCESS,,1,Approved,0,2026-05-19 22:38:38.959140
PAY002334,CUST9152,8362,Net Banking,Annual,SUCCESS,,3,Approved,0,2026-04-12 18:20:38.959140
PAY002335,CUST7919,23336,Debit Card,Annual,FAILED,Bank Timeout,2,Timeout,1,2026-05-30 15:37:38.959140
PAY002336,CUST7812,6127,UPI,Quarterly,FAILED,Bank Timeout,0,Timeout,1,2026-08-15 00:42:38.959140
PAY002337,CUST9401,11061,Wallet,Quarterly,FAILED,Bank Timeout,1,Declined,1,2026-03-17 10:50:38.959140
PAY002338,CUST6910,6726,Debit Card,Annual,FAILED,Insufficient Funds,1,Approved,1,2026-05-24 20:56:38.959140
PAY002339,CUST9209,188,Credit Card,Monthly,SUCCESS,,0,Approved,0,2026-06-05 16:36:38.959140
PAY002340,CUST7401,22392,Wallet,Annual,SUCCESS,,2,Approved,0,2026-06-14 10:38:38.959140
PAY002341,CUST1645,20160,Net Banking,Annual,SUCCESS,,1,Approved,0,2026-05-27 23:30:38.959140
PAY002342,CUST5661,9608,Debit Card,Monthly,SUCCESS,,3,Approved,0,2026-03-17 21:42:38.959140
PAY002343,CUST7836,20645,Net Banking,Annual,SUCCESS,,0,Approved,0,2026-06-04 04:25:38.959140
PAY002344,CUST5336,10426,Debit Card,Annual,SUCCESS,,1,Approved,0,2026-05-30 14:07:38.959140
PAY002345,CUST9695,7618,Credit Card,Monthly,FAILED,Fraud Suspected,2,Approved,0,2026-05-20 16:11:38.959140
PAY002346,CUST1036,14820,Net Banking,Monthly,SUCCESS,,1,Approved,0,2026-05-21 01:39:38.959140
PAY002347,CUST1838,9065,Net Banking,Annual,FAILED,Fraud Suspected,3,Blocked,0,2026-03-12 18:38:38.959140
PAY002348,CUST2898,21768,Credit Card,Quarterly,SUCCESS,,2,Approved,0,2026-07-29 17:41:38.959140
PAY002349,CUST4281,10866,UPI,Annual,SUCCESS,,1,Approved,0,2026-06-17 00:39:38.959140
PAY002350,CUST8862,10872,UPI,Monthly,SUCCESS,,1,Approved,0,2026-08-29 02:53:38.959140
PAY002351,CUST5789,24655,Debit Card,Quarterly,SUCCESS,,2,Approved,0,2026-04-09 13:42:38.959140
PAY002352,CUST3685,14072,Debit Card,Monthly,SUCCESS,,1,Approved,0,2026-07-20 12:59:38.959140
PAY002353,CUST3548,9561,UPI,Monthly,FAILED,Card Expired,2,Approved,0,2026-06-16 12:39:38.959140
PAY002354,CUST6530,2261,UPI,Annual,FAILED,Card Expired,2,Processing Error,0,2026-04-11 09:10:38.959140
PAY002355,CUST5559,17616,UPI,Quarterly,FAILED,Card Expired,3,Processing Error,0,2026-06-10 18:51:38.959140
PAY002356,CUST5100,11673,UPI,Annual,FAILED,Network Error,1,Blocked,1,2026-05-19 09:54:38.959140
PAY002357,CUST3627,2930,Wallet,Annual,FAILED,Bank Timeout,0,Timeout,1,2026-04-08 08:17:38.959140
PAY002358,CUST6573,15784,Net Banking,Quarterly,SUCCESS,,2,Approved,0,2026-03-15 05:23:38.959140
PAY002359,CUST3744,16889,Credit Card,Annual,SUCCESS,,3,Approved,0,2026-04-17 11:02:38.959140
PAY002360,CUST4715,19312,Net Banking,Annual,SUCCESS,,0,Approved,0,2026-07-23 08:39:38.959140
PAY002361,CUST1687,12789,UPI,Quarterly,FAILED,User Cancelled,2,Declined,0,2026-07-04 18:28:38.959140
PAY002362,CUST7103,18807,Debit Card,Quarterly,SUCCESS,,2,Approved,0,2026-03-12 22:02:38.959140
PAY002363,CUST8593,342,UPI,Monthly,SUCCESS,,2,Approved,0,2026-08-13 17:23:38.959140
PAY002364,CUST9099,19584,Wallet,Annual,FAILED,Bank Timeout,0,Processing Error,1,2026-06-25 17:35:38.959140
PAY002365,CUST1532,11263,Debit Card,Monthly,SUCCESS,,0,Approved,0,2026-07-01 13:39:38.959140
PAY002366,CUST2746,14046,UPI,Quarterly,SUCCESS,,2,Approved,0,2026-03-16 21:21:38.959140
PAY002367,CUST7219,4585,Credit Card,Quarterly,SUCCESS,,2,Approved,0,2026-08-05 07:03:38.959140
PAY002368,CUST6960,13600,UPI,Quarterly,SUCCESS,,0,Approved,0,2026-06-14 11:02:38.959140
PAY002369,CUST1428,9923,Debit Card,Quarterly,SUCCESS,,3,Approved,0,2026-03-13 22:33:38.959140
PAY002370,CUST9600,3148,Wallet,Annual,SUCCESS,,1,Approved,0,2026-08-26 08:37:38.959140
PAY002371,CUST6215,11978,UPI,Monthly,FAILED,Fraud Suspected,0,Timeout,0,2026-03-27 02:58:38.959140
PAY002372,CUST1804,19177,Debit Card,Quarterly,SUCCESS,,0,Approved,0,2026-04-20 22:45:38.959140
PAY002373,CUST5874,18128,UPI,Quarterly,FAILED,Fraud Suspected,0,Blocked,0,2026-08-04 13:04:38.959140
PAY002374,CUST6460,1433,Debit Card,Annual,FAILED,Invalid CVV,2,Approved,0,2026-08-24 01:41:38.959140
PAY002375,CUST1065,2351,UPI,Quarterly,SUCCESS,,0,Approved,0,2026-08-29 13:24:38.959140
PAY002376,CUST2751,11932,Debit Card,Monthly,SUCCESS,,3,Approved,0,2026-06-16 11:06:38.959140
PAY002377,CUST6473,18488,Credit Card,Monthly,SUCCESS,,1,Approved,0,2026-03-24 17:32:38.959140
PAY002378,CUST1275,18744,Net Banking,Monthly,SUCCESS,,0,Approved,0,2026-07-02 15:24:38.959140
PAY002379,CUST9350,4249,Credit Card,Quarterly,SUCCESS,,1,Approved,0,2026-07-22 03:00:38.959140
PAY002380,CUST4072,17235,Net Banking,Annual,SUCCESS,,2,Approved,0,2026-06-22 18:50:38.959140
PAY002381,CUST7364,14180,Credit Card,Annual,SUCCESS,,1,Approved,0,2026-06-29 10:35:38.959140
PAY002382,CUST7742,4562,Wallet,Quarterly,SUCCESS,,3,Approved,0,2026-06-25 08:20:38.959140
PAY002383,CUST7884,20296,Debit Card,Annual,SUCCESS,,0,Approved,0,2026-07-16 11:44:38.959140
PAY002384,CUST4132,146,Debit Card,Annual,SUCCESS,,0,Approved,0,2026-05-22 15:05:38.959140
PAY002385,CUST5076,6140,Credit Card,Annual,SUCCESS,,0,Approved,0,2026-07-09 22:58:38.959140
PAY002386,CUST2182,8290,Net Banking,Monthly,SUCCESS,,0,Approved,0,2026-07-20 22:07:38.959140
PAY002387,CUST2814,9160,UPI,Quarterly,FAILED,Insufficient Funds,0,Declined,1,2026-06-22 09:35:38.959140
PAY002388,CUST3408,6860,UPI,Quarterly,SUCCESS,,3,Approved,0,2026-04-05 02:03:38.959140
PAY002389,CUST9501,13570,Debit Card,Quarterly,SUCCESS,,3,Approved,0,2026-07-07 20:43:38.959140
PAY002390,CUST7376,20908,Debit Card,Monthly,SUCCESS,,1,Approved,0,2026-04-16 10:40:38.959140
PAY002391,CUST8167,21801,UPI,Quarterly,FAILED,UPI Failure,1,Timeout,1,2026-06-06 23:41:38.959140
PAY002392,CUST1976,15289,Net Banking,Annual,SUCCESS,,1,Approved,0,2026-03-20 23:30:38.959140
PAY002393,CUST5705,13645,Credit Card,Quarterly,SUCCESS,,0,Approved,0,2026-08-17 05:43:38.959140
PAY002394,CUST9676,14063,UPI,Annual,SUCCESS,,0,Approved,0,2026-06-03 22:49:38.959140
PAY002395,CUST4291,10034,Debit Card,Quarterly,SUCCESS,,1,Approved,0,2026-05-30 14:26:38.959140
PAY002396,CUST3187,8934,UPI,Monthly,FAILED,Network Error,1,Processing Error,1,2026-06-05 05:54:38.959140
PAY002397,CUST9350,12700,Credit Card,Monthly,SUCCESS,,1,Approved,0,2026-08-29 11:21:38.959140
PAY002398,CUST2619,12250,Debit Card,Annual,SUCCESS,,2,Approved,0,2026-07-13 09:29:38.959140
PAY002399,CUST2031,10264,Wallet,Monthly,SUCCESS,,3,Approved,0,2026-03-13 11:55:38.959140
PAY002400,CUST5002,9366,Wallet,Annual,SUCCESS,,2,Approved,0,2026-08-04 04:54:38.959140
PAY002401,CUST9143,17463,Wallet,Monthly,SUCCESS,,1,Approved,0,2026-07-02 00:54:38.959140
PAY002402,CUST7876,740,Wallet,Quarterly,SUCCESS,,2,Approved,0,2026-07-27 16:49:38.959140
PAY002403,CUST6019,6436,Net Banking,Quarterly,SUCCESS,,1,Approved,0,2026-03-29 13:07:38.959140
PAY002404,CUST7585,9009,Wallet,Annual,SUCCESS,,1,Approved,0,2026-07-02 06:42:38.959140
PAY002405,CUST4215,3247,Credit Card,Quarterly,SUCCESS,,3,Approved,0,2026-06-03 16:47:38.959140
PAY002406,CUST4951,11113,Wallet,Quarterly,SUCCESS,,2,Approved,0,2026-06-03 14:44:38.959140
PAY002407,CUST2249,14216,UPI,Annual,SUCCESS,,0,Approved,0,2026-07-13 08:42:38.959140
PAY002408,CUST8652,7678,Net Banking,Annual,FAILED,Insufficient Funds,3,Declined,1,2026-08-14 13:15:38.959140
PAY002409,CUST4616,2478,Credit Card,Monthly,FAILED,UPI Failure,0,Declined,1,2026-07-11 18:23:38.959140
PAY002410,CUST7703,1298,UPI,Quarterly,SUCCESS,,2,Approved,0,2026-03-11 22:20:38.959140
PAY002411,CUST6583,14839,Credit Card,Annual,SUCCESS,,1,Approved,0,2026-03-26 19:39:38.959140
PAY002412,CUST8798,8301,Debit Card,Annual,SUCCESS,,1,Approved,0,2026-03-17 20:13:38.959140
PAY002413,CUST9020,24915,Credit Card,Quarterly,SUCCESS,,0,Approved,0,2026-08-25 09:59:38.959140
PAY002414,CUST5549,3378,UPI,Quarterly,FAILED,Network Error,0,Blocked,1,2026-06-09 11:56:38.959140
PAY002415,CUST3691,11793,UPI,Annual,SUCCESS,,3,Approved,0,2026-06-19 01:41:38.959140
PAY002416,CUST5509,20651,Credit Card,Monthly,SUCCESS,,0,Approved,0,2026-07-09 06:42:38.959140
PAY002417,CUST4425,7773,Credit Card,Monthly,FAILED,Bank Timeout,0,Declined,1,2026-07-21 03:18:38.959140
PAY002418,CUST3203,2106,UPI,Monthly,SUCCESS,,3,Approved,0,2026-04-19 21:00:38.959140
PAY002419,CUST5908,23825,Net Banking,Monthly,SUCCESS,,1,Approved,0,2026-05-15 13:07:38.959140
PAY002420,CUST1124,5311,Credit Card,Quarterly,SUCCESS,,3,Approved,0,2026-05-17 15:07:38.959140
PAY002421,CUST2389,5836,Credit Card,Monthly,SUCCESS,,3,Approved,0,2026-03-29 13:23:38.959140
PAY002422,CUST4756,13699,Credit Card,Quarterly,SUCCESS,,0,Approved,0,2026-05-27 22:06:38.959140
PAY002423,CUST8422,23486,Credit Card,Annual,SUCCESS,,2,Approved,0,2026-08-18 03:55:38.959140
PAY002424,CUST8357,18688,Net Banking,Monthly,SUCCESS,,1,Approved,0,2026-08-30 09:39:38.959140
PAY002425,CUST5263,14683,Wallet,Monthly,SUCCESS,,2,Approved,0,2026-05-06 06:40:38.959140
PAY002426,CUST9772,755,Net Banking,Monthly,FAILED,Fraud Suspected,1,Processing Error,0,2026-05-22 16:16:38.959140
PAY002427,CUST9741,3878,UPI,Annual,FAILED,Insufficient Funds,1,Declined,1,2026-08-20 19:01:38.959140
PAY002428,CUST9486,21386,Credit Card,Annual,SUCCESS,,1,Approved,0,2026-03-19 10:03:38.959140
PAY002429,CUST9907,4241,UPI,Monthly,FAILED,Insufficient Funds,1,Blocked,1,2026-08-22 02:21:38.959140
PAY002430,CUST9807,2837,UPI,Quarterly,SUCCESS,,2,Approved,0,2026-06-13 09:19:38.959140
PAY002431,CUST3921,18085,UPI,Quarterly,SUCCESS,,1,Approved,0,2026-08-07 13:18:38.959140
PAY002432,CUST4612,6826,UPI,Annual,SUCCESS,,1,Approved,0,2026-08-02 23:01:38.959140
PAY002433,CUST9957,14593,UPI,Annual,SUCCESS,,0,Approved,0,2026-05-25 15:30:38.959140
PAY002434,CUST1490,15201,UPI,Monthly,FAILED,Fraud Suspected,1,Timeout,0,2026-07-11 20:02:38.959140
PAY002435,CUST6283,21885,Credit Card,Annual,FAILED,Insufficient Funds,0,Approved,1,2026-08-13 21:14:38.959140
PAY002436,CUST2609,19295,Net Banking,Annual,FAILED,Network Error,0,Processing Error,1,2026-03-24 20:15:38.959140
PAY002437,CUST3453,1974,Debit Card,Quarterly,SUCCESS,,0,Approved,0,2026-07-18 17:34:38.959140
PAY002438,CUST5786,3872,Debit Card,Monthly,SUCCESS,,2,Approved,0,2026-07-24 19:05:38.959140
PAY002439,CUST9046,4946,Wallet,Monthly,SUCCESS,,3,Approved,0,2026-05-01 01:57:38.959140
PAY002440,CUST7216,9568,Net Banking,Monthly,SUCCESS,,0,Approved,0,2026-05-05 23:37:38.959140
PAY002441,CUST1800,15411,UPI,Annual,SUCCESS,,0,Approved,0,2026-03-17 20:06:38.959140
PAY002442,CUST6594,8147,UPI,Quarterly,SUCCESS,,3,Approved,0,2026-05-11 16:05:38.959140
PAY002443,CUST7188,9112,Wallet,Monthly,SUCCESS,,1,Approved,0,2026-05-22 13:30:38.959140
PAY002444,CUST4733,4990,Debit Card,Quarterly,SUCCESS,,2,Approved,0,2026-06-10 22:48:38.959140
PAY002445,CUST3789,12098,Wallet,Quarterly,SUCCESS,,2,Approved,0,2026-08-06 08:45:38.959140
PAY002446,CUST8696,18204,UPI,Quarterly,SUCCESS,,0,Approved,0,2026-07-01 13:58:38.959140
PAY002447,CUST6817,13539,UPI,Annual,SUCCESS,,3,Approved,0,2026-06-30 07:42:38.959140
PAY002448,CUST5387,17329,UPI,Monthly,FAILED,Card Expired,1,Approved,0,2026-04-01 16:42:38.959140
PAY002449,CUST5237,8383,Credit Card,Annual,FAILED,Insufficient Funds,0,Timeout,1,2026-08-18 20:35:38.959140
PAY002450,CUST4075,16432,Wallet,Annual,FAILED,Network Error,1,Processing Error,1,2026-06-11 16:12:38.959140
PAY002451,CUST2073,8874,Credit Card,Annual,SUCCESS,,1,Approved,0,2026-04-06 23:49:38.959140
PAY002452,CUST3799,22312,Wallet,Annual,SUCCESS,,2,Approved,0,2026-07-19 23:07:38.959140
PAY002453,CUST5875,21954,Credit Card,Monthly,SUCCESS,,2,Approved,0,2026-05-23 00:14:38.959140
PAY002454,CUST9656,13854,Net Banking,Monthly,SUCCESS,,1,Approved,0,2026-05-15 20:10:38.959140
PAY002455,CUST1668,8351,Net Banking,Quarterly,SUCCESS,,0,Approved,0,2026-06-01 21:35:38.959140
PAY002456,CUST5761,20796,UPI,Monthly,FAILED,User Cancelled,3,Timeout,0,2026-04-07 07:44:38.959140
PAY002457,CUST9904,7605,Credit Card,Quarterly,SUCCESS,,2,Approved,0,2026-05-10 16:24:38.959140
PAY002458,CUST2386,23994,Net Banking,Quarterly,SUCCESS,,0,Approved,0,2026-07-09 12:40:38.959140
PAY002459,CUST9689,9267,Wallet,Monthly,SUCCESS,,2,Approved,0,2026-06-11 04:28:38.959140
PAY002460,CUST9207,24045,Wallet,Monthly,FAILED,Network Error,0,Blocked,1,2026-05-15 20:40:38.959140
PAY002461,CUST2008,9124,Debit Card,Monthly,FAILED,Bank Timeout,2,Processing Error,1,2026-07-19 20:58:38.959140
PAY002462,CUST5773,21040,Credit Card,Monthly,SUCCESS,,0,Approved,0,2026-08-12 01:53:38.959140
PAY002463,CUST6162,6945,UPI,Quarterly,FAILED,Fraud Suspected,2,Blocked,0,2026-04-14 04:16:38.959140
PAY002464,CUST2549,4732,Wallet,Quarterly,SUCCESS,,0,Approved,0,2026-03-26 04:42:38.959140
PAY002465,CUST1791,23732,Wallet,Monthly,SUCCESS,,0,Approved,0,2026-06-16 21:39:38.959140
PAY002466,CUST4551,3094,Credit Card,Quarterly,SUCCESS,,1,Approved,0,2026-06-07 11:21:38.959140
PAY002467,CUST7662,7495,UPI,Annual,SUCCESS,,0,Approved,0,2026-08-17 10:25:38.959140
PAY002468,CUST6364,2847,Net Banking,Monthly,SUCCESS,,3,Approved,0,2026-07-25 20:43:38.959140
PAY002469,CUST9592,16505,UPI,Monthly,SUCCESS,,3,Approved,0,2026-07-29 14:21:38.959140
PAY002470,CUST2748,6937,Debit Card,Quarterly,FAILED,Insufficient Funds,0,Blocked,1,2026-08-04 09:10:38.959140
PAY002471,CUST7181,4290,Debit Card,Quarterly,SUCCESS,,0,Approved,0,2026-04-23 06:58:38.959140
PAY002472,CUST5647,16396,Wallet,Monthly,SUCCESS,,2,Approved,0,2026-07-20 13:25:38.959140
PAY002473,CUST7027,13714,Wallet,Quarterly,FAILED,Network Error,0,Processing Error,1,2026-08-17 09:58:38.959140
PAY002474,CUST2161,1997,UPI,Annual,SUCCESS,,0,Approved,0,2026-05-05 11:00:38.959140
PAY002475,CUST9834,18941,Debit Card,Monthly,SUCCESS,,2,Approved,0,2026-03-29 14:49:38.959140
PAY002476,CUST1432,17462,Wallet,Monthly,SUCCESS,,3,Approved,0,2026-05-11 05:36:38.959140
PAY002477,CUST9287,13444,Credit Card,Monthly,FAILED,Bank Timeout,1,Declined,1,2026-04-09 20:35:38.959140
PAY002478,CUST7852,9110,UPI,Monthly,SUCCESS,,2,Approved,0,2026-05-10 06:38:38.959140
PAY002479,CUST9514,1294,Wallet,Quarterly,SUCCESS,,2,Approved,0,2026-04-02 11:26:38.959140
PAY002480,CUST4893,1503,Net Banking,Quarterly,FAILED,Insufficient Funds,2,Timeout,1,2026-07-02 13:50:38.959140
PAY002481,CUST2572,24470,UPI,Annual,SUCCESS,,0,Approved,0,2026-06-12 08:15:38.959140
PAY002482,CUST4161,687,UPI,Annual,SUCCESS,,0,Approved,0,2026-08-28 14:58:38.959140
PAY002483,CUST7328,11938,Credit Card,Annual,FAILED,Card Expired,3,Approved,0,2026-05-21 05:22:38.959140
PAY002484,CUST3875,10597,Credit Card,Quarterly,SUCCESS,,1,Approved,0,2026-03-27 23:54:38.959140
PAY002485,CUST4004,11757,Net Banking,Annual,FAILED,Invalid CVV,0,Blocked,0,2026-08-05 14:29:38.959140
PAY002486,CUST3336,20624,Wallet,Monthly,SUCCESS,,3,Approved,0,2026-05-26 01:47:38.959140
PAY002487,CUST4966,8742,Debit Card,Annual,FAILED,Insufficient Funds,2,Approved,1,2026-07-24 06:33:38.959140
PAY002488,CUST4179,17394,Debit Card,Quarterly,SUCCESS,,3,Approved,0,2026-07-29 20:10:38.959140
PAY002489,CUST1755,21958,Credit Card,Monthly,SUCCESS,,1,Approved,0,2026-05-22 23:26:38.959140
PAY002490,CUST2678,20235,Debit Card,Quarterly,SUCCESS,,0,Approved,0,2026-03-19 12:32:38.959140
PAY002491,CUST7033,690,Wallet,Annual,SUCCESS,,0,Approved,0,2026-06-10 04:05:38.959140
PAY002492,CUST3978,9580,UPI,Annual,SUCCESS,,2,Approved,0,2026-06-22 07:27:38.959140
PAY002493,CUST7158,8462,Debit Card,Annual,FAILED,Invalid CVV,1,Blocked,0,2026-05-22 03:20:38.959140
PAY002494,CUST9555,24986,Debit Card,Monthly,SUCCESS,,3,Approved,0,2026-03-26 02:56:38.959140
PAY002495,CUST5066,12098,Credit Card,Quarterly,SUCCESS,,3,Approved,0,2026-07-03 17:21:38.959140
PAY002496,CUST9199,9746,Debit Card,Annual,SUCCESS,,0,Approved,0,2026-07-28 09:27:38.959140
PAY002497,CUST4119,6470,UPI,Monthly,SUCCESS,,1,Approved,0,2026-08-18 22:03:38.959140
PAY002498,CUST7622,7407,Wallet,Annual,FAILED,Bank Timeout,2,Processing Error,1,2026-07-29 21:24:38.959140
PAY002499,CUST8749,1893,Credit Card,Quarterly,FAILED,Insufficient Funds,3,Blocked,1,2026-07-01 01:44:38.959140
PAY002500,CUST1500,15079,Net Banking,Monthly,SUCCESS,,3,Approved,0,2026-08-19 02:43:38.959140
PAY002501,CUST4610,10240,Debit Card,Annual,SUCCESS,,1,Approved,0,2026-06-12 11:07:38.959140
PAY002502,CUST9523,11954,Credit Card,Annual,SUCCESS,,1,Approved,0,2026-08-20 08:56:38.959140
PAY002503,CUST6647,24904,Net Banking,Annual,FAILED,Fraud Suspected,0,Approved,0,2026-08-08 23:38:38.959140
PAY002504,CUST1490,4767,Wallet,Monthly,SUCCESS,,3,Approved,0,2026-05-10 22:34:38.959140
PAY002505,CUST5358,11853,UPI,Annual,SUCCESS,,1,Approved,0,2026-05-27 20:02:38.959140
PAY002506,CUST2192,12495,Credit Card,Monthly,SUCCESS,,2,Approved,0,2026-05-22 21:06:38.959140
PAY002507,CUST3387,14056,Credit Card,Annual,SUCCESS,,0,Approved,0,2026-07-10 03:17:38.959140
PAY002508,CUST4146,11136,Debit Card,Quarterly,SUCCESS,,0,Approved,0,2026-04-24 15:56:38.959140
PAY002509,CUST9339,7983,Debit Card,Annual,SUCCESS,,2,Approved,0,2026-08-11 11:54:38.959140
PAY002510,CUST1106,1064,Wallet,Quarterly,FAILED,Network Error,1,Approved,1,2026-06-04 21:28:38.959140
PAY002511,CUST2913,12855,Net Banking,Annual,SUCCESS,,0,Approved,0,2026-03-19 20:11:38.959140
PAY002512,CUST6486,2760,UPI,Monthly,SUCCESS,,1,Approved,0,2026-08-05 01:01:38.959140
PAY002513,CUST5801,12393,Wallet,Monthly,FAILED,Fraud Suspected,0,Approved,0,2026-06-29 05:23:38.959140
PAY002514,CUST9549,10630,Credit Card,Annual,FAILED,Invalid CVV,0,Declined,0,2026-05-31 07:01:38.959140
PAY002515,CUST7035,21138,Credit Card,Annual,FAILED,Bank Timeout,3,Approved,1,2026-07-01 22:32:38.959140
PAY002516,CUST8253,650,Wallet,Quarterly,SUCCESS,,3,Approved,0,2026-05-29 00:27:38.959140
PAY002517,CUST3289,2005,Net Banking,Quarterly,SUCCESS,,3,Approved,0,2026-08-17 23:45:38.959140
PAY002518,CUST1318,19638,Wallet,Monthly,SUCCESS,,1,Approved,0,2026-05-11 12:35:38.959140
PAY002519,CUST7299,16223,UPI,Monthly,SUCCESS,,3,Approved,0,2026-08-24 19:08:38.959140
PAY002520,CUST5317,19818,UPI,Quarterly,SUCCESS,,0,Approved,0,2026-07-27 19:32:38.959140
PAY002521,CUST4320,22205,Net Banking,Monthly,FAILED,Network Error,2,Declined,1,2026-03-22 00:39:38.959140
PAY002522,CUST3805,4446,Credit Card,Quarterly,SUCCESS,,2,Approved,0,2026-05-13 22:49:38.959140
PAY002523,CUST1174,13249,Credit Card,Monthly,FAILED,Card Expired,0,Processing Error,0,2026-06-02 20:25:38.959140
PAY002524,CUST7223,2674,UPI,Monthly,SUCCESS,,1,Approved,0,2026-03-09 21:15:38.959140
PAY002525,CUST9947,7896,Wallet,Quarterly,FAILED,UPI Failure,2,Processing Error,1,2026-04-02 21:30:38.959140
PAY002526,CUST2217,6337,Wallet,Quarterly,SUCCESS,,1,Approved,0,2026-05-30 06:20:38.959140
PAY002527,CUST3763,19515,Wallet,Quarterly,SUCCESS,,0,Approved,0,2026-07-19 23:07:38.959140
PAY002528,CUST1704,13061,UPI,Quarterly,SUCCESS,,2,Approved,0,2026-06-10 16:37:38.959140
PAY002529,CUST4356,1832,Debit Card,Monthly,SUCCESS,,1,Approved,0,2026-05-31 00:54:38.959140
PAY002530,CUST3322,17603,Net Banking,Annual,SUCCESS,,0,Approved,0,2026-08-25 16:20:38.959140
PAY002531,CUST1229,21964,Credit Card,Annual,FAILED,Bank Timeout,1,Approved,1,2026-08-23 09:40:38.959140
PAY002532,CUST4168,16206,Debit Card,Annual,SUCCESS,,1,Approved,0,2026-03-28 10:21:38.959140
PAY002533,CUST8175,13857,Credit Card,Quarterly,FAILED,User Cancelled,1,Processing Error,0,2026-06-22 00:36:38.959140
PAY002534,CUST3903,7689,Wallet,Annual,FAILED,Card Expired,1,Blocked,0,2026-08-16 09:20:38.959140
PAY002535,CUST8366,13482,UPI,Quarterly,FAILED,Network Error,0,Blocked,1,2026-05-10 10:02:38.959140
PAY002536,CUST8836,19386,UPI,Quarterly,FAILED,Card Expired,3,Processing Error,0,2026-05-22 03:00:38.959140
PAY002537,CUST3400,16367,UPI,Quarterly,FAILED,Invalid CVV,1,Blocked,0,2026-08-20 16:45:38.959140
PAY002538,CUST4668,12423,Debit Card,Quarterly,FAILED,Bank Timeout,1,Declined,1,2026-03-25 03:46:38.959140
PAY002539,CUST6997,2923,UPI,Quarterly,SUCCESS,,3,Approved,0,2026-07-11 08:43:38.959140
PAY002540,CUST5340,14755,Net Banking,Annual,SUCCESS,,0,Approved,0,2026-07-12 19:40:38.959140
PAY002541,CUST3273,2486,Debit Card,Annual,SUCCESS,,1,Approved,0,2026-03-23 01:05:38.959140
PAY002542,CUST9753,15064,Debit Card,Monthly,SUCCESS,,0,Approved,0,2026-06-19 07:06:38.959140
PAY002543,CUST9957,20053,UPI,Monthly,SUCCESS,,2,Approved,0,2026-07-30 09:44:38.959140
PAY002544,CUST1555,1337,Wallet,Annual,SUCCESS,,2,Approved,0,2026-08-02 03:25:38.959140
PAY002545,CUST5108,21801,Wallet,Quarterly,SUCCESS,,3,Approved,0,2026-07-18 17:25:38.959140
PAY002546,CUST9391,9868,Wallet,Annual,SUCCESS,,2,Approved,0,2026-08-10 20:03:38.959140
PAY002547,CUST8403,2851,Wallet,Annual,SUCCESS,,2,Approved,0,2026-05-11 22:20:38.959140
PAY002548,CUST8231,24713,UPI,Quarterly,SUCCESS,,0,Approved,0,2026-07-14 08:57:38.959140
PAY002549,CUST4211,7808,Wallet,Annual,FAILED,Invalid CVV,3,Processing Error,0,2026-05-30 06:44:38.959140
PAY002550,CUST7233,20270,UPI,Annual,SUCCESS,,3,Approved,0,2026-04-28 20:17:38.959140
PAY002551,CUST9719,20671,Net Banking,Quarterly,SUCCESS,,3,Approved,0,2026-06-07 21:28:38.959140
PAY002552,CUST9146,20534,Credit Card,Monthly,SUCCESS,,3,Approved,0,2026-06-09 21:07:38.959140
PAY002553,CUST1625,18999,Wallet,Quarterly,SUCCESS,,1,Approved,0,2026-06-07 17:08:38.959140
PAY002554,CUST4051,120,Credit Card,Quarterly,SUCCESS,,3,Approved,0,2026-07-04 22:56:38.959140
PAY002555,CUST6904,8924,Net Banking,Quarterly,SUCCESS,,0,Approved,0,2026-07-08 14:24:38.959140
PAY002556,CUST1627,10973,UPI,Annual,SUCCESS,,3,Approved,0,2026-06-21 10:04:38.959140
PAY002557,CUST6613,9260,Debit Card,Quarterly,SUCCESS,,1,Approved,0,2026-07-29 12:01:38.959140
PAY002558,CUST7456,17255,Credit Card,Monthly,SUCCESS,,3,Approved,0,2026-06-01 16:00:38.959140
PAY002559,CUST5040,20132,Credit Card,Annual,SUCCESS,,2,Approved,0,2026-04-12 14:31:38.959140
PAY002560,CUST7412,18975,Credit Card,Monthly,SUCCESS,,2,Approved,0,2026-07-31 12:45:38.959140
PAY002561,CUST7633,18861,Credit Card,Quarterly,SUCCESS,,0,Approved,0,2026-05-10 17:31:38.959140
PAY002562,CUST9733,22398,Debit Card,Annual,SUCCESS,,2,Approved,0,2026-04-12 18:30:38.959140
PAY002563,CUST3747,15935,Wallet,Monthly,FAILED,User Cancelled,1,Processing Error,0,2026-08-23 04:21:38.959140
PAY002564,CUST4641,19403,Debit Card,Annual,SUCCESS,,1,Approved,0,2026-08-14 21:02:38.959140
PAY002565,CUST4662,22592,Wallet,Monthly,SUCCESS,,2,Approved,0,2026-03-28 09:50:38.959140
PAY002566,CUST1420,12918,Net Banking,Annual,SUCCESS,,2,Approved,0,2026-05-15 09:27:38.959140
PAY002567,CUST6250,12756,Net Banking,Annual,SUCCESS,,2,Approved,0,2026-03-12 15:31:38.959140
PAY002568,CUST4181,8674,Debit Card,Annual,SUCCESS,,1,Approved,0,2026-03-11 04:26:38.959140
PAY002569,CUST2854,22231,Net Banking,Annual,SUCCESS,,0,Approved,0,2026-08-25 10:22:38.959140
PAY002570,CUST6465,1635,Wallet,Monthly,SUCCESS,,1,Approved,0,2026-06-12 17:53:38.959140
PAY002571,CUST6967,1334,Credit Card,Quarterly,SUCCESS,,0,Approved,0,2026-08-09 10:58:38.959140
PAY002572,CUST2761,10756,Debit Card,Quarterly,SUCCESS,,2,Approved,0,2026-05-31 09:22:38.959140
PAY002573,CUST4513,7196,Net Banking,Quarterly,SUCCESS,,1,Approved,0,2026-05-15 10:47:38.959140
PAY002574,CUST7983,17286,Net Banking,Quarterly,SUCCESS,,0,Approved,0,2026-04-22 03:43:38.959140
PAY002575,CUST3452,20440,UPI,Quarterly,SUCCESS,,2,Approved,0,2026-08-30 05:46:38.959140
PAY002576,CUST8481,2954,Net Banking,Annual,FAILED,User Cancelled,0,Declined,0,2026-07-29 03:05:38.959140
PAY002577,CUST1985,4097,Wallet,Annual,SUCCESS,,3,Approved,0,2026-06-20 00:24:38.959140
PAY002578,CUST3126,24929,Credit Card,Annual,FAILED,Fraud Suspected,3,Timeout,0,2026-03-11 00:37:38.959140
PAY002579,CUST3242,11512,Debit Card,Annual,SUCCESS,,3,Approved,0,2026-04-08 10:28:38.959140
PAY002580,CUST9297,14128,Net Banking,Quarterly,FAILED,User Cancelled,3,Blocked,0,2026-03-20 10:15:38.959140
PAY002581,CUST3745,9258,Credit Card,Quarterly,SUCCESS,,2,Approved,0,2026-08-13 19:57:38.959140
PAY002582,CUST5581,16817,Wallet,Annual,SUCCESS,,2,Approved,0,2026-07-22 15:50:38.959140
PAY002583,CUST6199,19377,Wallet,Quarterly,SUCCESS,,3,Approved,0,2026-05-15 00:18:38.959140
PAY002584,CUST2944,4322,UPI,Annual,SUCCESS,,2,Approved,0,2026-06-29 15:30:38.959140
PAY002585,CUST1102,10987,UPI,Monthly,SUCCESS,,0,Approved,0,2026-04-03 13:58:38.959140
PAY002586,CUST4761,10153,Wallet,Annual,SUCCESS,,2,Approved,0,2026-07-04 03:47:38.959140
PAY002587,CUST6199,2482,UPI,Monthly,FAILED,Card Expired,1,Timeout,0,2026-04-02 16:08:38.959140
PAY002588,CUST9548,11237,Credit Card,Annual,SUCCESS,,3,Approved,0,2026-03-15 22:51:38.959140
PAY002589,CUST2644,18303,Debit Card,Quarterly,SUCCESS,,1,Approved,0,2026-07-11 22:54:38.959140
PAY002590,CUST9038,17132,Credit Card,Quarterly,SUCCESS,,3,Approved,0,2026-05-19 00:55:38.959140
PAY002591,CUST5795,22720,Net Banking,Monthly,FAILED,UPI Failure,1,Processing Error,1,2026-05-25 19:39:38.959140
PAY002592,CUST9442,4350,Credit Card,Quarterly,SUCCESS,,2,Approved,0,2026-08-10 19:18:38.959140
PAY002593,CUST3832,2379,Wallet,Monthly,SUCCESS,,1,Approved,0,2026-08-03 10:00:38.959140
PAY002594,CUST4279,6338,Wallet,Monthly,SUCCESS,,0,Approved,0,2026-04-01 19:01:38.959140
PAY002595,CUST2517,21239,UPI,Quarterly,FAILED,Fraud Suspected,0,Blocked,0,2026-07-01 22:15:38.959140
PAY002596,CUST5299,3043,Net Banking,Monthly,SUCCESS,,1,Approved,0,2026-05-24 10:00:38.959140
PAY002597,CUST1396,18211,Wallet,Monthly,SUCCESS,,3,Approved,0,2026-05-11 14:35:38.959140
PAY002598,CUST3960,13338,Debit Card,Quarterly,FAILED,UPI Failure,0,Declined,1,2026-07-08 21:20:38.959140
PAY002599,CUST5352,8629,Net Banking,Monthly,SUCCESS,,2,Approved,0,2026-06-20 02:49:38.959140
PAY002600,CUST3333,18816,Wallet,Monthly,SUCCESS,,0,Approved,0,2026-05-08 01:04:38.959140
PAY002601,CUST4950,22046,UPI,Quarterly,SUCCESS,,3,Approved,0,2026-05-18 10:01:38.959140
PAY002602,CUST8680,6051,Credit Card,Monthly,SUCCESS,,3,Approved,0,2026-03-31 19:35:38.959140
PAY002603,CUST4559,7146,Wallet,Annual,SUCCESS,,1,Approved,0,2026-05-29 10:17:38.959140
PAY002604,CUST3978,6198,Credit Card,Monthly,SUCCESS,,0,Approved,0,2026-05-08 02:46:38.959140
PAY002605,CUST7749,18674,Credit Card,Monthly,SUCCESS,,1,Approved,0,2026-07-22 16:41:38.959140
PAY002606,CUST5967,10812,Credit Card,Annual,SUCCESS,,0,Approved,0,2026-07-04 08:59:38.959140
PAY002607,CUST6958,7847,Credit Card,Annual,SUCCESS,,1,Approved,0,2026-05-07 23:37:38.959140
PAY002608,CUST7846,17799,UPI,Quarterly,FAILED,Fraud Suspected,1,Timeout,0,2026-05-07 02:13:38.959140
PAY002609,CUST3647,15271,Net Banking,Quarterly,SUCCESS,,3,Approved,0,2026-04-18 15:28:38.959140
PAY002610,CUST5159,739,Wallet,Quarterly,SUCCESS,,2,Approved,0,2026-04-26 07:43:38.959140
PAY002611,CUST8320,23856,Wallet,Annual,SUCCESS,,0,Approved,0,2026-04-11 15:40:38.959140
PAY002612,CUST2144,6219,Credit Card,Monthly,SUCCESS,,1,Approved,0,2026-05-28 22:14:38.959140
PAY002613,CUST9634,21946,Net Banking,Annual,SUCCESS,,3,Approved,0,2026-07-26 02:36:38.959140
PAY002614,CUST9502,16166,Credit Card,Monthly,SUCCESS,,2,Approved,0,2026-04-03 23:22:38.959140
PAY002615,CUST6968,22224,Net Banking,Annual,SUCCESS,,0,Approved,0,2026-04-03 07:49:38.959140
PAY002616,CUST5346,1877,Wallet,Quarterly,FAILED,Insufficient Funds,1,Approved,1,2026-04-10 08:14:38.959140
PAY002617,CUST9248,22578,Wallet,Annual,SUCCESS,,3,Approved,0,2026-06-12 05:08:38.959140
PAY002618,CUST7098,22499,Wallet,Quarterly,SUCCESS,,1,Approved,0,2026-07-14 00:23:38.959140
PAY002619,CUST1997,20986,UPI,Monthly,SUCCESS,,3,Approved,0,2026-08-25 01:34:38.959140
PAY002620,CUST7354,9998,UPI,Annual,SUCCESS,,1,Approved,0,2026-08-24 17:53:38.959140
PAY002621,CUST6683,18902,Credit Card,Monthly,FAILED,UPI Failure,2,Approved,1,2026-03-29 17:33:38.959140
PAY002622,CUST3743,18793,Wallet,Annual,FAILED,Bank Timeout,0,Blocked,1,2026-03-13 23:01:38.959140
PAY002623,CUST4257,886,Net Banking,Quarterly,SUCCESS,,0,Approved,0,2026-05-03 22:08:38.959140
PAY002624,CUST4216,24180,UPI,Annual,SUCCESS,,1,Approved,0,2026-03-20 02:54:38.959140
PAY002625,CUST9189,15503,UPI,Annual,SUCCESS,,0,Approved,0,2026-04-17 02:33:38.959140
PAY002626,CUST2893,4856,Credit Card,Monthly,FAILED,Bank Timeout,3,Declined,1,2026-03-18 14:46:38.959140
PAY002627,CUST8644,22603,Credit Card,Monthly,SUCCESS,,3,Approved,0,2026-05-23 11:02:38.959140
PAY002628,CUST2846,24544,Net Banking,Quarterly,SUCCESS,,0,Approved,0,2026-03-30 21:45:38.959140
PAY002629,CUST1522,6020,Net Banking,Monthly,SUCCESS,,0,Approved,0,2026-03-31 19:42:38.959140
PAY002630,CUST5074,21782,Credit Card,Annual,SUCCESS,,3,Approved,0,2026-08-26 12:57:38.959140
PAY002631,CUST4153,7114,Net Banking,Quarterly,SUCCESS,,0,Approved,0,2026-05-02 06:02:38.959140
PAY002632,CUST3930,17667,Net Banking,Annual,SUCCESS,,0,Approved,0,2026-07-08 00:17:38.959140
PAY002633,CUST2645,9977,UPI,Quarterly,FAILED,Fraud Suspected,0,Declined,0,2026-04-06 00:59:38.959140
PAY002634,CUST9598,18396,Credit Card,Quarterly,SUCCESS,,3,Approved,0,2026-07-01 15:25:38.959140
PAY002635,CUST5697,18987,Net Banking,Monthly,FAILED,Bank Timeout,2,Blocked,1,2026-04-03 07:27:38.959140
PAY002636,CUST7008,19478,Debit Card,Annual,SUCCESS,,1,Approved,0,2026-07-15 08:18:38.959140
PAY002637,CUST4516,2262,Wallet,Annual,SUCCESS,,0,Approved,0,2026-08-03 09:54:38.959140
PAY002638,CUST1279,22858,UPI,Monthly,SUCCESS,,3,Approved,0,2026-08-06 17:07:38.959140
PAY002639,CUST6882,3986,Wallet,Quarterly,FAILED,Network Error,1,Processing Error,1,2026-04-28 22:44:38.959140
PAY002640,CUST3135,12792,Credit Card,Monthly,SUCCESS,,2,Approved,0,2026-07-26 14:57:38.959140
PAY002641,CUST3307,2554,Net Banking,Monthly,SUCCESS,,1,Approved,0,2026-03-14 11:16:38.959140
PAY002642,CUST4781,11955,Wallet,Quarterly,SUCCESS,,1,Approved,0,2026-06-05 01:22:38.959140
PAY002643,CUST2398,5550,Net Banking,Quarterly,SUCCESS,,0,Approved,0,2026-05-29 11:13:38.959140
PAY002644,CUST5610,832,Wallet,Annual,FAILED,Bank Timeout,3,Declined,1,2026-04-20 08:15:38.959140
PAY002645,CUST1124,3606,Credit Card,Annual,FAILED,Fraud Suspected,2,Declined,0,2026-05-06 22:52:38.959140
PAY002646,CUST1960,9452,UPI,Monthly,SUCCESS,,0,Approved,0,2026-04-24 06:10:38.959140
PAY002647,CUST8396,13387,Debit Card,Quarterly,SUCCESS,,3,Approved,0,2026-06-20 13:15:38.959140
PAY002648,CUST6702,10200,Debit Card,Quarterly,FAILED,UPI Failure,0,Blocked,1,2026-05-16 07:40:38.959140
PAY002649,CUST8857,5750,UPI,Monthly,SUCCESS,,1,Approved,0,2026-04-24 13:05:38.959140
PAY002650,CUST1722,8327,Wallet,Monthly,FAILED,Insufficient Funds,3,Approved,1,2026-05-27 20:12:38.959140
PAY002651,CUST7759,16947,Wallet,Monthly,FAILED,Network Error,0,Approved,1,2026-03-16 20:26:38.959140
PAY002652,CUST2474,13161,Net Banking,Monthly,SUCCESS,,2,Approved,0,2026-07-26 18:46:38.959140
PAY002653,CUST2596,1495,Debit Card,Quarterly,SUCCESS,,0,Approved,0,2026-06-11 21:23:38.959140
PAY002654,CUST2772,19522,Debit Card,Annual,SUCCESS,,0,Approved,0,2026-08-14 21:28:38.959140
PAY002655,CUST1695,2865,Net Banking,Quarterly,SUCCESS,,1,Approved,0,2026-06-10 08:18:38.959140
PAY002656,CUST4755,1864,Debit Card,Monthly,SUCCESS,,3,Approved,0,2026-07-17 12:43:38.959140
PAY002657,CUST5919,9527,Credit Card,Quarterly,FAILED,Fraud Suspected,2,Processing Error,0,2026-06-14 09:52:38.959140
PAY002658,CUST1285,23169,Wallet,Quarterly,SUCCESS,,1,Approved,0,2026-03-14 07:32:38.959140
PAY002659,CUST7978,17521,Net Banking,Annual,SUCCESS,,2,Approved,0,2026-05-30 03:25:38.959140
PAY002660,CUST1089,1071,Debit Card,Monthly,SUCCESS,,1,Approved,0,2026-03-31 17:41:38.959140
PAY002661,CUST8167,6664,Net Banking,Quarterly,FAILED,UPI Failure,3,Timeout,1,2026-04-07 07:21:38.959140
PAY002662,CUST4941,2685,Credit Card,Annual,FAILED,Card Expired,2,Blocked,0,2026-06-24 07:46:38.959140
PAY002663,CUST7796,720,Net Banking,Monthly,FAILED,Fraud Suspected,0,Processing Error,0,2026-03-20 06:48:38.959140
PAY002664,CUST2111,10923,UPI,Monthly,SUCCESS,,0,Approved,0,2026-07-25 06:17:38.959140
PAY002665,CUST5133,16012,UPI,Monthly,SUCCESS,,3,Approved,0,2026-04-01 10:24:38.959140
PAY002666,CUST2113,8706,Wallet,Annual,SUCCESS,,1,Approved,0,2026-06-16 19:28:38.959140
PAY002667,CUST5084,20778,UPI,Quarterly,FAILED,Insufficient Funds,2,Timeout,1,2026-06-22 07:48:38.959140
PAY002668,CUST5876,1484,Wallet,Quarterly,FAILED,Insufficient Funds,2,Blocked,1,2026-06-28 22:48:38.959140
PAY002669,CUST4254,13042,Net Banking,Annual,FAILED,Network Error,3,Approved,1,2026-07-04 02:32:38.959140
PAY002670,CUST5794,4040,UPI,Quarterly,SUCCESS,,3,Approved,0,2026-05-18 09:11:38.959140
PAY002671,CUST1804,3361,Net Banking,Quarterly,FAILED,UPI Failure,1,Timeout,1,2026-04-18 04:11:38.959140
PAY002672,CUST3854,8233,Debit Card,Quarterly,SUCCESS,,1,Approved,0,2026-08-08 01:33:38.959140
PAY002673,CUST2866,24247,Wallet,Quarterly,SUCCESS,,2,Approved,0,2026-06-23 21:48:38.959140
PAY002674,CUST1431,2294,Credit Card,Quarterly,FAILED,Invalid CVV,2,Declined,0,2026-04-08 20:45:38.959140
PAY002675,CUST2458,15196,Net Banking,Monthly,SUCCESS,,1,Approved,0,2026-03-29 01:00:38.959140
PAY002676,CUST9941,21750,UPI,Monthly,FAILED,Fraud Suspected,0,Approved,0,2026-07-02 15:20:38.959140
PAY002677,CUST3401,23096,UPI,Monthly,SUCCESS,,3,Approved,0,2026-08-20 19:01:38.959140
PAY002678,CUST9955,833,Net Banking,Quarterly,FAILED,Insufficient Funds,2,Approved,1,2026-08-25 16:52:38.959140
PAY002679,CUST2970,4628,Net Banking,Quarterly,SUCCESS,,1,Approved,0,2026-07-25 18:15:38.959140
PAY002680,CUST8214,24263,Wallet,Quarterly,SUCCESS,,1,Approved,0,2026-06-21 18:21:38.959140
PAY002681,CUST1420,476,Debit Card,Annual,SUCCESS,,1,Approved,0,2026-03-21 00:52:38.959140
PAY002682,CUST2535,15641,Credit Card,Monthly,SUCCESS,,2,Approved,0,2026-06-03 23:00:38.959140
PAY002683,CUST7606,2888,UPI,Annual,SUCCESS,,2,Approved,0,2026-06-26 05:48:38.959140
PAY002684,CUST5430,5270,Credit Card,Annual,SUCCESS,,3,Approved,0,2026-07-10 13:28:38.959140
PAY002685,CUST7424,18438,Wallet,Annual,SUCCESS,,1,Approved,0,2026-06-02 03:40:38.959140
PAY002686,CUST6810,15733,Credit Card,Annual,FAILED,Insufficient Funds,0,Blocked,1,2026-04-27 10:21:38.959140
PAY002687,CUST6809,2996,Net Banking,Monthly,SUCCESS,,3,Approved,0,2026-03-30 06:43:38.959140
PAY002688,CUST8987,18181,Debit Card,Annual,SUCCESS,,1,Approved,0,2026-04-11 00:41:38.959140
PAY002689,CUST2753,22739,Net Banking,Annual,FAILED,Invalid CVV,1,Timeout,0,2026-05-09 11:28:38.959140
PAY002690,CUST7908,21681,Debit Card,Annual,FAILED,Fraud Suspected,3,Approved,0,2026-04-11 21:12:38.959140
PAY002691,CUST5338,18016,Wallet,Quarterly,SUCCESS,,1,Approved,0,2026-07-18 22:30:38.959140
PAY002692,CUST2061,14944,Net Banking,Monthly,SUCCESS,,2,Approved,0,2026-04-06 09:58:38.959140
PAY002693,CUST3332,11175,Credit Card,Quarterly,SUCCESS,,0,Approved,0,2026-05-19 01:24:38.959140
PAY002694,CUST9890,8066,Wallet,Monthly,SUCCESS,,3,Approved,0,2026-04-28 21:40:38.959140
PAY002695,CUST9759,18903,Net Banking,Annual,SUCCESS,,1,Approved,0,2026-04-27 05:02:38.959140
PAY002696,CUST8141,7568,Credit Card,Quarterly,SUCCESS,,0,Approved,0,2026-08-17 01:28:38.959140
PAY002697,CUST2116,5058,Net Banking,Monthly,SUCCESS,,3,Approved,0,2026-06-27 09:09:38.959140
PAY002698,CUST2210,2176,Credit Card,Monthly,SUCCESS,,0,Approved,0,2026-05-03 09:30:38.959140
PAY002699,CUST3674,24894,Credit Card,Annual,SUCCESS,,1,Approved,0,2026-05-13 22:15:38.959140
PAY002700,CUST7678,7722,UPI,Quarterly,SUCCESS,,1,Approved,0,2026-06-04 07:01:38.959140
PAY002701,CUST5169,8245,Debit Card,Annual,SUCCESS,,0,Approved,0,2026-08-23 23:34:38.959140
PAY002702,CUST1359,13226,Credit Card,Quarterly,SUCCESS,,2,Approved,0,2026-07-29 18:03:38.959140
PAY002703,CUST3040,9222,Wallet,Monthly,FAILED,Bank Timeout,2,Timeout,1,2026-06-08 00:30:38.959140
PAY002704,CUST4166,21407,Debit Card,Quarterly,SUCCESS,,0,Approved,0,2026-08-15 17:36:38.959140
PAY002705,CUST2035,18685,Net Banking,Annual,SUCCESS,,3,Approved,0,2026-05-21 23:52:38.959140
PAY002706,CUST9450,24593,Credit Card,Annual,SUCCESS,,0,Approved,0,2026-07-28 09:53:38.959140
PAY002707,CUST9864,17736,UPI,Quarterly,SUCCESS,,0,Approved,0,2026-06-17 07:49:38.959140
PAY002708,CUST5448,18159,UPI,Quarterly,SUCCESS,,1,Approved,0,2026-03-27 10:35:38.959140
PAY002709,CUST4710,17039,Debit Card,Annual,SUCCESS,,0,Approved,0,2026-07-31 02:53:38.959140
PAY002710,CUST5342,13026,Wallet,Quarterly,SUCCESS,,3,Approved,0,2026-08-29 05:32:38.959140
PAY002711,CUST7485,17741,Wallet,Annual,SUCCESS,,1,Approved,0,2026-07-15 00:41:38.959140
PAY002712,CUST6117,16703,UPI,Quarterly,SUCCESS,,3,Approved,0,2026-06-21 01:27:38.959140
PAY002713,CUST1807,8658,UPI,Monthly,SUCCESS,,2,Approved,0,2026-08-03 02:07:38.959140
PAY002714,CUST8827,23769,Debit Card,Monthly,SUCCESS,,1,Approved,0,2026-03-20 11:12:38.959140
PAY002715,CUST2857,12599,UPI,Quarterly,SUCCESS,,0,Approved,0,2026-05-12 17:54:38.959140
PAY002716,CUST9811,22471,Wallet,Quarterly,SUCCESS,,0,Approved,0,2026-04-20 03:18:38.959140
PAY002717,CUST3060,10400,UPI,Annual,SUCCESS,,1,Approved,0,2026-05-23 14:00:38.959140
PAY002718,CUST1914,10835,Net Banking,Quarterly,SUCCESS,,2,Approved,0,2026-06-26 22:27:38.959140
PAY002719,CUST3226,910,Debit Card,Annual,SUCCESS,,2,Approved,0,2026-08-03 17:02:38.959140
PAY002720,CUST7144,8298,Debit Card,Annual,FAILED,Fraud Suspected,1,Processing Error,0,2026-03-18 08:23:38.959140
PAY002721,CUST1819,20198,Debit Card,Quarterly,FAILED,UPI Failure,3,Processing Error,1,2026-05-27 07:47:38.959140
PAY002722,CUST7940,569,Debit Card,Quarterly,SUCCESS,,2,Approved,0,2026-05-06 02:23:38.959140
PAY002723,CUST6225,11237,Credit Card,Monthly,FAILED,UPI Failure,0,Timeout,1,2026-06-21 18:53:38.959140
PAY002724,CUST7054,20041,Debit Card,Quarterly,FAILED,Bank Timeout,0,Declined,1,2026-05-26 04:44:38.959140
PAY002725,CUST5738,4385,UPI,Monthly,FAILED,Invalid CVV,1,Timeout,0,2026-07-28 01:16:38.959140
PAY002726,CUST1879,11043,UPI,Annual,SUCCESS,,2,Approved,0,2026-04-20 11:19:38.959140
PAY002727,CUST3865,14041,Credit Card,Quarterly,FAILED,Bank Timeout,1,Approved,1,2026-08-12 13:17:38.959140
PAY002728,CUST8837,14907,Net Banking,Quarterly,SUCCESS,,3,Approved,0,2026-08-17 05:55:38.959140
PAY002729,CUST1454,10453,UPI,Monthly,SUCCESS,,0,Approved,0,2026-05-19 19:47:38.959140
PAY002730,CUST7103,23336,Wallet,Quarterly,SUCCESS,,0,Approved,0,2026-03-26 14:29:38.959140
PAY002731,CUST1100,17042,Wallet,Monthly,SUCCESS,,3,Approved,0,2026-03-20 17:14:38.959140
PAY002732,CUST9102,19393,Wallet,Monthly,SUCCESS,,3,Approved,0,2026-06-05 09:37:38.959140
PAY002733,CUST6871,2692,Net Banking,Monthly,SUCCESS,,1,Approved,0,2026-06-22 23:51:38.959140
PAY002734,CUST3688,9051,Net Banking,Monthly,FAILED,Invalid CVV,3,Timeout,0,2026-04-03 08:39:38.959140
PAY002735,CUST4340,3733,Wallet,Quarterly,SUCCESS,,1,Approved,0,2026-03-19 12:51:38.959140
PAY002736,CUST4735,24993,Net Banking,Quarterly,SUCCESS,,3,Approved,0,2026-05-11 02:06:38.959140
PAY002737,CUST9721,24003,UPI,Quarterly,SUCCESS,,3,Approved,0,2026-08-14 12:35:38.959140
PAY002738,CUST5337,20924,Wallet,Monthly,SUCCESS,,1,Approved,0,2026-05-15 21:12:38.959140
PAY002739,CUST6313,4142,Debit Card,Quarterly,SUCCESS,,1,Approved,0,2026-06-09 10:53:38.959140
PAY002740,CUST6005,8892,Debit Card,Quarterly,FAILED,Invalid CVV,0,Timeout,0,2026-03-15 12:34:38.959140
PAY002741,CUST4224,11192,UPI,Monthly,SUCCESS,,1,Approved,0,2026-08-15 03:45:38.959140
PAY002742,CUST8331,6441,Debit Card,Annual,SUCCESS,,1,Approved,0,2026-08-26 22:48:38.959140
PAY002743,CUST2390,24231,Net Banking,Quarterly,SUCCESS,,3,Approved,0,2026-07-11 23:41:38.959140
PAY002744,CUST9016,13145,Credit Card,Monthly,FAILED,Fraud Suspected,1,Declined,0,2026-04-23 00:27:38.959140
PAY002745,CUST3780,18288,UPI,Quarterly,SUCCESS,,3,Approved,0,2026-07-12 12:24:38.959140
PAY002746,CUST2102,512,Wallet,Quarterly,SUCCESS,,0,Approved,0,2026-08-02 15:42:38.959140
PAY002747,CUST7334,1465,Wallet,Monthly,FAILED,Network Error,2,Approved,1,2026-05-08 16:26:38.959140
PAY002748,CUST4759,17968,Debit Card,Monthly,SUCCESS,,1,Approved,0,2026-04-27 08:44:38.959140
PAY002749,CUST2132,486,Net Banking,Quarterly,FAILED,Card Expired,0,Blocked,0,2026-08-12 23:11:38.959140
PAY002750,CUST7962,9490,Debit Card,Monthly,SUCCESS,,0,Approved,0,2026-08-10 04:26:38.959140
PAY002751,CUST5290,8434,Net Banking,Monthly,SUCCESS,,2,Approved,0,2026-04-26 10:24:38.959140
PAY002752,CUST4562,6988,Net Banking,Annual,FAILED,Card Expired,2,Processing Error,0,2026-07-13 03:02:38.959140
PAY002753,CUST3020,3610,Credit Card,Annual,FAILED,User Cancelled,0,Declined,0,2026-07-04 15:14:38.959140
PAY002754,CUST9828,16559,Net Banking,Annual,SUCCESS,,2,Approved,0,2026-08-15 22:22:38.959140
PAY002755,CUST1998,14044,Debit Card,Quarterly,SUCCESS,,1,Approved,0,2026-08-17 20:58:38.959140
PAY002756,CUST8853,23137,UPI,Quarterly,SUCCESS,,1,Approved,0,2026-08-09 06:22:38.959140
PAY002757,CUST1596,22414,UPI,Annual,FAILED,Invalid CVV,1,Declined,0,2026-04-25 00:04:38.959140
PAY002758,CUST5387,17808,Credit Card,Monthly,FAILED,Fraud Suspected,3,Declined,0,2026-07-17 03:20:38.959140
PAY002759,CUST9543,21355,Credit Card,Monthly,FAILED,UPI Failure,1,Declined,1,2026-06-25 15:26:38.959140
PAY002760,CUST9191,3480,UPI,Quarterly,SUCCESS,,1,Approved,0,2026-03-30 07:45:38.959140
PAY002761,CUST4474,5247,Credit Card,Monthly,FAILED,Insufficient Funds,1,Blocked,1,2026-04-10 04:28:38.959140
PAY002762,CUST4768,3931,Credit Card,Monthly,SUCCESS,,0,Approved,0,2026-04-12 12:00:38.959140
PAY002763,CUST8110,22763,Net Banking,Monthly,SUCCESS,,3,Approved,0,2026-06-01 18:43:38.959140
PAY002764,CUST7328,1075,UPI,Monthly,SUCCESS,,3,Approved,0,2026-07-17 22:31:38.959140
PAY002765,CUST7286,9781,UPI,Quarterly,SUCCESS,,1,Approved,0,2026-05-16 15:27:38.959140
PAY002766,CUST5740,23839,Debit Card,Annual,SUCCESS,,1,Approved,0,2026-08-20 05:31:38.959140
PAY002767,CUST8906,2885,Debit Card,Quarterly,SUCCESS,,0,Approved,0,2026-07-30 22:03:38.959140
PAY002768,CUST7695,18132,Wallet,Quarterly,FAILED,User Cancelled,1,Timeout,0,2026-04-14 07:08:38.959140
PAY002769,CUST8488,3299,Net Banking,Monthly,FAILED,Network Error,0,Approved,1,2026-03-10 11:10:38.959140
PAY002770,CUST7212,9239,Net Banking,Monthly,SUCCESS,,2,Approved,0,2026-08-30 04:45:38.959140
PAY002771,CUST8091,22677,Net Banking,Quarterly,SUCCESS,,0,Approved,0,2026-05-28 03:45:38.959140
PAY002772,CUST7438,2518,Debit Card,Quarterly,SUCCESS,,0,Approved,0,2026-08-21 13:10:38.959140
PAY002773,CUST1025,23330,Net Banking,Annual,FAILED,Network Error,0,Timeout,1,2026-07-15 23:24:38.959140
PAY002774,CUST8691,13167,UPI,Annual,SUCCESS,,2,Approved,0,2026-07-28 10:00:38.959140
PAY002775,CUST7876,12134,Wallet,Monthly,SUCCESS,,1,Approved,0,2026-05-27 01:28:38.959140
PAY002776,CUST7639,4713,Credit Card,Quarterly,SUCCESS,,3,Approved,0,2026-06-15 01:36:38.959140
PAY002777,CUST8101,604,Wallet,Annual,SUCCESS,,1,Approved,0,2026-06-16 02:14:38.959140
PAY002778,CUST9669,20915,Net Banking,Annual,SUCCESS,,0,Approved,0,2026-06-03 19:31:38.959140
PAY002779,CUST8024,1102,Credit Card,Quarterly,SUCCESS,,2,Approved,0,2026-08-02 22:56:38.959140
PAY002780,CUST7177,2639,UPI,Annual,SUCCESS,,3,Approved,0,2026-08-20 01:22:38.959140
PAY002781,CUST2425,4244,Credit Card,Quarterly,SUCCESS,,0,Approved,0,2026-08-28 12:26:38.959140
PAY002782,CUST1240,11846,Debit Card,Monthly,FAILED,Bank Timeout,3,Processing Error,1,2026-08-11 09:45:38.959140
PAY002783,CUST3280,290,UPI,Quarterly,SUCCESS,,2,Approved,0,2026-08-26 22:13:38.959140
PAY002784,CUST8545,16826,Net Banking,Quarterly,SUCCESS,,2,Approved,0,2026-03-31 05:48:38.959140
PAY002785,CUST5862,3055,Net Banking,Annual,SUCCESS,,1,Approved,0,2026-06-06 16:33:38.959140
PAY002786,CUST3370,2544,Debit Card,Monthly,SUCCESS,,0,Approved,0,2026-06-16 10:26:38.959140
PAY002787,CUST3257,19504,Net Banking,Quarterly,SUCCESS,,3,Approved,0,2026-08-27 22:00:38.959140
PAY002788,CUST9392,4716,Wallet,Monthly,SUCCESS,,3,Approved,0,2026-05-09 15:40:38.959140
PAY002789,CUST7003,23270,Debit Card,Monthly,SUCCESS,,2,Approved,0,2026-07-19 01:21:38.959140
PAY002790,CUST5811,18237,Debit Card,Quarterly,SUCCESS,,2,Approved,0,2026-07-11 18:38:38.959140
PAY002791,CUST3318,1585,Credit Card,Quarterly,FAILED,Bank Timeout,2,Approved,1,2026-05-28 00:17:38.959140
PAY002792,CUST1815,100,UPI,Annual,SUCCESS,,0,Approved,0,2026-08-27 13:50:38.959140
PAY002793,CUST5507,23171,UPI,Quarterly,SUCCESS,,2,Approved,0,2026-05-23 10:35:38.959140
PAY002794,CUST8700,4555,Credit Card,Annual,SUCCESS,,2,Approved,0,2026-08-11 02:32:38.959140
PAY002795,CUST5587,18448,UPI,Monthly,SUCCESS,,2,Approved,0,2026-08-18 08:26:38.959140
PAY002796,CUST5289,17143,Net Banking,Monthly,SUCCESS,,1,Approved,0,2026-04-08 02:17:38.959140
PAY002797,CUST9884,13851,Debit Card,Monthly,SUCCESS,,0,Approved,0,2026-05-19 16:55:38.959140
PAY002798,CUST1966,2029,UPI,Monthly,SUCCESS,,2,Approved,0,2026-08-28 11:08:38.959140
PAY002799,CUST8599,132,UPI,Annual,SUCCESS,,1,Approved,0,2026-08-10 10:01:38.959140
PAY002800,CUST1714,6191,Debit Card,Monthly,SUCCESS,,3,Approved,0,2026-03-24 12:33:38.959140
PAY002801,CUST1718,14536,UPI,Quarterly,FAILED,Bank Timeout,0,Declined,1,2026-08-06 05:25:38.959140
PAY002802,CUST1240,14195,UPI,Quarterly,SUCCESS,,2,Approved,0,2026-07-11 16:19:38.959140
PAY002803,CUST9260,23058,Wallet,Quarterly,SUCCESS,,0,Approved,0,2026-08-16 12:01:38.959140
PAY002804,CUST3307,10821,Wallet,Annual,SUCCESS,,2,Approved,0,2026-04-20 03:01:38.959140
PAY002805,CUST7752,19533,Debit Card,Monthly,SUCCESS,,1,Approved,0,2026-08-14 07:22:38.959140
PAY002806,CUST2893,9242,Net Banking,Annual,SUCCESS,,3,Approved,0,2026-07-27 05:53:38.959140
PAY002807,CUST4312,20559,Debit Card,Annual,SUCCESS,,1,Approved,0,2026-06-04 02:45:38.959140
PAY002808,CUST5224,23867,Debit Card,Monthly,SUCCESS,,0,Approved,0,2026-03-16 06:25:38.959140
PAY002809,CUST4001,18497,UPI,Quarterly,SUCCESS,,3,Approved,0,2026-04-19 04:12:38.959140
PAY002810,CUST4964,7089,Debit Card,Monthly,FAILED,Fraud Suspected,2,Blocked,0,2026-05-28 12:13:38.959140
PAY002811,CUST5472,2080,Wallet,Quarterly,SUCCESS,,3,Approved,0,2026-08-13 17:33:38.959140
PAY002812,CUST9977,14165,Credit Card,Annual,SUCCESS,,3,Approved,0,2026-04-14 01:46:38.959140
PAY002813,CUST6208,9915,Credit Card,Quarterly,FAILED,Fraud Suspected,1,Declined,0,2026-06-17 09:49:38.959140
PAY002814,CUST1777,20763,Debit Card,Quarterly,FAILED,Bank Timeout,2,Blocked,1,2026-05-22 16:36:38.959140
PAY002815,CUST1821,14658,Net Banking,Quarterly,SUCCESS,,2,Approved,0,2026-07-16 02:03:38.959140
PAY002816,CUST6967,11094,Net Banking,Monthly,SUCCESS,,2,Approved,0,2026-03-24 09:01:38.959140
PAY002817,CUST1557,6088,Wallet,Quarterly,SUCCESS,,0,Approved,0,2026-06-25 22:45:38.959140
PAY002818,CUST1451,10733,Wallet,Monthly,FAILED,UPI Failure,0,Timeout,1,2026-03-17 12:56:38.959140
PAY002819,CUST7355,3366,UPI,Annual,FAILED,UPI Failure,0,Blocked,1,2026-03-28 00:39:38.959140
PAY002820,CUST7374,724,UPI,Annual,FAILED,Fraud Suspected,1,Processing Error,0,2026-05-08 14:37:38.959140
PAY002821,CUST7077,5610,Credit Card,Quarterly,SUCCESS,,0,Approved,0,2026-05-22 17:36:38.959140
PAY002822,CUST2354,8882,Credit Card,Monthly,FAILED,Bank Timeout,0,Approved,1,2026-07-12 01:30:38.959140
PAY002823,CUST1975,10379,UPI,Monthly,SUCCESS,,2,Approved,0,2026-08-15 12:43:38.959140
PAY002824,CUST6525,24987,Credit Card,Annual,FAILED,User Cancelled,0,Approved,0,2026-03-24 04:07:38.959140
PAY002825,CUST8177,11470,Debit Card,Monthly,FAILED,User Cancelled,2,Approved,0,2026-05-28 22:17:38.959140
PAY002826,CUST3115,16231,Net Banking,Annual,FAILED,UPI Failure,0,Declined,1,2026-07-27 01:30:38.959140
PAY002827,CUST1459,11694,Credit Card,Annual,SUCCESS,,2,Approved,0,2026-07-05 00:32:38.959140
PAY002828,CUST4542,2253,Debit Card,Annual,FAILED,Invalid CVV,0,Timeout,0,2026-03-11 13:42:38.959140
PAY002829,CUST5545,22709,Debit Card,Monthly,SUCCESS,,0,Approved,0,2026-03-10 08:21:38.959140
PAY002830,CUST2179,7128,Wallet,Quarterly,FAILED,Fraud Suspected,3,Approved,0,2026-03-18 02:29:38.959140
PAY002831,CUST6518,3172,Wallet,Annual,SUCCESS,,1,Approved,0,2026-07-06 20:20:38.959140
PAY002832,CUST6578,17972,Credit Card,Monthly,FAILED,Network Error,2,Timeout,1,2026-05-11 19:24:38.959140
PAY002833,CUST7677,2414,Net Banking,Annual,SUCCESS,,0,Approved,0,2026-03-20 14:25:38.959140
PAY002834,CUST1963,526,UPI,Annual,FAILED,Invalid CVV,0,Blocked,0,2026-05-21 05:10:38.959140
PAY002835,CUST1722,14491,Credit Card,Quarterly,SUCCESS,,3,Approved,0,2026-04-26 15:17:38.959140
PAY002836,CUST4568,22852,Credit Card,Annual,SUCCESS,,1,Approved,0,2026-07-18 06:21:38.959140
PAY002837,CUST1045,10150,Net Banking,Quarterly,FAILED,Network Error,2,Approved,1,2026-08-13 16:52:38.959140
PAY002838,CUST6375,24962,UPI,Monthly,SUCCESS,,1,Approved,0,2026-05-09 15:15:38.959140
PAY002839,CUST9081,11500,Credit Card,Quarterly,SUCCESS,,0,Approved,0,2026-03-23 01:38:38.959140
PAY002840,CUST5683,4359,UPI,Quarterly,SUCCESS,,3,Approved,0,2026-04-12 05:35:38.959140
PAY002841,CUST4060,6120,Wallet,Annual,SUCCESS,,0,Approved,0,2026-07-02 01:51:38.959140
PAY002842,CUST2142,7269,UPI,Annual,FAILED,User Cancelled,1,Approved,0,2026-05-04 19:39:38.959140
PAY002843,CUST6835,18819,Credit Card,Monthly,FAILED,Invalid CVV,0,Approved,0,2026-07-04 21:12:38.959140
PAY002844,CUST5149,17826,Credit Card,Monthly,SUCCESS,,3,Approved,0,2026-06-10 17:21:38.959140
PAY002845,CUST7432,3921,Net Banking,Monthly,SUCCESS,,0,Approved,0,2026-05-18 17:04:38.959140
PAY002846,CUST6473,20292,Wallet,Annual,FAILED,User Cancelled,0,Processing Error,0,2026-04-30 01:31:38.959140
PAY002847,CUST3801,17893,Wallet,Annual,FAILED,Bank Timeout,3,Approved,1,2026-05-07 15:39:38.959140
PAY002848,CUST7475,13976,UPI,Monthly,SUCCESS,,2,Approved,0,2026-04-09 06:59:38.959140
PAY002849,CUST3317,7972,Net Banking,Quarterly,FAILED,Bank Timeout,3,Approved,1,2026-07-09 23:02:38.959140
PAY002850,CUST8568,6211,Net Banking,Monthly,SUCCESS,,0,Approved,0,2026-04-25 08:59:38.959140
PAY002851,CUST8289,4230,UPI,Monthly,SUCCESS,,0,Approved,0,2026-08-21 23:25:38.959140
PAY002852,CUST4097,5410,Net Banking,Annual,FAILED,Insufficient Funds,1,Declined,1,2026-07-17 17:24:38.959140
PAY002853,CUST3039,3342,Wallet,Annual,FAILED,User Cancelled,1,Blocked,0,2026-03-22 02:15:38.959140
PAY002854,CUST2547,23783,Net Banking,Monthly,FAILED,User Cancelled,0,Blocked,0,2026-07-12 18:08:38.959140
PAY002855,CUST2336,16585,Wallet,Quarterly,FAILED,User Cancelled,3,Timeout,0,2026-04-17 07:00:38.959140
PAY002856,CUST2543,15295,Net Banking,Annual,SUCCESS,,3,Approved,0,2026-04-09 06:57:38.959140
PAY002857,CUST6565,23325,Credit Card,Quarterly,SUCCESS,,0,Approved,0,2026-07-24 09:50:38.959140
PAY002858,CUST9970,23015,Net Banking,Annual,SUCCESS,,1,Approved,0,2026-03-22 00:41:38.959140
PAY002859,CUST5523,16762,Debit Card,Quarterly,FAILED,Bank Timeout,3,Blocked,1,2026-08-20 11:57:38.959140
PAY002860,CUST8811,21639,Credit Card,Monthly,FAILED,Bank Timeout,0,Declined,1,2026-06-11 08:33:38.959140
PAY002861,CUST5825,18160,Wallet,Monthly,SUCCESS,,1,Approved,0,2026-06-29 18:23:38.959140
PAY002862,CUST3547,7591,UPI,Quarterly,SUCCESS,,1,Approved,0,2026-07-08 09:40:38.959140
PAY002863,CUST4463,9232,Credit Card,Annual,SUCCESS,,3,Approved,0,2026-04-29 13:09:38.959140
PAY002864,CUST4215,24602,UPI,Annual,FAILED,Invalid CVV,0,Timeout,0,2026-03-21 19:45:38.959140
PAY002865,CUST1591,20654,Credit Card,Monthly,SUCCESS,,0,Approved,0,2026-04-02 00:38:38.959140
PAY002866,CUST3149,23508,Credit Card,Annual,SUCCESS,,1,Approved,0,2026-04-18 16:08:38.959140
PAY002867,CUST2691,11868,Credit Card,Quarterly,SUCCESS,,1,Approved,0,2026-07-14 09:42:38.959140
PAY002868,CUST2532,1456,Net Banking,Quarterly,SUCCESS,,1,Approved,0,2026-06-09 10:21:38.959140
PAY002869,CUST1941,13440,Debit Card,Annual,FAILED,Network Error,2,Approved,1,2026-05-20 20:49:38.959140
PAY002870,CUST7518,7662,Wallet,Monthly,FAILED,UPI Failure,3,Timeout,1,2026-05-31 23:32:38.959140
PAY002871,CUST2163,7447,UPI,Annual,SUCCESS,,1,Approved,0,2026-07-27 14:15:38.959140
PAY002872,CUST2212,19701,Net Banking,Quarterly,SUCCESS,,0,Approved,0,2026-05-24 11:30:38.959140
PAY002873,CUST3607,20025,Wallet,Annual,SUCCESS,,0,Approved,0,2026-08-13 11:15:38.959140
PAY002874,CUST5062,7247,Wallet,Quarterly,FAILED,Insufficient Funds,0,Timeout,1,2026-08-28 16:07:38.959140
PAY002875,CUST3471,12783,Wallet,Monthly,SUCCESS,,3,Approved,0,2026-04-08 07:54:38.959140
PAY002876,CUST9209,6751,UPI,Quarterly,FAILED,UPI Failure,0,Approved,1,2026-05-25 05:21:38.959140
PAY002877,CUST7443,12176,Net Banking,Monthly,SUCCESS,,3,Approved,0,2026-08-09 23:31:38.959140
PAY002878,CUST3506,23050,UPI,Annual,SUCCESS,,3,Approved,0,2026-08-26 01:51:38.959140
PAY002879,CUST1990,13000,Debit Card,Annual,SUCCESS,,2,Approved,0,2026-05-14 15:23:38.959140
PAY002880,CUST1592,8446,Net Banking,Quarterly,SUCCESS,,2,Approved,0,2026-07-07 05:27:38.959140
PAY002881,CUST4089,6532,Credit Card,Annual,SUCCESS,,2,Approved,0,2026-06-27 21:01:38.959140
PAY002882,CUST7175,378,Credit Card,Quarterly,SUCCESS,,2,Approved,0,2026-07-05 14:59:38.959140
PAY002883,CUST8108,5634,UPI,Monthly,SUCCESS,,3,Approved,0,2026-04-03 07:42:38.959140
PAY002884,CUST7732,4911,Credit Card,Annual,SUCCESS,,2,Approved,0,2026-04-18 04:53:38.959140
PAY002885,CUST3478,21547,UPI,Annual,SUCCESS,,2,Approved,0,2026-04-27 07:49:38.959140
PAY002886,CUST9077,16916,Wallet,Annual,SUCCESS,,0,Approved,0,2026-06-14 23:26:38.959140
PAY002887,CUST4933,24344,Debit Card,Annual,SUCCESS,,3,Approved,0,2026-04-05 15:45:38.959140
PAY002888,CUST4614,19785,Credit Card,Annual,SUCCESS,,3,Approved,0,2026-04-26 19:13:38.959140
PAY002889,CUST5615,7944,Net Banking,Monthly,SUCCESS,,1,Approved,0,2026-07-18 21:41:38.959140
PAY002890,CUST5022,21945,Debit Card,Monthly,FAILED,Network Error,0,Declined,1,2026-05-15 04:30:38.959140
PAY002891,CUST9667,1237,Net Banking,Quarterly,FAILED,Card Expired,1,Timeout,0,2026-03-23 22:02:38.959140
PAY002892,CUST8649,23651,Net Banking,Annual,SUCCESS,,2,Approved,0,2026-05-16 02:53:38.959140
PAY002893,CUST8430,8899,Net Banking,Annual,SUCCESS,,3,Approved,0,2026-05-09 00:37:38.959140
PAY002894,CUST6496,23710,Credit Card,Quarterly,SUCCESS,,2,Approved,0,2026-07-19 04:35:38.959140
PAY002895,CUST7439,14405,Net Banking,Annual,FAILED,UPI Failure,2,Timeout,1,2026-06-20 12:46:38.959140
PAY002896,CUST2041,16574,Net Banking,Monthly,SUCCESS,,3,Approved,0,2026-08-03 16:36:38.959140
PAY002897,CUST7061,4243,UPI,Annual,FAILED,User Cancelled,0,Timeout,0,2026-04-11 00:55:38.959140
PAY002898,CUST6019,358,Wallet,Monthly,SUCCESS,,2,Approved,0,2026-08-25 05:54:38.959140
PAY002899,CUST7081,6173,Wallet,Quarterly,FAILED,Bank Timeout,3,Timeout,1,2026-06-26 06:57:38.959140
PAY002900,CUST4924,14735,UPI,Quarterly,SUCCESS,,1,Approved,0,2026-03-30 08:14:38.959140
PAY002901,CUST2944,9148,Debit Card,Monthly,FAILED,User Cancelled,1,Blocked,0,2026-04-22 10:03:38.959140
PAY002902,CUST5338,9467,Wallet,Annual,SUCCESS,,0,Approved,0,2026-07-09 08:26:38.959140
PAY002903,CUST2906,5257,Debit Card,Quarterly,SUCCESS,,3,Approved,0,2026-08-05 10:55:38.959140
PAY002904,CUST8502,7094,Credit Card,Monthly,FAILED,Invalid CVV,0,Declined,0,2026-05-31 05:34:38.959140
PAY002905,CUST9697,22403,Debit Card,Monthly,FAILED,Card Expired,0,Processing Error,0,2026-03-15 06:15:38.959140
PAY002906,CUST9994,4039,Net Banking,Monthly,SUCCESS,,0,Approved,0,2026-05-15 20:37:38.959140
PAY002907,CUST6943,18350,Debit Card,Annual,FAILED,Bank Timeout,2,Declined,1,2026-05-06 18:03:38.959140
PAY002908,CUST1796,14285,UPI,Quarterly,FAILED,Fraud Suspected,3,Processing Error,0,2026-04-26 02:08:38.959140
PAY002909,CUST9667,5459,Net Banking,Quarterly,SUCCESS,,0,Approved,0,2026-07-13 16:26:38.959140
PAY002910,CUST8421,4935,Credit Card,Annual,FAILED,UPI Failure,1,Processing Error,1,2026-08-21 12:57:38.959140
PAY002911,CUST4085,22445,Credit Card,Quarterly,SUCCESS,,2,Approved,0,2026-05-22 20:17:38.959140
PAY002912,CUST1764,9230,Debit Card,Monthly,SUCCESS,,0,Approved,0,2026-07-05 08:21:38.959140
PAY002913,CUST9505,17695,UPI,Monthly,FAILED,User Cancelled,0,Timeout,0,2026-03-14 06:39:38.959140
PAY002914,CUST3919,5079,Credit Card,Monthly,SUCCESS,,3,Approved,0,2026-08-12 16:37:38.959140
PAY002915,CUST4192,10577,UPI,Quarterly,SUCCESS,,3,Approved,0,2026-07-08 10:02:38.959140
PAY002916,CUST3022,9966,Credit Card,Quarterly,SUCCESS,,1,Approved,0,2026-06-22 05:36:38.959140
PAY002917,CUST3694,20662,UPI,Monthly,SUCCESS,,0,Approved,0,2026-06-07 19:11:38.959140
PAY002918,CUST3525,12488,Wallet,Quarterly,SUCCESS,,2,Approved,0,2026-05-12 17:03:38.959140
PAY002919,CUST4055,23719,Wallet,Annual,SUCCESS,,0,Approved,0,2026-06-27 04:44:38.959140
PAY002920,CUST3094,15979,Debit Card,Annual,SUCCESS,,1,Approved,0,2026-05-11 10:03:38.959140
PAY002921,CUST4844,21702,Credit Card,Monthly,SUCCESS,,1,Approved,0,2026-08-22 09:05:38.959140
PAY002922,CUST4114,22814,Wallet,Annual,SUCCESS,,3,Approved,0,2026-04-20 02:18:38.959140
PAY002923,CUST8760,145,Credit Card,Quarterly,SUCCESS,,2,Approved,0,2026-05-14 23:47:38.959140
PAY002924,CUST2427,7525,Wallet,Quarterly,SUCCESS,,3,Approved,0,2026-05-26 12:02:38.959140
PAY002925,CUST8522,15484,UPI,Annual,FAILED,Insufficient Funds,3,Blocked,1,2026-03-26 11:36:38.959140
PAY002926,CUST2979,19993,Wallet,Monthly,SUCCESS,,3,Approved,0,2026-07-31 05:40:38.959140
PAY002927,CUST9050,6649,UPI,Monthly,FAILED,Card Expired,3,Approved,0,2026-03-16 19:46:38.959140
PAY002928,CUST3996,11706,UPI,Quarterly,SUCCESS,,1,Approved,0,2026-08-19 08:35:38.959140
PAY002929,CUST5294,20751,Wallet,Quarterly,SUCCESS,,3,Approved,0,2026-08-24 20:04:38.959140
PAY002930,CUST3146,15777,Credit Card,Monthly,FAILED,UPI Failure,1,Timeout,1,2026-05-07 20:10:38.959140
PAY002931,CUST1276,7199,UPI,Annual,FAILED,Bank Timeout,1,Blocked,1,2026-04-04 14:02:38.959140
PAY002932,CUST3527,5144,Credit Card,Monthly,SUCCESS,,2,Approved,0,2026-06-19 18:50:38.959140
PAY002933,CUST7177,11690,Credit Card,Annual,SUCCESS,,3,Approved,0,2026-03-20 04:58:38.959140
PAY002934,CUST4968,11159,Net Banking,Monthly,FAILED,Insufficient Funds,1,Processing Error,1,2026-05-16 10:44:38.959140
PAY002935,CUST1908,21324,Debit Card,Quarterly,SUCCESS,,0,Approved,0,2026-06-14 13:42:38.959140
PAY002936,CUST4871,16213,UPI,Quarterly,SUCCESS,,2,Approved,0,2026-03-28 19:58:38.959140
PAY002937,CUST2999,7606,Wallet,Quarterly,SUCCESS,,2,Approved,0,2026-07-28 08:53:38.959140
PAY002938,CUST7313,21725,Credit Card,Quarterly,SUCCESS,,0,Approved,0,2026-04-18 19:20:38.959140
PAY002939,CUST7542,16768,Credit Card,Annual,SUCCESS,,2,Approved,0,2026-07-08 16:09:38.959140
PAY002940,CUST5535,15615,Net Banking,Monthly,FAILED,Card Expired,2,Timeout,0,2026-05-19 02:12:38.959140
PAY002941,CUST3855,8337,UPI,Quarterly,SUCCESS,,0,Approved,0,2026-08-02 07:21:38.959140
PAY002942,CUST2269,23704,Wallet,Annual,SUCCESS,,2,Approved,0,2026-03-22 21:53:38.959140
PAY002943,CUST2496,14132,Wallet,Annual,SUCCESS,,2,Approved,0,2026-03-12 21:06:38.959140
PAY002944,CUST9964,7030,Net Banking,Quarterly,SUCCESS,,2,Approved,0,2026-05-30 21:04:38.959140
PAY002945,CUST1297,2071,Debit Card,Monthly,FAILED,Insufficient Funds,3,Declined,1,2026-08-03 01:27:38.959140
PAY002946,CUST9128,5286,UPI,Monthly,SUCCESS,,0,Approved,0,2026-03-22 17:57:38.959140
PAY002947,CUST2200,3041,Credit Card,Annual,SUCCESS,,1,Approved,0,2026-05-04 18:38:38.959140
PAY002948,CUST7611,23575,Net Banking,Annual,SUCCESS,,3,Approved,0,2026-08-21 17:19:38.959140
PAY002949,CUST9572,14972,Net Banking,Monthly,SUCCESS,,3,Approved,0,2026-03-16 09:59:38.959140
PAY002950,CUST8927,14070,Credit Card,Monthly,SUCCESS,,3,Approved,0,2026-08-19 09:40:38.959140
PAY002951,CUST8542,6173,Debit Card,Annual,FAILED,Invalid CVV,1,Approved,0,2026-05-28 12:13:38.959140
PAY002952,CUST9924,17479,Net Banking,Quarterly,SUCCESS,,3,Approved,0,2026-07-05 21:39:38.959140
PAY002953,CUST6058,20985,Credit Card,Monthly,SUCCESS,,1,Approved,0,2026-08-28 01:14:38.959140
PAY002954,CUST6058,20741,Credit Card,Monthly,SUCCESS,,3,Approved,0,2026-05-08 15:51:38.959140
PAY002955,CUST3371,22122,UPI,Monthly,FAILED,Network Error,2,Approved,1,2026-04-11 21:02:38.959140
PAY002956,CUST1385,2368,Debit Card,Quarterly,SUCCESS,,2,Approved,0,2026-08-10 02:42:38.959140
PAY002957,CUST8863,9021,UPI,Annual,FAILED,UPI Failure,2,Timeout,1,2026-06-20 07:11:38.959140
PAY002958,CUST8606,4695,Net Banking,Quarterly,SUCCESS,,3,Approved,0,2026-06-19 23:25:38.959140
PAY002959,CUST7568,21902,Debit Card,Annual,SUCCESS,,3,Approved,0,2026-06-08 04:05:38.959140
PAY002960,CUST2458,14849,Net Banking,Monthly,SUCCESS,,2,Approved,0,2026-08-17 21:02:38.959140
PAY002961,CUST1553,11487,Debit Card,Quarterly,SUCCESS,,3,Approved,0,2026-07-13 12:37:38.959140
PAY002962,CUST6156,13425,Credit Card,Quarterly,SUCCESS,,1,Approved,0,2026-05-13 01:31:38.959140
PAY002963,CUST7989,19394,Wallet,Monthly,SUCCESS,,3,Approved,0,2026-04-28 09:21:38.959140
PAY002964,CUST7228,14562,Credit Card,Quarterly,FAILED,User Cancelled,0,Declined,0,2026-03-29 19:26:38.959140
PAY002965,CUST8634,22863,UPI,Monthly,SUCCESS,,2,Approved,0,2026-06-25 20:33:38.959140
PAY002966,CUST3639,3707,Net Banking,Quarterly,SUCCESS,,1,Approved,0,2026-06-14 02:32:38.959140
PAY002967,CUST2283,14076,Debit Card,Annual,SUCCESS,,2,Approved,0,2026-04-21 12:57:38.959140
PAY002968,CUST7446,17286,Debit Card,Quarterly,SUCCESS,,2,Approved,0,2026-06-29 03:53:38.959140
PAY002969,CUST6413,14340,Debit Card,Quarterly,SUCCESS,,1,Approved,0,2026-05-03 03:33:38.959140
PAY002970,CUST2195,10171,Debit Card,Annual,SUCCESS,,2,Approved,0,2026-07-30 19:25:38.959140
PAY002971,CUST4972,18756,Debit Card,Quarterly,SUCCESS,,1,Approved,0,2026-07-24 21:03:38.959140
PAY002972,CUST5417,9440,Net Banking,Quarterly,SUCCESS,,1,Approved,0,2026-06-22 11:05:38.959140
PAY002973,CUST4678,24972,UPI,Annual,SUCCESS,,1,Approved,0,2026-04-05 09:34:38.959140
PAY002974,CUST8815,13865,Credit Card,Annual,SUCCESS,,1,Approved,0,2026-06-28 00:26:38.959140
PAY002975,CUST5082,17570,Credit Card,Monthly,SUCCESS,,2,Approved,0,2026-03-27 23:05:38.959140
PAY002976,CUST2886,18809,Net Banking,Monthly,FAILED,Insufficient Funds,3,Declined,1,2026-04-02 07:13:38.959140
PAY002977,CUST5703,9973,Net Banking,Quarterly,SUCCESS,,2,Approved,0,2026-04-13 21:13:38.959140
PAY002978,CUST3058,19288,UPI,Monthly,SUCCESS,,1,Approved,0,2026-08-13 04:53:38.959140
PAY002979,CUST8091,9987,Debit Card,Quarterly,SUCCESS,,2,Approved,0,2026-06-20 23:07:38.959140
PAY002980,CUST3317,4961,Debit Card,Monthly,FAILED,Insufficient Funds,1,Approved,1,2026-06-20 22:37:38.959140
PAY002981,CUST8560,3860,Debit Card,Quarterly,SUCCESS,,1,Approved,0,2026-07-21 09:25:38.959140
PAY002982,CUST6527,17425,Net Banking,Monthly,FAILED,User Cancelled,3,Blocked,0,2026-04-13 10:43:38.959140
PAY002983,CUST4578,14197,UPI,Quarterly,SUCCESS,,0,Approved,0,2026-08-24 18:33:38.959140
PAY002984,CUST5249,18204,Debit Card,Quarterly,SUCCESS,,2,Approved,0,2026-04-13 05:39:38.959140
PAY002985,CUST9880,2872,Wallet,Quarterly,SUCCESS,,0,Approved,0,2026-04-19 08:45:38.959140
PAY002986,CUST4007,6806,Credit Card,Quarterly,SUCCESS,,2,Approved,0,2026-08-18 20:47:38.959140
PAY002987,CUST5074,22078,Credit Card,Quarterly,SUCCESS,,1,Approved,0,2026-03-15 21:32:38.959140
PAY002988,CUST4406,6099,UPI,Monthly,SUCCESS,,2,Approved,0,2026-05-22 19:35:38.959140
PAY002989,CUST7810,21833,Wallet,Annual,SUCCESS,,3,Approved,0,2026-07-17 19:38:38.959140
PAY002990,CUST9851,21661,UPI,Monthly,SUCCESS,,3,Approved,0,2026-07-30 01:21:38.959140
PAY002991,CUST3307,21435,Wallet,Quarterly,SUCCESS,,2,Approved,0,2026-07-17 04:34:38.959140
PAY002992,CUST2469,19188,Net Banking,Quarterly,SUCCESS,,0,Approved,0,2026-04-06 15:39:38.959140
PAY002993,CUST5949,2209,Credit Card,Quarterly,FAILED,Network Error,3,Approved,1,2026-04-26 18:27:38.959140
PAY002994,CUST1768,7582,Credit Card,Monthly,SUCCESS,,2,Approved,0,2026-08-29 05:49:38.959140
PAY002995,CUST3968,20071,Net Banking,Quarterly,FAILED,Invalid CVV,2,Timeout,0,2026-05-25 15:31:38.959140
PAY002996,CUST4293,24802,Credit Card,Annual,SUCCESS,,1,Approved,0,2026-04-15 00:32:38.959140
PAY002997,CUST3202,20533,Debit Card,Quarterly,FAILED,Bank Timeout,1,Approved,1,2026-03-11 11:56:38.959140
PAY002998,CUST1163,3631,Credit Card,Monthly,SUCCESS,,1,Approved,0,2026-04-16 00:19:38.959140
PAY002999,CUST8224,8410,UPI,Annual,SUCCESS,,3,Approved,0,2026-06-03 01:54:38.959140
PAY003000,CUST8475,22064,Debit Card,Monthly,SUCCESS,,3,Approved,0,2026-07-30 09:34:38.959140
PAY003001,CUST8837,14086,Wallet,Annual,SUCCESS,,1,Approved,0,2026-07-29 01:13:38.959140
PAY003002,CUST1928,10427,Credit Card,Quarterly,SUCCESS,,1,Approved,0,2026-08-20 09:28:38.959140
PAY003003,CUST3835,7000,Credit Card,Annual,SUCCESS,,0,Approved,0,2026-03-24 01:04:38.959140
PAY003004,CUST4850,8563,UPI,Monthly,SUCCESS,,3,Approved,0,2026-04-09 20:42:38.959140
PAY003005,CUST9850,4418,Debit Card,Quarterly,SUCCESS,,0,Approved,0,2026-04-01 22:20:38.959140
PAY003006,CUST8441,19154,Credit Card,Monthly,SUCCESS,,0,Approved,0,2026-03-26 08:14:38.959140
PAY003007,CUST7116,4437,UPI,Quarterly,SUCCESS,,2,Approved,0,2026-03-19 06:56:38.959140
PAY003008,CUST8578,23764,UPI,Quarterly,FAILED,Fraud Suspected,3,Blocked,0,2026-08-23 14:34:38.959140
PAY003009,CUST5267,22741,Net Banking,Monthly,SUCCESS,,3,Approved,0,2026-05-07 06:12:38.959140
PAY003010,CUST5320,19783,UPI,Quarterly,SUCCESS,,1,Approved,0,2026-08-25 07:30:38.959140
PAY003011,CUST8220,17846,Credit Card,Annual,SUCCESS,,1,Approved,0,2026-06-15 12:38:38.959140
PAY003012,CUST2050,4959,Credit Card,Monthly,SUCCESS,,2,Approved,0,2026-06-09 21:03:38.959140
PAY003013,CUST7458,1413,Wallet,Quarterly,SUCCESS,,2,Approved,0,2026-05-18 22:32:38.959140
PAY003014,CUST5053,16716,Net Banking,Monthly,SUCCESS,,1,Approved,0,2026-08-29 05:24:38.959140
PAY003015,CUST4052,14889,UPI,Monthly,SUCCESS,,0,Approved,0,2026-08-01 10:08:38.959140
PAY003016,CUST8502,1643,Wallet,Monthly,SUCCESS,,0,Approved,0,2026-06-14 10:50:38.959140
PAY003017,CUST1819,11458,UPI,Quarterly,SUCCESS,,3,Approved,0,2026-08-03 18:33:38.959140
PAY003018,CUST3474,15982,Debit Card,Monthly,FAILED,Insufficient Funds,2,Declined,1,2026-07-14 01:33:38.959140
PAY003019,CUST6815,20396,Credit Card,Annual,SUCCESS,,2,Approved,0,2026-07-14 05:18:38.959140
PAY003020,CUST3828,3683,Credit Card,Monthly,SUCCESS,,3,Approved,0,2026-03-28 08:58:38.959140
PAY003021,CUST8444,12806,Credit Card,Monthly,FAILED,Network Error,2,Blocked,1,2026-04-24 06:30:38.959140
PAY003022,CUST2851,9577,Net Banking,Monthly,SUCCESS,,1,Approved,0,2026-04-05 01:52:38.959140
PAY003023,CUST7266,10601,Credit Card,Monthly,SUCCESS,,2,Approved,0,2026-06-25 09:48:38.959140
PAY003024,CUST5749,148,Debit Card,Quarterly,SUCCESS,,1,Approved,0,2026-04-15 15:20:38.959140
PAY003025,CUST9496,705,Net Banking,Annual,SUCCESS,,2,Approved,0,2026-06-09 05:23:38.959140
PAY003026,CUST8612,10931,UPI,Monthly,SUCCESS,,0,Approved,0,2026-04-28 03:05:38.959140
PAY003027,CUST9314,12360,Debit Card,Monthly,SUCCESS,,3,Approved,0,2026-07-27 05:44:38.959140
PAY003028,CUST8343,10362,Net Banking,Quarterly,SUCCESS,,1,Approved,0,2026-07-31 06:09:38.959140
PAY003029,CUST4427,6051,Credit Card,Annual,SUCCESS,,3,Approved,0,2026-05-26 13:25:38.959140
PAY003030,CUST4030,13668,Net Banking,Quarterly,SUCCESS,,1,Approved,0,2026-04-27 14:10:38.959140
PAY003031,CUST6876,5685,Wallet,Monthly,SUCCESS,,1,Approved,0,2026-08-22 20:02:38.959140
PAY003032,CUST9892,2738,UPI,Monthly,SUCCESS,,3,Approved,0,2026-05-12 09:18:38.959140
PAY003033,CUST3583,4484,Credit Card,Annual,FAILED,User Cancelled,0,Blocked,0,2026-07-06 21:07:38.959140
PAY003034,CUST7725,2436,Credit Card,Monthly,SUCCESS,,2,Approved,0,2026-08-25 00:30:38.959140
PAY003035,CUST7590,10510,Credit Card,Quarterly,SUCCESS,,2,Approved,0,2026-07-25 16:35:38.959140
PAY003036,CUST7694,22000,Credit Card,Annual,SUCCESS,,1,Approved,0,2026-07-05 08:34:38.959140
PAY003037,CUST8069,21859,Net Banking,Monthly,SUCCESS,,1,Approved,0,2026-03-17 13:59:38.959140
PAY003038,CUST6564,8592,UPI,Monthly,SUCCESS,,0,Approved,0,2026-07-05 10:59:38.959140
PAY003039,CUST9819,3604,UPI,Monthly,SUCCESS,,1,Approved,0,2026-07-06 23:40:38.959140
PAY003040,CUST3572,17611,UPI,Annual,SUCCESS,,1,Approved,0,2026-07-16 00:41:38.959140
PAY003041,CUST3832,5074,UPI,Quarterly,SUCCESS,,0,Approved,0,2026-08-29 16:47:38.959140
PAY003042,CUST7102,16855,Wallet,Monthly,SUCCESS,,0,Approved,0,2026-07-17 06:38:38.959140
PAY003043,CUST5881,17906,UPI,Monthly,FAILED,UPI Failure,3,Processing Error,1,2026-06-15 08:06:38.959140
PAY003044,CUST6067,3694,Debit Card,Monthly,FAILED,Insufficient Funds,2,Processing Error,1,2026-04-26 12:33:38.959140
PAY003045,CUST9232,22175,Net Banking,Quarterly,FAILED,Invalid CVV,0,Declined,0,2026-03-17 13:16:38.959140
PAY003046,CUST6139,15842,Wallet,Quarterly,SUCCESS,,1,Approved,0,2026-08-08 05:53:38.959140
PAY003047,CUST2945,12803,Wallet,Quarterly,FAILED,Invalid CVV,3,Timeout,0,2026-04-30 02:18:38.959140
PAY003048,CUST3953,7232,UPI,Annual,SUCCESS,,2,Approved,0,2026-07-07 16:16:38.959140
PAY003049,CUST2230,14389,Credit Card,Monthly,SUCCESS,,1,Approved,0,2026-04-11 09:29:38.959140
PAY003050,CUST5658,22714,Credit Card,Annual,SUCCESS,,0,Approved,0,2026-03-18 01:54:38.959140
PAY003051,CUST8956,7208,Wallet,Annual,SUCCESS,,0,Approved,0,2026-04-30 00:42:38.959140
PAY003052,CUST8315,23037,Credit Card,Quarterly,FAILED,UPI Failure,0,Blocked,1,2026-03-26 04:39:38.959140
PAY003053,CUST9631,19565,UPI,Annual,SUCCESS,,2,Approved,0,2026-06-22 13:03:38.959140
PAY003054,CUST1326,22981,UPI,Monthly,SUCCESS,,1,Approved,0,2026-03-29 23:44:38.959140
PAY003055,CUST2022,13935,UPI,Quarterly,FAILED,Bank Timeout,3,Approved,1,2026-03-13 14:42:38.959140
PAY003056,CUST9912,24609,Net Banking,Monthly,FAILED,User Cancelled,1,Declined,0,2026-06-15 23:12:38.959140
PAY003057,CUST3940,225,Debit Card,Monthly,FAILED,Insufficient Funds,2,Timeout,1,2026-07-02 19:38:38.959140
PAY003058,CUST3651,7797,Net Banking,Annual,FAILED,User Cancelled,0,Blocked,0,2026-08-27 01:41:38.959140
PAY003059,CUST8390,18598,Net Banking,Annual,SUCCESS,,0,Approved,0,2026-03-20 15:48:38.959140
PAY003060,CUST8145,5473,Credit Card,Monthly,SUCCESS,,3,Approved,0,2026-07-25 11:29:38.959140
PAY003061,CUST9218,18311,Wallet,Quarterly,SUCCESS,,1,Approved,0,2026-08-17 08:48:38.959140
PAY003062,CUST8924,6778,Net Banking,Annual,SUCCESS,,1,Approved,0,2026-08-05 02:05:38.959140
PAY003063,CUST9885,11116,Net Banking,Monthly,SUCCESS,,0,Approved,0,2026-08-17 14:18:38.959140
PAY003064,CUST5992,3531,UPI,Monthly,SUCCESS,,1,Approved,0,2026-05-27 19:38:38.959140
PAY003065,CUST4696,6320,Wallet,Monthly,FAILED,Bank Timeout,1,Declined,1,2026-07-08 15:31:38.959140
PAY003066,CUST4061,17812,Net Banking,Annual,SUCCESS,,1,Approved,0,2026-05-12 09:28:38.959140
PAY003067,CUST1324,2173,Net Banking,Quarterly,SUCCESS,,3,Approved,0,2026-05-08 00:46:38.959140
PAY003068,CUST7065,3211,Wallet,Monthly,SUCCESS,,0,Approved,0,2026-05-25 17:07:38.959140
PAY003069,CUST5364,17735,Credit Card,Monthly,SUCCESS,,0,Approved,0,2026-08-12 16:28:38.959140
PAY003070,CUST2913,15404,Net Banking,Annual,SUCCESS,,3,Approved,0,2026-05-23 09:27:38.959140
PAY003071,CUST9736,11644,Credit Card,Annual,SUCCESS,,3,Approved,0,2026-06-23 07:20:38.959140
PAY003072,CUST1272,11565,Credit Card,Annual,SUCCESS,,3,Approved,0,2026-04-11 05:46:38.959140
PAY003073,CUST7299,12178,Credit Card,Annual,SUCCESS,,3,Approved,0,2026-06-14 23:43:38.959140
PAY003074,CUST4344,18932,Debit Card,Annual,FAILED,User Cancelled,0,Processing Error,0,2026-04-03 23:45:38.959140
PAY003075,CUST6343,18629,Credit Card,Annual,SUCCESS,,1,Approved,0,2026-05-11 07:41:38.959140
PAY003076,CUST8280,14358,Debit Card,Monthly,SUCCESS,,0,Approved,0,2026-07-26 21:11:38.959140
PAY003077,CUST5392,20016,Net Banking,Monthly,SUCCESS,,0,Approved,0,2026-05-29 19:41:38.959140
PAY003078,CUST8174,13599,Wallet,Annual,FAILED,Fraud Suspected,3,Approved,0,2026-06-25 06:08:38.959140
PAY003079,CUST8492,806,Debit Card,Annual,SUCCESS,,0,Approved,0,2026-06-18 12:24:38.959140
PAY003080,CUST5656,8451,Net Banking,Quarterly,SUCCESS,,2,Approved,0,2026-07-12 14:35:38.959140
PAY003081,CUST9258,16779,Debit Card,Monthly,SUCCESS,,1,Approved,0,2026-08-02 22:24:38.959140
PAY003082,CUST8509,8046,Wallet,Annual,SUCCESS,,2,Approved,0,2026-08-09 12:25:38.959140
PAY003083,CUST5799,13162,Wallet,Annual,SUCCESS,,0,Approved,0,2026-05-18 03:03:38.959140
PAY003084,CUST3730,9602,Wallet,Quarterly,SUCCESS,,2,Approved,0,2026-03-11 14:23:38.959140
PAY003085,CUST7528,10803,Credit Card,Quarterly,FAILED,Insufficient Funds,1,Declined,1,2026-03-31 07:57:38.959140
PAY003086,CUST2002,13213,UPI,Annual,SUCCESS,,2,Approved,0,2026-06-18 10:47:38.959140
PAY003087,CUST9521,17618,UPI,Monthly,SUCCESS,,2,Approved,0,2026-05-14 01:50:38.959140
PAY003088,CUST1674,17781,Debit Card,Quarterly,SUCCESS,,1,Approved,0,2026-08-16 01:52:38.959140
PAY003089,CUST8761,17821,Debit Card,Annual,SUCCESS,,1,Approved,0,2026-06-30 11:02:38.959140
PAY003090,CUST3447,18230,Net Banking,Quarterly,FAILED,Network Error,2,Approved,1,2026-05-24 12:44:38.959140
PAY003091,CUST7395,1647,Net Banking,Monthly,FAILED,Insufficient Funds,0,Timeout,1,2026-04-17 13:12:38.959140
PAY003092,CUST4330,19643,UPI,Quarterly,SUCCESS,,2,Approved,0,2026-07-05 05:29:38.959140
PAY003093,CUST4138,3280,Net Banking,Annual,SUCCESS,,2,Approved,0,2026-07-27 11:25:38.959140
PAY003094,CUST1848,9739,Wallet,Quarterly,SUCCESS,,3,Approved,0,2026-05-30 12:10:38.959140
PAY003095,CUST7790,738,UPI,Monthly,FAILED,UPI Failure,0,Declined,1,2026-06-14 10:25:38.959140
PAY003096,CUST7100,24678,UPI,Monthly,SUCCESS,,1,Approved,0,2026-05-26 16:00:38.959140
PAY003097,CUST5129,9786,Credit Card,Annual,SUCCESS,,2,Approved,0,2026-08-29 16:30:38.959140
PAY003098,CUST5493,1516,Debit Card,Quarterly,SUCCESS,,3,Approved,0,2026-06-05 21:38:38.959140
PAY003099,CUST5929,13234,UPI,Quarterly,SUCCESS,,2,Approved,0,2026-04-08 19:24:38.959140
PAY003100,CUST6639,4229,Wallet,Annual,SUCCESS,,0,Approved,0,2026-05-07 17:05:38.959140
PAY003101,CUST7970,15751,Credit Card,Monthly,SUCCESS,,1,Approved,0,2026-05-06 05:21:38.959140
PAY003102,CUST4865,6023,Credit Card,Annual,FAILED,Insufficient Funds,0,Timeout,1,2026-06-28 15:56:38.959140
PAY003103,CUST1481,9762,Debit Card,Quarterly,SUCCESS,,3,Approved,0,2026-08-01 04:27:38.959140
PAY003104,CUST5727,12839,Debit Card,Quarterly,SUCCESS,,2,Approved,0,2026-06-16 07:42:38.959140
PAY003105,CUST3797,19785,UPI,Monthly,SUCCESS,,3,Approved,0,2026-05-08 04:40:38.959140
PAY003106,CUST2340,10340,Credit Card,Quarterly,SUCCESS,,0,Approved,0,2026-06-06 20:08:38.959140
PAY003107,CUST3723,11492,Wallet,Monthly,SUCCESS,,1,Approved,0,2026-03-28 07:15:38.959140
PAY003108,CUST4028,8262,UPI,Monthly,SUCCESS,,3,Approved,0,2026-04-02 01:16:38.959140
PAY003109,CUST9104,15575,Credit Card,Quarterly,FAILED,Bank Timeout,1,Processing Error,1,2026-08-24 20:28:38.959140
PAY003110,CUST6259,17664,Debit Card,Annual,FAILED,User Cancelled,1,Blocked,0,2026-06-30 05:04:38.959140
PAY003111,CUST6673,6028,Credit Card,Annual,SUCCESS,,2,Approved,0,2026-04-09 19:20:38.959140
PAY003112,CUST7033,3421,Wallet,Monthly,FAILED,User Cancelled,3,Processing Error,0,2026-03-30 20:32:38.959140
PAY003113,CUST1855,1892,Wallet,Annual,SUCCESS,,2,Approved,0,2026-08-23 14:20:38.959140
PAY003114,CUST8343,10208,Net Banking,Quarterly,SUCCESS,,0,Approved,0,2026-04-25 19:52:38.959140
PAY003115,CUST4519,7646,Debit Card,Monthly,SUCCESS,,2,Approved,0,2026-07-04 01:26:38.959140
PAY003116,CUST8557,17430,UPI,Quarterly,SUCCESS,,2,Approved,0,2026-03-30 05:09:38.959140
PAY003117,CUST5259,23112,Debit Card,Annual,SUCCESS,,3,Approved,0,2026-04-15 02:35:38.959140
PAY003118,CUST9364,11022,Wallet,Monthly,SUCCESS,,1,Approved,0,2026-06-06 16:46:38.959140
PAY003119,CUST2362,4188,UPI,Annual,SUCCESS,,1,Approved,0,2026-05-25 11:51:38.959140
PAY003120,CUST1613,21211,Wallet,Quarterly,SUCCESS,,1,Approved,0,2026-05-26 13:21:38.959140
PAY003121,CUST3852,5836,Net Banking,Annual,SUCCESS,,0,Approved,0,2026-05-12 23:52:38.959140
PAY003122,CUST8123,414,Credit Card,Quarterly,SUCCESS,,2,Approved,0,2026-08-07 09:22:38.959140
PAY003123,CUST8293,10370,Debit Card,Quarterly,SUCCESS,,1,Approved,0,2026-04-01 01:15:38.959140
PAY003124,CUST6364,21755,Credit Card,Quarterly,SUCCESS,,1,Approved,0,2026-08-25 11:31:38.959140
PAY003125,CUST7960,16871,Net Banking,Monthly,FAILED,Card Expired,0,Timeout,0,2026-03-28 06:48:38.959140
PAY003126,CUST8851,12600,Net Banking,Annual,SUCCESS,,3,Approved,0,2026-03-25 18:03:38.959140
PAY003127,CUST2069,5426,Debit Card,Monthly,SUCCESS,,3,Approved,0,2026-06-24 23:57:38.959140
PAY003128,CUST5209,13076,Net Banking,Annual,SUCCESS,,1,Approved,0,2026-06-24 18:45:38.959140
PAY003129,CUST2837,8683,UPI,Annual,FAILED,Insufficient Funds,2,Approved,1,2026-03-19 09:18:38.959140
PAY003130,CUST1277,11249,Wallet,Monthly,SUCCESS,,3,Approved,0,2026-04-20 06:50:38.959140
PAY003131,CUST9852,22504,Wallet,Quarterly,FAILED,Card Expired,2,Approved,0,2026-04-08 14:33:38.959140
PAY003132,CUST5830,9618,Net Banking,Quarterly,SUCCESS,,2,Approved,0,2026-04-09 18:51:38.959140
PAY003133,CUST8500,16961,Wallet,Quarterly,SUCCESS,,2,Approved,0,2026-06-30 12:47:38.959140
PAY003134,CUST9032,18483,Debit Card,Annual,SUCCESS,,2,Approved,0,2026-08-06 18:50:38.959140
PAY003135,CUST9492,11519,UPI,Annual,SUCCESS,,1,Approved,0,2026-08-28 21:57:38.959140
PAY003136,CUST8581,4799,Wallet,Annual,SUCCESS,,0,Approved,0,2026-05-29 02:27:38.959140
PAY003137,CUST3255,21810,Debit Card,Annual,SUCCESS,,0,Approved,0,2026-08-06 01:52:38.959140
PAY003138,CUST2342,21047,Net Banking,Monthly,SUCCESS,,3,Approved,0,2026-08-20 09:46:38.959140
PAY003139,CUST2620,24695,Debit Card,Monthly,FAILED,Fraud Suspected,2,Timeout,0,2026-08-23 12:52:38.959140
PAY003140,CUST2717,5337,UPI,Monthly,SUCCESS,,3,Approved,0,2026-06-13 01:52:38.959140
PAY003141,CUST9653,21011,Wallet,Quarterly,SUCCESS,,0,Approved,0,2026-04-17 00:23:38.959140
PAY003142,CUST5026,17674,Wallet,Quarterly,FAILED,Card Expired,0,Blocked,0,2026-07-28 22:50:38.959140
PAY003143,CUST1186,2713,UPI,Annual,FAILED,User Cancelled,2,Blocked,0,2026-08-28 21:08:38.959140
PAY003144,CUST8667,21617,Wallet,Monthly,FAILED,Card Expired,1,Processing Error,0,2026-08-08 12:23:38.959140
PAY003145,CUST7929,4942,Wallet,Monthly,SUCCESS,,3,Approved,0,2026-08-25 02:55:38.959140
PAY003146,CUST6129,12343,Wallet,Annual,SUCCESS,,0,Approved,0,2026-07-02 03:01:38.959140
PAY003147,CUST4197,24823,Credit Card,Annual,FAILED,Insufficient Funds,3,Timeout,1,2026-07-24 03:40:38.959140
PAY003148,CUST4950,24548,Wallet,Monthly,SUCCESS,,0,Approved,0,2026-03-31 23:39:38.959140
PAY003149,CUST8771,17552,Debit Card,Monthly,SUCCESS,,1,Approved,0,2026-08-12 01:18:38.959140
PAY003150,CUST4987,10425,Net Banking,Monthly,SUCCESS,,2,Approved,0,2026-03-31 21:02:38.959140
PAY003151,CUST9765,22711,UPI,Annual,SUCCESS,,2,Approved,0,2026-08-07 05:37:38.959140
PAY003152,CUST1999,1498,Credit Card,Quarterly,SUCCESS,,2,Approved,0,2026-05-08 11:09:38.959140
PAY003153,CUST2141,15206,Debit Card,Annual,SUCCESS,,1,Approved,0,2026-05-21 16:52:38.959140
PAY003154,CUST3291,17496,Net Banking,Monthly,FAILED,Invalid CVV,3,Processing Error,0,2026-04-16 05:41:38.959140
PAY003155,CUST5019,11524,Credit Card,Quarterly,SUCCESS,,3,Approved,0,2026-06-21 06:23:38.959140
PAY003156,CUST1116,20371,Debit Card,Annual,SUCCESS,,0,Approved,0,2026-07-16 00:25:38.959140
PAY003157,CUST7008,24716,Debit Card,Quarterly,SUCCESS,,3,Approved,0,2026-03-26 05:58:38.959140
PAY003158,CUST7321,2915,Net Banking,Monthly,SUCCESS,,2,Approved,0,2026-08-13 12:00:38.959140
PAY003159,CUST6680,18714,UPI,Monthly,SUCCESS,,1,Approved,0,2026-05-13 19:17:38.959140
PAY003160,CUST1697,8163,Credit Card,Annual,SUCCESS,,3,Approved,0,2026-07-11 09:08:38.959140
PAY003161,CUST3595,15550,Wallet,Annual,FAILED,UPI Failure,3,Approved,1,2026-04-11 21:08:38.959140
PAY003162,CUST1076,21403,Debit Card,Monthly,SUCCESS,,3,Approved,0,2026-05-23 09:56:38.959140
PAY003163,CUST5176,17178,Debit Card,Monthly,SUCCESS,,0,Approved,0,2026-05-17 13:28:38.959140
PAY003164,CUST8566,22478,Debit Card,Annual,FAILED,Insufficient Funds,3,Approved,1,2026-03-23 17:39:38.959140
PAY003165,CUST7116,11068,UPI,Monthly,FAILED,Fraud Suspected,2,Approved,0,2026-05-23 08:46:38.959140
PAY003166,CUST9034,18456,Credit Card,Monthly,SUCCESS,,0,Approved,0,2026-04-03 10:40:38.959140
PAY003167,CUST7917,16044,Credit Card,Annual,SUCCESS,,3,Approved,0,2026-04-16 18:19:38.959140
PAY003168,CUST2901,8726,Wallet,Annual,FAILED,Fraud Suspected,2,Processing Error,0,2026-07-10 22:36:38.959140
PAY003169,CUST1354,10486,Wallet,Quarterly,SUCCESS,,1,Approved,0,2026-08-25 11:27:38.959140
PAY003170,CUST7588,1570,Debit Card,Annual,SUCCESS,,3,Approved,0,2026-06-07 23:13:38.959140
PAY003171,CUST9284,21702,Wallet,Quarterly,FAILED,Bank Timeout,0,Declined,1,2026-06-21 12:08:38.959140
PAY003172,CUST6744,16782,UPI,Annual,FAILED,Fraud Suspected,3,Timeout,0,2026-07-27 02:42:38.959140
PAY003173,CUST9043,10868,UPI,Quarterly,SUCCESS,,3,Approved,0,2026-04-03 12:29:38.959140
PAY003174,CUST7960,6539,Wallet,Annual,SUCCESS,,0,Approved,0,2026-07-04 15:18:38.959140
PAY003175,CUST4327,3561,Debit Card,Monthly,FAILED,Fraud Suspected,3,Approved,0,2026-08-09 13:30:38.959140
PAY003176,CUST9084,17227,Credit Card,Annual,SUCCESS,,0,Approved,0,2026-06-10 03:28:38.959140
PAY003177,CUST4644,21460,Credit Card,Monthly,SUCCESS,,2,Approved,0,2026-06-11 00:03:38.959140
PAY003178,CUST5113,15660,UPI,Monthly,SUCCESS,,3,Approved,0,2026-03-12 08:04:38.959140
PAY003179,CUST2846,19925,Debit Card,Monthly,SUCCESS,,0,Approved,0,2026-07-01 03:48:38.959140
PAY003180,CUST4052,20969,Wallet,Monthly,SUCCESS,,3,Approved,0,2026-03-14 00:33:38.959140
PAY003181,CUST3733,11524,UPI,Quarterly,SUCCESS,,2,Approved,0,2026-07-31 03:58:38.959140
PAY003182,CUST2392,5682,Wallet,Monthly,SUCCESS,,1,Approved,0,2026-08-19 15:05:38.959140
PAY003183,CUST3194,11767,UPI,Quarterly,SUCCESS,,3,Approved,0,2026-06-01 20:58:38.959140
PAY003184,CUST5458,2271,UPI,Annual,FAILED,UPI Failure,0,Blocked,1,2026-03-20 02:30:38.959140
PAY003185,CUST4935,8970,Wallet,Annual,SUCCESS,,2,Approved,0,2026-07-29 22:31:38.959140
PAY003186,CUST6071,20460,UPI,Annual,SUCCESS,,3,Approved,0,2026-07-17 21:18:38.959140
PAY003187,CUST8776,4824,Credit Card,Annual,FAILED,UPI Failure,2,Approved,1,2026-06-16 19:56:38.959140
PAY003188,CUST4003,8479,Credit Card,Quarterly,SUCCESS,,3,Approved,0,2026-04-16 01:31:38.959140
PAY003189,CUST3361,16352,Credit Card,Quarterly,SUCCESS,,2,Approved,0,2026-08-01 05:52:38.959140
PAY003190,CUST7868,22836,UPI,Monthly,SUCCESS,,1,Approved,0,2026-04-10 04:25:38.959140
PAY003191,CUST4152,20476,Debit Card,Quarterly,SUCCESS,,0,Approved,0,2026-03-16 06:05:38.959140
PAY003192,CUST1823,3350,Net Banking,Monthly,SUCCESS,,3,Approved,0,2026-04-17 23:04:38.959140
PAY003193,CUST3782,13185,UPI,Monthly,SUCCESS,,3,Approved,0,2026-07-14 05:22:38.959140
PAY003194,CUST7784,1140,Credit Card,Monthly,FAILED,Network Error,2,Processing Error,1,2026-07-29 16:37:38.959140
PAY003195,CUST1510,6540,UPI,Quarterly,SUCCESS,,3,Approved,0,2026-06-16 18:42:38.959140
PAY003196,CUST1981,19920,UPI,Quarterly,SUCCESS,,2,Approved,0,2026-03-15 06:24:38.959140
PAY003197,CUST8559,11028,Credit Card,Annual,SUCCESS,,0,Approved,0,2026-03-14 12:48:38.959140
PAY003198,CUST8396,6308,Credit Card,Monthly,SUCCESS,,0,Approved,0,2026-07-06 22:07:38.959140
PAY003199,CUST1675,6790,Wallet,Quarterly,SUCCESS,,3,Approved,0,2026-06-20 21:44:38.959140
PAY003200,CUST2965,21564,UPI,Quarterly,FAILED,Bank Timeout,3,Declined,1,2026-06-08 00:36:38.959140
PAY003201,CUST7676,23362,UPI,Quarterly,SUCCESS,,2,Approved,0,2026-07-23 03:33:38.959140
PAY003202,CUST1103,5577,Net Banking,Quarterly,SUCCESS,,0,Approved,0,2026-06-04 02:00:38.959140
PAY003203,CUST4695,13437,Debit Card,Quarterly,SUCCESS,,0,Approved,0,2026-04-05 03:26:38.959140
PAY003204,CUST7509,4416,UPI,Monthly,FAILED,Bank Timeout,1,Approved,1,2026-05-14 10:28:38.959140
PAY003205,CUST2348,7133,Credit Card,Annual,SUCCESS,,2,Approved,0,2026-07-25 07:18:38.959140
PAY003206,CUST8308,21867,Net Banking,Monthly,FAILED,Fraud Suspected,0,Timeout,0,2026-06-23 23:53:38.959140
PAY003207,CUST3992,839,Net Banking,Annual,SUCCESS,,1,Approved,0,2026-07-10 13:44:38.959140
PAY003208,CUST3138,10447,Net Banking,Quarterly,SUCCESS,,0,Approved,0,2026-04-19 16:44:38.959140
PAY003209,CUST1394,15356,Credit Card,Quarterly,SUCCESS,,2,Approved,0,2026-07-18 21:50:38.959140
PAY003210,CUST7263,22775,UPI,Monthly,FAILED,User Cancelled,2,Approved,0,2026-06-24 04:16:38.959140
PAY003211,CUST9798,18939,Wallet,Monthly,SUCCESS,,0,Approved,0,2026-05-06 23:53:38.959140
PAY003212,CUST5678,14184,Wallet,Annual,SUCCESS,,3,Approved,0,2026-07-25 16:34:38.959140
PAY003213,CUST7902,8464,Credit Card,Monthly,FAILED,Invalid CVV,3,Blocked,0,2026-06-19 00:26:38.959140
PAY003214,CUST9610,2025,Debit Card,Quarterly,SUCCESS,,0,Approved,0,2026-06-08 20:38:38.959140
PAY003215,CUST2451,873,Wallet,Monthly,SUCCESS,,1,Approved,0,2026-05-28 14:17:38.959140
PAY003216,CUST3140,16178,UPI,Quarterly,SUCCESS,,2,Approved,0,2026-06-30 14:47:38.959140
PAY003217,CUST9668,1748,Credit Card,Quarterly,SUCCESS,,3,Approved,0,2026-06-21 19:11:38.959140
PAY003218,CUST4233,24031,Debit Card,Monthly,SUCCESS,,1,Approved,0,2026-08-08 13:18:38.959140
PAY003219,CUST8357,8914,UPI,Annual,SUCCESS,,3,Approved,0,2026-04-28 00:42:38.959140
PAY003220,CUST5494,7439,Net Banking,Monthly,SUCCESS,,3,Approved,0,2026-05-06 19:02:38.959140
PAY003221,CUST3727,417,Credit Card,Annual,SUCCESS,,1,Approved,0,2026-03-21 19:14:38.959140
PAY003222,CUST1238,22588,Debit Card,Quarterly,SUCCESS,,1,Approved,0,2026-08-14 11:48:38.959140
PAY003223,CUST1998,6919,UPI,Monthly,SUCCESS,,1,Approved,0,2026-03-10 03:52:38.959140
PAY003224,CUST5779,12449,Net Banking,Quarterly,SUCCESS,,1,Approved,0,2026-08-01 05:07:38.959140
PAY003225,CUST9456,3743,Wallet,Annual,SUCCESS,,0,Approved,0,2026-03-10 09:54:38.959140
PAY003226,CUST7655,18715,UPI,Monthly,FAILED,Fraud Suspected,0,Approved,0,2026-03-31 21:16:38.959140
PAY003227,CUST3494,3124,Credit Card,Monthly,SUCCESS,,3,Approved,0,2026-06-21 03:37:38.959140
PAY003228,CUST9715,6703,Wallet,Annual,SUCCESS,,3,Approved,0,2026-07-22 21:47:38.959140
PAY003229,CUST1145,23572,Wallet,Annual,SUCCESS,,0,Approved,0,2026-05-19 11:19:38.959140
PAY003230,CUST9972,17902,Net Banking,Quarterly,SUCCESS,,0,Approved,0,2026-08-28 10:24:38.959140
PAY003231,CUST9438,12829,Debit Card,Annual,FAILED,Insufficient Funds,1,Approved,1,2026-03-17 04:45:38.959140
PAY003232,CUST2585,14338,Credit Card,Quarterly,SUCCESS,,0,Approved,0,2026-08-18 21:05:38.959140
PAY003233,CUST2514,3248,Wallet,Annual,SUCCESS,,0,Approved,0,2026-05-06 18:05:38.959140
PAY003234,CUST9212,22849,Credit Card,Annual,SUCCESS,,2,Approved,0,2026-05-08 19:49:38.959140
PAY003235,CUST1197,10225,UPI,Quarterly,FAILED,Network Error,1,Timeout,1,2026-03-13 02:37:38.959140
PAY003236,CUST7735,7936,UPI,Quarterly,SUCCESS,,2,Approved,0,2026-05-23 23:06:38.959140
PAY003237,CUST5478,18932,Net Banking,Quarterly,SUCCESS,,2,Approved,0,2026-04-30 09:21:38.959140
PAY003238,CUST1959,23564,Wallet,Monthly,SUCCESS,,0,Approved,0,2026-03-27 04:26:38.959140
PAY003239,CUST3281,21200,Wallet,Monthly,SUCCESS,,0,Approved,0,2026-08-04 06:40:38.959140
PAY003240,CUST4645,5086,Wallet,Quarterly,SUCCESS,,1,Approved,0,2026-07-06 14:33:38.959140
PAY003241,CUST7407,9568,Credit Card,Monthly,SUCCESS,,0,Approved,0,2026-04-05 23:29:38.959140
PAY003242,CUST5293,16509,Debit Card,Monthly,SUCCESS,,0,Approved,0,2026-06-08 06:08:38.959140
PAY003243,CUST6104,11846,Credit Card,Monthly,SUCCESS,,1,Approved,0,2026-05-23 17:28:38.959140
PAY003244,CUST5827,14989,UPI,Monthly,SUCCESS,,0,Approved,0,2026-03-11 08:01:38.959140
PAY003245,CUST6439,18449,UPI,Annual,SUCCESS,,1,Approved,0,2026-06-18 05:28:38.959140
PAY003246,CUST3894,13818,Debit Card,Quarterly,SUCCESS,,0,Approved,0,2026-07-02 04:30:38.959140
PAY003247,CUST1519,9498,UPI,Quarterly,SUCCESS,,3,Approved,0,2026-03-30 15:09:38.959140
PAY003248,CUST7987,7277,Net Banking,Monthly,SUCCESS,,0,Approved,0,2026-04-26 22:51:38.959140
PAY003249,CUST3348,4286,Net Banking,Monthly,SUCCESS,,1,Approved,0,2026-06-12 21:30:38.959140
PAY003250,CUST3083,23803,Wallet,Annual,SUCCESS,,1,Approved,0,2026-04-15 07:14:38.959140
PAY003251,CUST3049,20649,UPI,Annual,FAILED,User Cancelled,3,Approved,0,2026-03-22 07:08:38.959140
PAY003252,CUST8130,17543,Debit Card,Monthly,FAILED,UPI Failure,2,Processing Error,1,2026-03-11 21:36:38.959140
PAY003253,CUST6004,24036,Credit Card,Monthly,FAILED,Invalid CVV,2,Approved,0,2026-05-05 14:37:38.959140
PAY003254,CUST1412,13827,UPI,Annual,FAILED,Fraud Suspected,1,Processing Error,0,2026-08-11 22:14:38.959140
PAY003255,CUST9179,7851,Credit Card,Annual,SUCCESS,,0,Approved,0,2026-05-15 10:05:38.959140
PAY003256,CUST6729,4978,Wallet,Quarterly,SUCCESS,,2,Approved,0,2026-04-21 13:25:38.959140
PAY003257,CUST6207,13528,UPI,Annual,SUCCESS,,1,Approved,0,2026-04-08 12:11:38.959140
PAY003258,CUST8422,15134,UPI,Annual,SUCCESS,,1,Approved,0,2026-05-20 13:41:38.959140
PAY003259,CUST6752,13806,Net Banking,Monthly,SUCCESS,,3,Approved,0,2026-08-27 00:04:38.959140
PAY003260,CUST9942,9144,Net Banking,Annual,FAILED,UPI Failure,0,Processing Error,1,2026-08-25 11:36:38.959140
PAY003261,CUST3615,8932,Wallet,Monthly,FAILED,UPI Failure,2,Approved,1,2026-06-03 23:08:38.959140
PAY003262,CUST7763,11948,UPI,Annual,SUCCESS,,0,Approved,0,2026-03-16 10:42:38.959140
PAY003263,CUST3385,18633,Credit Card,Monthly,SUCCESS,,3,Approved,0,2026-05-03 15:47:38.959140
PAY003264,CUST1878,9007,Debit Card,Annual,SUCCESS,,1,Approved,0,2026-05-04 19:09:38.959140
PAY003265,CUST3496,24311,UPI,Monthly,SUCCESS,,3,Approved,0,2026-06-17 12:06:38.959140
PAY003266,CUST5141,20978,Wallet,Annual,SUCCESS,,3,Approved,0,2026-08-10 08:26:38.959140
PAY003267,CUST7548,5460,Debit Card,Quarterly,FAILED,Bank Timeout,2,Approved,1,2026-04-25 13:06:38.959140
PAY003268,CUST9078,2980,Credit Card,Annual,SUCCESS,,0,Approved,0,2026-03-28 04:50:38.959140
PAY003269,CUST5080,17505,UPI,Annual,SUCCESS,,1,Approved,0,2026-06-02 04:43:38.959140
PAY003270,CUST5710,10149,Wallet,Annual,SUCCESS,,1,Approved,0,2026-05-10 05:11:38.959140
PAY003271,CUST7877,23823,Wallet,Monthly,FAILED,Fraud Suspected,0,Blocked,0,2026-06-13 23:07:38.959140
PAY003272,CUST2611,13375,UPI,Monthly,FAILED,Insufficient Funds,2,Timeout,1,2026-08-14 11:35:38.959140
PAY003273,CUST4212,5374,Debit Card,Monthly,SUCCESS,,2,Approved,0,2026-05-05 10:01:38.959140
PAY003274,CUST7577,6209,UPI,Quarterly,FAILED,Insufficient Funds,1,Approved,1,2026-08-13 22:34:38.959140
PAY003275,CUST4927,17396,Net Banking,Monthly,SUCCESS,,3,Approved,0,2026-03-10 13:32:38.959140
PAY003276,CUST1957,24019,Credit Card,Monthly,SUCCESS,,3,Approved,0,2026-03-19 10:13:38.959140
PAY003277,CUST8319,22999,Wallet,Annual,SUCCESS,,1,Approved,0,2026-03-28 22:08:38.959140
PAY003278,CUST5522,1720,UPI,Monthly,SUCCESS,,0,Approved,0,2026-03-26 02:06:38.959140
PAY003279,CUST2752,15658,Net Banking,Annual,SUCCESS,,0,Approved,0,2026-04-22 14:52:38.959140
PAY003280,CUST2719,15389,Net Banking,Monthly,SUCCESS,,3,Approved,0,2026-03-18 02:24:38.959140
PAY003281,CUST5667,11724,Net Banking,Annual,FAILED,Fraud Suspected,0,Approved,0,2026-07-19 04:38:38.959140
PAY003282,CUST2973,12048,UPI,Monthly,SUCCESS,,0,Approved,0,2026-07-02 06:00:38.959140
PAY003283,CUST1370,11263,Net Banking,Monthly,FAILED,Bank Timeout,1,Approved,1,2026-05-10 06:39:38.959140
PAY003284,CUST1056,22250,Net Banking,Monthly,SUCCESS,,3,Approved,0,2026-06-12 22:26:38.959140
PAY003285,CUST2834,19718,Net Banking,Monthly,FAILED,Network Error,0,Processing Error,1,2026-07-17 23:22:38.959140
PAY003286,CUST8700,18204,Credit Card,Monthly,SUCCESS,,0,Approved,0,2026-07-29 15:35:38.959140
PAY003287,CUST2976,22277,Wallet,Monthly,FAILED,UPI Failure,3,Processing Error,1,2026-04-24 13:14:38.959140
PAY003288,CUST7868,7527,Wallet,Monthly,SUCCESS,,0,Approved,0,2026-05-30 05:59:38.959140
PAY003289,CUST1244,327,Wallet,Quarterly,FAILED,Fraud Suspected,1,Blocked,0,2026-08-02 02:55:38.959140
PAY003290,CUST5803,15353,Credit Card,Monthly,FAILED,Bank Timeout,0,Timeout,1,2026-03-12 11:35:38.959140
PAY003291,CUST2991,13050,Net Banking,Annual,SUCCESS,,1,Approved,0,2026-04-08 08:11:38.959140
PAY003292,CUST6773,12696,Net Banking,Quarterly,SUCCESS,,3,Approved,0,2026-06-18 04:42:38.959140
PAY003293,CUST8249,15570,Debit Card,Monthly,SUCCESS,,0,Approved,0,2026-05-19 14:30:38.959140
PAY003294,CUST6974,22711,Credit Card,Monthly,SUCCESS,,0,Approved,0,2026-04-23 13:37:38.959140
PAY003295,CUST7661,24209,Debit Card,Monthly,SUCCESS,,0,Approved,0,2026-08-09 11:41:38.959140
PAY003296,CUST1158,243,Credit Card,Monthly,SUCCESS,,3,Approved,0,2026-08-25 16:36:38.959140
PAY003297,CUST3564,21358,Debit Card,Monthly,SUCCESS,,2,Approved,0,2026-08-19 07:53:38.959140
PAY003298,CUST9817,22867,Credit Card,Annual,SUCCESS,,0,Approved,0,2026-06-30 16:04:38.959140
PAY003299,CUST2080,17853,Credit Card,Monthly,SUCCESS,,2,Approved,0,2026-06-09 10:34:38.959140
PAY003300,CUST2222,3609,UPI,Quarterly,SUCCESS,,3,Approved,0,2026-06-27 03:40:38.959140
PAY003301,CUST7177,1634,Net Banking,Annual,FAILED,User Cancelled,1,Approved,0,2026-03-28 04:13:38.959140
PAY003302,CUST5764,23505,Net Banking,Annual,SUCCESS,,3,Approved,0,2026-07-14 22:05:38.959140
PAY003303,CUST2486,7671,UPI,Monthly,FAILED,Fraud Suspected,2,Blocked,0,2026-04-21 03:47:38.959140
PAY003304,CUST9170,3981,Net Banking,Quarterly,SUCCESS,,2,Approved,0,2026-08-22 20:11:38.959140
PAY003305,CUST6243,5193,Net Banking,Monthly,FAILED,Invalid CVV,3,Approved,0,2026-06-09 20:04:38.959140
PAY003306,CUST9945,10615,UPI,Quarterly,SUCCESS,,0,Approved,0,2026-04-03 16:59:38.959140
PAY003307,CUST7096,10896,Wallet,Quarterly,FAILED,Network Error,0,Blocked,1,2026-04-03 04:37:38.959140
PAY003308,CUST3535,11284,Net Banking,Annual,SUCCESS,,2,Approved,0,2026-04-26 01:25:38.959140
PAY003309,CUST4720,22100,Net Banking,Monthly,SUCCESS,,3,Approved,0,2026-04-08 01:40:38.959140
PAY003310,CUST7058,9690,Debit Card,Quarterly,SUCCESS,,3,Approved,0,2026-07-25 20:38:38.959140
PAY003311,CUST8234,15452,UPI,Monthly,FAILED,User Cancelled,1,Approved,0,2026-03-16 11:29:38.959140
PAY003312,CUST6925,2102,Net Banking,Quarterly,SUCCESS,,3,Approved,0,2026-04-01 02:27:38.959140
PAY003313,CUST2600,15850,Net Banking,Quarterly,FAILED,Insufficient Funds,1,Declined,1,2026-06-05 09:25:38.959140
PAY003314,CUST4042,7578,Net Banking,Quarterly,SUCCESS,,0,Approved,0,2026-07-29 03:00:38.959140
PAY003315,CUST7280,9985,UPI,Monthly,FAILED,UPI Failure,2,Declined,1,2026-07-16 06:23:38.959140
PAY003316,CUST7462,10988,Wallet,Quarterly,SUCCESS,,2,Approved,0,2026-07-28 01:56:38.959140
PAY003317,CUST8351,14873,Net Banking,Quarterly,FAILED,Fraud Suspected,1,Approved,0,2026-06-18 20:04:38.959140
PAY003318,CUST7180,436,Credit Card,Monthly,SUCCESS,,3,Approved,0,2026-07-06 14:56:38.959140
PAY003319,CUST6542,2314,Credit Card,Annual,SUCCESS,,1,Approved,0,2026-08-28 11:36:38.959140
PAY003320,CUST3266,13235,Debit Card,Annual,SUCCESS,,3,Approved,0,2026-05-24 19:37:38.959140
PAY003321,CUST9256,17433,Net Banking,Annual,SUCCESS,,3,Approved,0,2026-07-19 05:51:38.959140
PAY003322,CUST5313,22113,Wallet,Annual,SUCCESS,,0,Approved,0,2026-08-01 22:49:38.959140
PAY003323,CUST7070,19475,Credit Card,Quarterly,FAILED,Insufficient Funds,1,Timeout,1,2026-04-10 21:47:38.959140
PAY003324,CUST4277,931,Wallet,Quarterly,SUCCESS,,1,Approved,0,2026-06-04 03:19:38.959140
PAY003325,CUST5216,10826,UPI,Quarterly,SUCCESS,,3,Approved,0,2026-05-26 21:50:38.959140
PAY003326,CUST8376,21602,UPI,Annual,SUCCESS,,2,Approved,0,2026-05-23 17:04:38.959140
PAY003327,CUST6554,19608,Debit Card,Quarterly,SUCCESS,,3,Approved,0,2026-06-08 18:56:38.959140
PAY003328,CUST9633,2621,Debit Card,Monthly,SUCCESS,,0,Approved,0,2026-04-22 17:13:38.959140
PAY003329,CUST8461,15724,Credit Card,Monthly,FAILED,Invalid CVV,1,Declined,0,2026-08-13 09:59:38.959140
PAY003330,CUST3412,5868,Net Banking,Monthly,SUCCESS,,1,Approved,0,2026-08-28 14:17:38.959140
PAY003331,CUST7078,2556,Net Banking,Quarterly,SUCCESS,,3,Approved,0,2026-08-07 22:08:38.959140
PAY003332,CUST3693,16214,UPI,Quarterly,SUCCESS,,0,Approved,0,2026-05-25 19:03:38.959140
PAY003333,CUST5734,17898,Debit Card,Annual,SUCCESS,,2,Approved,0,2026-03-30 13:23:38.959140
PAY003334,CUST7140,18234,Credit Card,Monthly,SUCCESS,,1,Approved,0,2026-03-15 16:42:38.959140
PAY003335,CUST1484,19058,Credit Card,Annual,FAILED,Bank Timeout,0,Declined,1,2026-04-16 13:04:38.959140
PAY003336,CUST5360,18732,Credit Card,Annual,SUCCESS,,0,Approved,0,2026-03-27 05:09:38.959140
PAY003337,CUST7919,16334,Wallet,Monthly,SUCCESS,,0,Approved,0,2026-03-20 19:46:38.959140
PAY003338,CUST2317,14863,Net Banking,Monthly,FAILED,Insufficient Funds,3,Declined,1,2026-08-17 15:28:38.959140
PAY003339,CUST1176,1388,UPI,Quarterly,SUCCESS,,2,Approved,0,2026-07-12 13:08:38.959140
PAY003340,CUST8517,6936,Credit Card,Quarterly,SUCCESS,,1,Approved,0,2026-05-24 00:49:38.959140
PAY003341,CUST3619,12443,Wallet,Quarterly,FAILED,Card Expired,1,Processing Error,0,2026-08-12 01:13:38.959140
PAY003342,CUST4642,14295,Wallet,Monthly,FAILED,Insufficient Funds,1,Blocked,1,2026-08-23 12:46:38.959140
PAY003343,CUST1997,24879,Credit Card,Quarterly,SUCCESS,,2,Approved,0,2026-04-26 03:40:38.959140
PAY003344,CUST4587,20177,Wallet,Monthly,SUCCESS,,2,Approved,0,2026-03-29 14:15:38.959140
PAY003345,CUST9081,23060,Credit Card,Annual,SUCCESS,,1,Approved,0,2026-07-25 19:28:38.959140
PAY003346,CUST6702,5344,UPI,Quarterly,FAILED,Invalid CVV,0,Declined,0,2026-08-06 11:40:38.959140
PAY003347,CUST7877,18554,Net Banking,Quarterly,FAILED,Bank Timeout,3,Processing Error,1,2026-03-20 15:11:38.959140
PAY003348,CUST3723,5723,Wallet,Annual,SUCCESS,,3,Approved,0,2026-08-13 21:47:38.959140
PAY003349,CUST7121,6829,UPI,Quarterly,SUCCESS,,3,Approved,0,2026-04-27 00:03:38.959140
PAY003350,CUST1045,16668,Net Banking,Annual,SUCCESS,,3,Approved,0,2026-05-03 15:51:38.959140
PAY003351,CUST1355,12006,Credit Card,Monthly,SUCCESS,,3,Approved,0,2026-08-10 21:35:38.959140
PAY003352,CUST3814,21893,Wallet,Monthly,SUCCESS,,0,Approved,0,2026-06-20 15:57:38.959140
PAY003353,CUST5903,2646,Credit Card,Annual,SUCCESS,,2,Approved,0,2026-07-29 04:22:38.959140
PAY003354,CUST4689,8587,Credit Card,Monthly,SUCCESS,,0,Approved,0,2026-06-24 06:10:38.959140
PAY003355,CUST3839,6404,UPI,Monthly,SUCCESS,,1,Approved,0,2026-04-16 08:31:38.959140
PAY003356,CUST7131,2302,Debit Card,Quarterly,SUCCESS,,0,Approved,0,2026-04-06 19:54:38.959140
PAY003357,CUST5647,2044,Debit Card,Annual,FAILED,Network Error,0,Timeout,1,2026-06-30 08:09:38.959140
PAY003358,CUST7632,1193,Wallet,Annual,SUCCESS,,1,Approved,0,2026-08-12 12:10:38.959140
PAY003359,CUST4172,18457,Credit Card,Monthly,FAILED,Network Error,2,Blocked,1,2026-07-14 08:21:38.959140
PAY003360,CUST7991,9750,Credit Card,Monthly,FAILED,Bank Timeout,1,Blocked,1,2026-05-20 13:08:38.959140
PAY003361,CUST3069,972,Debit Card,Quarterly,FAILED,Network Error,2,Approved,1,2026-06-20 12:49:38.959140
PAY003362,CUST6461,19097,Wallet,Quarterly,SUCCESS,,0,Approved,0,2026-05-29 16:32:38.959140
PAY003363,CUST1924,20144,UPI,Monthly,SUCCESS,,1,Approved,0,2026-08-29 23:52:38.959140
PAY003364,CUST2232,16365,Net Banking,Quarterly,SUCCESS,,3,Approved,0,2026-04-14 20:41:38.959140
PAY003365,CUST2074,12278,UPI,Quarterly,SUCCESS,,2,Approved,0,2026-04-07 22:30:38.959140
PAY003366,CUST4328,8887,Net Banking,Quarterly,SUCCESS,,0,Approved,0,2026-06-20 21:41:38.959140
PAY003367,CUST7480,3303,Net Banking,Monthly,SUCCESS,,1,Approved,0,2026-04-11 17:12:38.959140
PAY003368,CUST4803,3371,Net Banking,Monthly,SUCCESS,,3,Approved,0,2026-05-16 14:10:38.959140
PAY003369,CUST7531,9079,Debit Card,Quarterly,FAILED,Bank Timeout,3,Blocked,1,2026-05-06 18:47:38.959140
PAY003370,CUST7975,4747,UPI,Quarterly,SUCCESS,,0,Approved,0,2026-08-18 21:15:38.959140
PAY003371,CUST5400,7588,Debit Card,Monthly,FAILED,Bank Timeout,0,Blocked,1,2026-03-10 14:56:38.959140
PAY003372,CUST2734,6359,UPI,Quarterly,SUCCESS,,1,Approved,0,2026-07-16 04:04:38.959140
PAY003373,CUST6206,10973,UPI,Quarterly,SUCCESS,,2,Approved,0,2026-03-11 14:37:38.959140
PAY003374,CUST2721,4672,Debit Card,Monthly,SUCCESS,,0,Approved,0,2026-06-23 17:32:38.959140
PAY003375,CUST8552,1716,Credit Card,Quarterly,SUCCESS,,3,Approved,0,2026-06-06 02:43:38.959140
PAY003376,CUST5117,4255,Credit Card,Monthly,SUCCESS,,2,Approved,0,2026-07-13 20:28:38.959140
PAY003377,CUST9842,16539,UPI,Annual,FAILED,Fraud Suspected,1,Timeout,0,2026-07-16 17:23:38.959140
PAY003378,CUST9892,342,Net Banking,Quarterly,SUCCESS,,2,Approved,0,2026-07-28 06:40:38.959140
PAY003379,CUST4248,16244,Credit Card,Monthly,SUCCESS,,3,Approved,0,2026-08-07 19:26:38.959140
PAY003380,CUST1936,19396,Credit Card,Quarterly,FAILED,Card Expired,3,Timeout,0,2026-05-13 07:09:38.959140
PAY003381,CUST5504,17888,UPI,Annual,SUCCESS,,2,Approved,0,2026-05-27 16:18:38.959140
PAY003382,CUST9639,16596,Wallet,Monthly,SUCCESS,,2,Approved,0,2026-07-21 15:32:38.959140
PAY003383,CUST8828,17842,Credit Card,Quarterly,FAILED,User Cancelled,1,Processing Error,0,2026-07-28 20:33:38.959140
PAY003384,CUST3757,688,Debit Card,Quarterly,FAILED,UPI Failure,2,Declined,1,2026-05-21 05:40:38.959140
PAY003385,CUST7419,20993,Credit Card,Annual,FAILED,User Cancelled,2,Approved,0,2026-07-21 23:43:38.959140
PAY003386,CUST2741,6114,Wallet,Monthly,SUCCESS,,2,Approved,0,2026-03-11 08:54:38.959140
PAY003387,CUST5913,21846,Net Banking,Monthly,SUCCESS,,3,Approved,0,2026-04-09 09:14:38.959140
PAY003388,CUST3953,6282,UPI,Monthly,SUCCESS,,2,Approved,0,2026-08-17 03:33:38.959140
PAY003389,CUST5709,5654,Wallet,Annual,FAILED,Fraud Suspected,1,Approved,0,2026-04-23 12:38:38.959140
PAY003390,CUST7840,474,Net Banking,Monthly,SUCCESS,,0,Approved,0,2026-06-28 00:38:38.959140
PAY003391,CUST1004,14627,Debit Card,Quarterly,FAILED,Invalid CVV,0,Processing Error,0,2026-04-03 06:20:38.959140
PAY003392,CUST2093,1823,Net Banking,Quarterly,FAILED,Network Error,2,Declined,1,2026-05-27 03:16:38.959140
PAY003393,CUST2226,713,UPI,Annual,SUCCESS,,1,Approved,0,2026-06-29 16:07:38.959140
PAY003394,CUST9826,18938,Wallet,Monthly,FAILED,User Cancelled,1,Declined,0,2026-04-23 12:19:38.959140
PAY003395,CUST2422,9859,Wallet,Monthly,SUCCESS,,3,Approved,0,2026-03-26 20:22:38.959140
PAY003396,CUST1348,288,Wallet,Monthly,SUCCESS,,0,Approved,0,2026-05-25 05:40:38.959140
PAY003397,CUST7553,21695,Debit Card,Quarterly,SUCCESS,,0,Approved,0,2026-05-07 02:57:38.959140
PAY003398,CUST1899,22547,Net Banking,Quarterly,SUCCESS,,3,Approved,0,2026-08-08 01:43:38.959140
PAY003399,CUST1241,12908,Wallet,Quarterly,FAILED,User Cancelled,2,Approved,0,2026-04-18 13:23:38.959140
PAY003400,CUST7941,5783,UPI,Quarterly,SUCCESS,,1,Approved,0,2026-04-28 04:53:38.959140
PAY003401,CUST4368,21694,Credit Card,Quarterly,FAILED,Network Error,1,Approved,1,2026-08-12 21:13:38.959140
PAY003402,CUST2526,21166,Net Banking,Quarterly,SUCCESS,,2,Approved,0,2026-04-30 08:10:38.959140
PAY003403,CUST6717,6654,Debit Card,Quarterly,SUCCESS,,0,Approved,0,2026-05-19 15:11:38.959140
PAY003404,CUST3927,24637,Net Banking,Quarterly,SUCCESS,,1,Approved,0,2026-06-01 11:59:38.959140
PAY003405,CUST7884,12824,UPI,Quarterly,SUCCESS,,2,Approved,0,2026-06-04 13:34:38.959140
PAY003406,CUST1737,6928,Debit Card,Quarterly,FAILED,Fraud Suspected,2,Declined,0,2026-06-27 19:55:38.959140
PAY003407,CUST9382,15610,Wallet,Quarterly,FAILED,User Cancelled,2,Approved,0,2026-08-13 01:24:38.959140
PAY003408,CUST4093,2934,Credit Card,Quarterly,SUCCESS,,3,Approved,0,2026-06-30 14:50:38.959140
PAY003409,CUST4591,1448,Net Banking,Quarterly,SUCCESS,,1,Approved,0,2026-05-01 01:17:38.959140
PAY003410,CUST9129,8858,Credit Card,Monthly,SUCCESS,,0,Approved,0,2026-07-27 17:13:38.959140
PAY003411,CUST4217,14136,Wallet,Quarterly,SUCCESS,,2,Approved,0,2026-08-01 17:34:38.959140
PAY003412,CUST6880,14799,Debit Card,Annual,SUCCESS,,0,Approved,0,2026-04-08 22:20:38.959140
PAY003413,CUST3241,7484,Net Banking,Annual,SUCCESS,,3,Approved,0,2026-08-10 02:16:38.959140
PAY003414,CUST4241,9302,Wallet,Quarterly,SUCCESS,,3,Approved,0,2026-04-10 06:53:38.959140
PAY003415,CUST1198,8822,UPI,Annual,SUCCESS,,0,Approved,0,2026-07-06 15:31:38.959140
PAY003416,CUST6127,16511,Net Banking,Annual,SUCCESS,,2,Approved,0,2026-07-01 17:29:38.959140
PAY003417,CUST6263,5813,Wallet,Annual,FAILED,Fraud Suspected,0,Declined,0,2026-05-19 22:43:38.959140
PAY003418,CUST9743,1164,UPI,Quarterly,SUCCESS,,1,Approved,0,2026-06-04 15:05:38.959140
PAY003419,CUST7726,1734,UPI,Quarterly,SUCCESS,,2,Approved,0,2026-06-06 18:31:38.959140
PAY003420,CUST4477,16653,Net Banking,Monthly,SUCCESS,,2,Approved,0,2026-04-29 00:15:38.959140
PAY003421,CUST8395,12392,Debit Card,Quarterly,SUCCESS,,0,Approved,0,2026-06-16 12:16:38.959140
PAY003422,CUST7352,13668,Credit Card,Quarterly,SUCCESS,,3,Approved,0,2026-04-02 17:12:38.959140
PAY003423,CUST5864,2299,UPI,Annual,SUCCESS,,2,Approved,0,2026-07-07 18:58:38.959140
PAY003424,CUST1979,17057,Credit Card,Quarterly,SUCCESS,,0,Approved,0,2026-08-27 15:05:38.959140
PAY003425,CUST2802,22898,UPI,Annual,SUCCESS,,1,Approved,0,2026-06-22 19:35:38.959140
PAY003426,CUST7308,1442,UPI,Quarterly,SUCCESS,,3,Approved,0,2026-07-06 02:18:38.959140
PAY003427,CUST6528,12004,UPI,Monthly,FAILED,Invalid CVV,3,Approved,0,2026-07-24 20:41:38.959140
PAY003428,CUST7960,14654,Wallet,Annual,SUCCESS,,2,Approved,0,2026-08-23 08:15:38.959140
PAY003429,CUST8209,985,Credit Card,Monthly,SUCCESS,,3,Approved,0,2026-06-05 17:41:38.959140
PAY003430,CUST4004,15532,Net Banking,Quarterly,FAILED,Bank Timeout,0,Declined,1,2026-06-17 13:27:38.959140
PAY003431,CUST1264,15676,Wallet,Quarterly,FAILED,Card Expired,2,Blocked,0,2026-07-29 02:04:38.959140
PAY003432,CUST4572,16714,Wallet,Quarterly,SUCCESS,,3,Approved,0,2026-05-08 17:04:38.959140
PAY003433,CUST4362,1628,Wallet,Quarterly,SUCCESS,,3,Approved,0,2026-06-03 11:52:38.959140
PAY003434,CUST9438,22372,Wallet,Annual,SUCCESS,,1,Approved,0,2026-07-14 13:44:38.959140
PAY003435,CUST1358,13199,Debit Card,Annual,FAILED,User Cancelled,0,Timeout,0,2026-07-22 20:36:38.959140
PAY003436,CUST5298,3963,Wallet,Quarterly,SUCCESS,,3,Approved,0,2026-03-20 11:37:38.959140
PAY003437,CUST7670,2646,Net Banking,Monthly,FAILED,UPI Failure,3,Approved,1,2026-07-12 02:24:38.959140
PAY003438,CUST3668,2104,Wallet,Annual,SUCCESS,,0,Approved,0,2026-05-22 00:33:38.959140
PAY003439,CUST2312,584,Wallet,Annual,FAILED,Bank Timeout,3,Blocked,1,2026-04-13 16:35:38.959140
PAY003440,CUST6289,16172,Credit Card,Monthly,FAILED,Bank Timeout,0,Processing Error,1,2026-06-20 02:00:38.959140
PAY003441,CUST7928,15091,Debit Card,Annual,SUCCESS,,0,Approved,0,2026-06-14 23:50:38.959140
PAY003442,CUST1494,13377,Credit Card,Annual,SUCCESS,,2,Approved,0,2026-04-07 12:23:38.959140
PAY003443,CUST2427,17648,Credit Card,Quarterly,SUCCESS,,1,Approved,0,2026-08-17 18:41:38.959140
PAY003444,CUST5624,21061,Debit Card,Annual,SUCCESS,,0,Approved,0,2026-03-30 08:44:38.959140
PAY003445,CUST7232,13813,Wallet,Monthly,SUCCESS,,3,Approved,0,2026-03-14 16:15:38.959140
PAY003446,CUST1032,11239,Debit Card,Quarterly,SUCCESS,,3,Approved,0,2026-04-13 08:42:38.959140
PAY003447,CUST9398,17482,Debit Card,Annual,FAILED,Network Error,1,Blocked,1,2026-04-28 05:40:38.959140
PAY003448,CUST9827,1878,UPI,Quarterly,FAILED,Card Expired,1,Processing Error,0,2026-07-30 07:22:38.959140
PAY003449,CUST7175,281,Debit Card,Annual,SUCCESS,,3,Approved,0,2026-07-03 05:17:38.959140
PAY003450,CUST9645,3831,Wallet,Monthly,SUCCESS,,2,Approved,0,2026-08-17 13:14:38.959140
PAY003451,CUST3325,21414,Wallet,Monthly,SUCCESS,,2,Approved,0,2026-08-17 10:51:38.959140
PAY003452,CUST1759,6643,UPI,Quarterly,SUCCESS,,3,Approved,0,2026-07-28 19:59:38.959140
PAY003453,CUST5888,19729,UPI,Quarterly,SUCCESS,,1,Approved,0,2026-05-23 20:27:38.959140
PAY003454,CUST2074,6770,Net Banking,Monthly,FAILED,Insufficient Funds,0,Blocked,1,2026-06-11 05:20:38.959140
PAY003455,CUST7793,17423,Wallet,Monthly,SUCCESS,,1,Approved,0,2026-06-27 03:27:38.959140
PAY003456,CUST9627,9797,Debit Card,Monthly,SUCCESS,,2,Approved,0,2026-08-10 03:56:38.959140
PAY003457,CUST9459,729,Wallet,Annual,SUCCESS,,3,Approved,0,2026-04-05 14:49:38.959140
PAY003458,CUST8650,11203,Debit Card,Monthly,SUCCESS,,1,Approved,0,2026-07-04 14:21:38.959140
PAY003459,CUST2840,17788,Wallet,Quarterly,SUCCESS,,0,Approved,0,2026-05-25 19:16:38.959140
PAY003460,CUST1254,5718,Wallet,Monthly,FAILED,Invalid CVV,3,Declined,0,2026-05-22 17:42:38.959140
PAY003461,CUST2966,647,Net Banking,Monthly,SUCCESS,,1,Approved,0,2026-07-01 13:27:38.959140
PAY003462,CUST5334,5840,Debit Card,Quarterly,SUCCESS,,3,Approved,0,2026-04-14 05:32:38.959140
PAY003463,CUST4012,19591,Debit Card,Quarterly,SUCCESS,,3,Approved,0,2026-07-02 12:40:38.959140
PAY003464,CUST3926,22396,UPI,Annual,FAILED,Insufficient Funds,3,Approved,1,2026-08-20 15:21:38.959140
PAY003465,CUST3659,21788,Debit Card,Monthly,SUCCESS,,1,Approved,0,2026-05-03 02:20:38.959140
PAY003466,CUST3559,707,Credit Card,Quarterly,SUCCESS,,0,Approved,0,2026-08-27 16:51:38.959140
PAY003467,CUST5362,392,Wallet,Quarterly,SUCCESS,,1,Approved,0,2026-06-18 03:59:38.959140
PAY003468,CUST7172,23174,Net Banking,Monthly,SUCCESS,,0,Approved,0,2026-04-24 07:10:38.959140
PAY003469,CUST7151,24813,Debit Card,Monthly,SUCCESS,,2,Approved,0,2026-04-22 21:47:38.959140
PAY003470,CUST4642,22699,Net Banking,Quarterly,FAILED,User Cancelled,2,Timeout,0,2026-03-17 10:51:38.959140
PAY003471,CUST7016,2692,Debit Card,Annual,SUCCESS,,3,Approved,0,2026-07-31 13:48:38.959140
PAY003472,CUST5456,8063,Wallet,Annual,SUCCESS,,3,Approved,0,2026-08-07 08:45:38.959140
PAY003473,CUST5075,11642,Wallet,Quarterly,SUCCESS,,3,Approved,0,2026-06-08 12:49:38.959140
PAY003474,CUST3494,23439,Credit Card,Monthly,SUCCESS,,3,Approved,0,2026-05-23 15:25:38.959140
PAY003475,CUST8595,1358,Wallet,Annual,SUCCESS,,3,Approved,0,2026-05-22 04:58:38.959140
PAY003476,CUST7108,13460,Wallet,Quarterly,FAILED,Card Expired,2,Declined,0,2026-06-24 08:28:38.959140
PAY003477,CUST1827,15978,Debit Card,Monthly,SUCCESS,,1,Approved,0,2026-04-03 08:34:38.959140
PAY003478,CUST7729,12778,Wallet,Annual,SUCCESS,,1,Approved,0,2026-04-08 23:33:38.959140
PAY003479,CUST2190,12676,Net Banking,Annual,SUCCESS,,3,Approved,0,2026-05-21 06:47:38.959140
PAY003480,CUST6648,5896,Net Banking,Annual,SUCCESS,,1,Approved,0,2026-08-19 06:48:38.959140
PAY003481,CUST6252,19786,Wallet,Annual,FAILED,Network Error,1,Declined,1,2026-06-24 20:11:38.959140
PAY003482,CUST9117,13200,Net Banking,Annual,SUCCESS,,3,Approved,0,2026-07-17 01:46:38.959140
PAY003483,CUST2989,14314,Credit Card,Quarterly,SUCCESS,,0,Approved,0,2026-05-03 14:47:38.959140
PAY003484,CUST5047,1699,UPI,Quarterly,SUCCESS,,2,Approved,0,2026-08-19 18:28:38.959140
PAY003485,CUST2386,17396,Credit Card,Monthly,SUCCESS,,1,Approved,0,2026-07-26 23:06:38.959140
PAY003486,CUST2089,1060,Debit Card,Quarterly,SUCCESS,,0,Approved,0,2026-08-20 01:26:38.959140
PAY003487,CUST7535,21667,Credit Card,Annual,SUCCESS,,3,Approved,0,2026-08-26 02:13:38.959140
PAY003488,CUST4716,2305,UPI,Quarterly,SUCCESS,,2,Approved,0,2026-07-22 17:32:38.959140
PAY003489,CUST5923,18580,UPI,Monthly,SUCCESS,,0,Approved,0,2026-04-18 10:29:38.959140
PAY003490,CUST3495,18937,Wallet,Quarterly,SUCCESS,,3,Approved,0,2026-05-07 07:26:38.959140
PAY003491,CUST6361,19479,Net Banking,Quarterly,SUCCESS,,3,Approved,0,2026-07-05 02:46:38.959140
PAY003492,CUST1186,21959,Debit Card,Annual,SUCCESS,,1,Approved,0,2026-05-02 20:11:38.959140
PAY003493,CUST6518,21364,Credit Card,Monthly,FAILED,Bank Timeout,1,Declined,1,2026-03-19 22:12:38.959140
PAY003494,CUST2676,15974,Wallet,Quarterly,SUCCESS,,3,Approved,0,2026-05-26 17:39:38.959140
PAY003495,CUST9932,20429,UPI,Annual,SUCCESS,,3,Approved,0,2026-04-01 13:48:38.959140
PAY003496,CUST2395,12223,Net Banking,Annual,FAILED,Bank Timeout,3,Approved,1,2026-06-15 00:05:38.959140
PAY003497,CUST7692,20675,Net Banking,Monthly,SUCCESS,,0,Approved,0,2026-05-30 11:03:38.959140
PAY003498,CUST1110,14209,Debit Card,Monthly,FAILED,Bank Timeout,2,Timeout,1,2026-06-05 05:39:38.959140
PAY003499,CUST6209,10170,Credit Card,Monthly,FAILED,Card Expired,3,Declined,0,2026-04-25 16:49:38.959140
PAY003500,CUST7630,15898,UPI,Monthly,SUCCESS,,2,Approved,0,2026-08-11 14:46:38.959140
PAY003501,CUST3778,16161,UPI,Quarterly,SUCCESS,,3,Approved,0,2026-04-14 13:32:38.959140
PAY003502,CUST3938,11555,UPI,Monthly,FAILED,Invalid CVV,0,Approved,0,2026-04-19 21:34:38.959140
PAY003503,CUST4248,20481,Wallet,Quarterly,SUCCESS,,0,Approved,0,2026-06-25 08:25:38.959140
PAY003504,CUST5886,15159,Credit Card,Quarterly,SUCCESS,,0,Approved,0,2026-04-13 08:49:38.959140
PAY003505,CUST1001,10273,Debit Card,Quarterly,FAILED,UPI Failure,2,Timeout,1,2026-08-10 22:12:38.959140
PAY003506,CUST3108,14645,Credit Card,Quarterly,SUCCESS,,3,Approved,0,2026-08-14 10:51:38.959140
PAY003507,CUST2168,267,Net Banking,Annual,FAILED,User Cancelled,3,Approved,0,2026-05-24 02:00:38.959140
PAY003508,CUST8918,22645,Credit Card,Annual,SUCCESS,,2,Approved,0,2026-03-26 03:41:38.959140
PAY003509,CUST5390,17735,Debit Card,Quarterly,SUCCESS,,2,Approved,0,2026-03-24 02:01:38.959140
PAY003510,CUST2202,8480,Wallet,Quarterly,SUCCESS,,0,Approved,0,2026-06-27 22:35:38.959140
PAY003511,CUST2295,11381,UPI,Quarterly,SUCCESS,,2,Approved,0,2026-06-16 22:39:38.959140
PAY003512,CUST5077,14906,Wallet,Annual,FAILED,Invalid CVV,2,Timeout,0,2026-04-28 04:20:38.959140
PAY003513,CUST9059,13152,Net Banking,Monthly,SUCCESS,,0,Approved,0,2026-07-05 12:19:38.959140
PAY003514,CUST1206,469,Debit Card,Quarterly,SUCCESS,,1,Approved,0,2026-08-19 05:34:38.959140
PAY003515,CUST9944,3940,Credit Card,Monthly,FAILED,Network Error,2,Blocked,1,2026-03-13 03:30:38.959140
PAY003516,CUST4424,17781,Wallet,Quarterly,SUCCESS,,0,Approved,0,2026-07-11 18:26:38.959140
PAY003517,CUST9417,5352,Debit Card,Annual,SUCCESS,,0,Approved,0,2026-04-22 05:27:38.959140
PAY003518,CUST1344,22528,Net Banking,Annual,SUCCESS,,2,Approved,0,2026-07-02 04:30:38.959140
PAY003519,CUST3579,5065,Wallet,Annual,SUCCESS,,3,Approved,0,2026-05-07 08:44:38.959140
PAY003520,CUST8165,12620,Wallet,Monthly,SUCCESS,,2,Approved,0,2026-07-13 18:50:38.959140
PAY003521,CUST4278,23769,UPI,Monthly,FAILED,Invalid CVV,1,Declined,0,2026-05-11 03:50:38.959140
PAY003522,CUST1338,15448,Wallet,Annual,SUCCESS,,2,Approved,0,2026-04-26 19:07:38.959140
PAY003523,CUST3755,14254,UPI,Annual,FAILED,UPI Failure,3,Approved,1,2026-03-17 13:13:38.959140
PAY003524,CUST5622,19742,Credit Card,Monthly,SUCCESS,,0,Approved,0,2026-06-16 06:14:38.959140
PAY003525,CUST7386,22405,Net Banking,Monthly,SUCCESS,,1,Approved,0,2026-08-04 09:29:38.959140
PAY003526,CUST6546,17699,Wallet,Monthly,SUCCESS,,2,Approved,0,2026-06-18 13:42:38.959140
PAY003527,CUST2954,13184,UPI,Annual,SUCCESS,,1,Approved,0,2026-04-12 17:56:38.959140
PAY003528,CUST3603,1158,Credit Card,Monthly,SUCCESS,,2,Approved,0,2026-05-31 14:22:38.959140
PAY003529,CUST1114,19780,Net Banking,Quarterly,SUCCESS,,3,Approved,0,2026-07-11 05:59:38.959140
PAY003530,CUST9713,12005,Credit Card,Annual,FAILED,UPI Failure,2,Approved,1,2026-05-02 17:38:38.959140
PAY003531,CUST7396,2718,UPI,Annual,FAILED,Card Expired,3,Timeout,0,2026-07-24 11:09:38.959140
PAY003532,CUST5461,23993,Net Banking,Quarterly,SUCCESS,,1,Approved,0,2026-06-22 18:20:38.959140
PAY003533,CUST5066,13474,Debit Card,Annual,FAILED,Invalid CVV,1,Declined,0,2026-08-15 16:27:38.959140
PAY003534,CUST3258,12417,Net Banking,Monthly,FAILED,Network Error,0,Approved,1,2026-05-14 22:31:38.959140
PAY003535,CUST7127,9968,Net Banking,Annual,SUCCESS,,0,Approved,0,2026-04-02 10:04:38.959140
PAY003536,CUST7574,293,UPI,Quarterly,FAILED,Invalid CVV,1,Blocked,0,2026-08-21 21:19:38.959140
PAY003537,CUST7484,1797,Credit Card,Quarterly,FAILED,Insufficient Funds,3,Processing Error,1,2026-04-21 20:32:38.959140
PAY003538,CUST5357,12254,UPI,Annual,FAILED,Card Expired,0,Processing Error,0,2026-04-02 08:00:38.959140
PAY003539,CUST4544,4053,Wallet,Monthly,SUCCESS,,0,Approved,0,2026-08-13 06:48:38.959140
PAY003540,CUST4887,5502,UPI,Monthly,SUCCESS,,0,Approved,0,2026-08-03 10:29:38.959140
PAY003541,CUST3589,862,Credit Card,Quarterly,SUCCESS,,2,Approved,0,2026-05-10 12:12:38.959140
PAY003542,CUST2836,18725,Wallet,Annual,FAILED,User Cancelled,3,Declined,0,2026-07-14 12:36:38.959140
PAY003543,CUST3179,12957,Net Banking,Quarterly,FAILED,Invalid CVV,0,Approved,0,2026-03-18 19:40:38.959140
PAY003544,CUST5478,16253,Wallet,Monthly,FAILED,User Cancelled,2,Timeout,0,2026-07-08 05:44:38.959140
PAY003545,CUST5674,9465,Debit Card,Monthly,SUCCESS,,2,Approved,0,2026-07-14 01:07:38.959140
PAY003546,CUST2978,4173,Wallet,Annual,SUCCESS,,0,Approved,0,2026-07-02 14:27:38.959140
PAY003547,CUST4462,20718,Debit Card,Quarterly,SUCCESS,,2,Approved,0,2026-06-14 04:11:38.959140
PAY003548,CUST7078,13145,Credit Card,Monthly,FAILED,Bank Timeout,3,Blocked,1,2026-04-07 08:44:38.959140
PAY003549,CUST7674,16320,Net Banking,Monthly,SUCCESS,,0,Approved,0,2026-05-06 03:02:38.959140
PAY003550,CUST7881,13481,Credit Card,Quarterly,SUCCESS,,0,Approved,0,2026-08-04 09:56:38.959140
PAY003551,CUST5855,1097,Net Banking,Annual,SUCCESS,,3,Approved,0,2026-03-11 17:02:38.959140
PAY003552,CUST3147,13913,Credit Card,Quarterly,SUCCESS,,3,Approved,0,2026-03-12 17:17:38.959140
PAY003553,CUST2163,2159,Debit Card,Monthly,FAILED,User Cancelled,2,Approved,0,2026-06-09 13:06:38.959140
PAY003554,CUST2477,2322,Net Banking,Quarterly,SUCCESS,,3,Approved,0,2026-04-20 17:51:38.959140
PAY003555,CUST8209,10454,Wallet,Monthly,FAILED,User Cancelled,3,Blocked,0,2026-03-19 15:01:38.959140
PAY003556,CUST2229,5972,Credit Card,Monthly,SUCCESS,,2,Approved,0,2026-05-03 19:39:38.959140
PAY003557,CUST5347,10178,UPI,Annual,SUCCESS,,3,Approved,0,2026-06-21 01:13:38.959140
PAY003558,CUST2590,8756,Debit Card,Annual,SUCCESS,,2,Approved,0,2026-04-17 17:18:38.959140
PAY003559,CUST2309,15419,Wallet,Annual,FAILED,UPI Failure,0,Approved,1,2026-05-06 22:21:38.959140
PAY003560,CUST5920,13136,Net Banking,Annual,SUCCESS,,3,Approved,0,2026-07-23 04:02:38.959140
PAY003561,CUST3016,10915,Wallet,Monthly,SUCCESS,,3,Approved,0,2026-08-17 22:37:38.959140
PAY003562,CUST8536,10659,Net Banking,Annual,SUCCESS,,3,Approved,0,2026-04-26 19:58:38.959140
PAY003563,CUST8835,12362,Net Banking,Annual,FAILED,Bank Timeout,3,Declined,1,2026-03-18 18:05:38.959140
PAY003564,CUST1097,8794,UPI,Annual,SUCCESS,,1,Approved,0,2026-08-12 13:08:38.959140
PAY003565,CUST9009,935,Credit Card,Monthly,SUCCESS,,2,Approved,0,2026-05-27 12:47:38.959140
PAY003566,CUST3183,4806,Credit Card,Annual,SUCCESS,,3,Approved,0,2026-04-17 12:32:38.959140
PAY003567,CUST3185,13365,Debit Card,Monthly,FAILED,Insufficient Funds,2,Declined,1,2026-04-25 23:09:38.959140
PAY003568,CUST3708,13035,Net Banking,Quarterly,FAILED,Bank Timeout,3,Timeout,1,2026-05-17 06:16:38.959140
PAY003569,CUST1765,20479,Credit Card,Monthly,FAILED,User Cancelled,1,Declined,0,2026-04-19 13:10:38.959140
PAY003570,CUST1002,809,UPI,Quarterly,SUCCESS,,0,Approved,0,2026-04-24 13:27:38.959140
PAY003571,CUST5569,7568,Debit Card,Monthly,SUCCESS,,1,Approved,0,2026-06-11 18:49:38.959140
PAY003572,CUST2156,9828,Wallet,Annual,SUCCESS,,3,Approved,0,2026-07-07 22:07:38.959140
PAY003573,CUST8917,20025,Debit Card,Quarterly,SUCCESS,,0,Approved,0,2026-08-02 09:09:38.959140
PAY003574,CUST7373,10855,UPI,Quarterly,FAILED,User Cancelled,2,Declined,0,2026-07-13 10:04:38.959140
PAY003575,CUST4623,18724,UPI,Monthly,SUCCESS,,0,Approved,0,2026-04-15 12:38:38.959140
PAY003576,CUST4497,12988,Credit Card,Monthly,SUCCESS,,2,Approved,0,2026-04-23 13:23:38.959140
PAY003577,CUST8362,14271,Net Banking,Quarterly,FAILED,Bank Timeout,1,Processing Error,1,2026-08-23 02:51:38.959140
PAY003578,CUST9294,2570,UPI,Quarterly,SUCCESS,,3,Approved,0,2026-08-18 05:17:38.959140
PAY003579,CUST8257,9888,UPI,Monthly,SUCCESS,,3,Approved,0,2026-03-14 22:46:38.959140
PAY003580,CUST1566,1814,Debit Card,Annual,SUCCESS,,1,Approved,0,2026-05-17 16:42:38.959140
PAY003581,CUST5713,20543,UPI,Annual,SUCCESS,,2,Approved,0,2026-04-03 10:14:38.959140
PAY003582,CUST3167,21080,Net Banking,Quarterly,FAILED,Fraud Suspected,3,Approved,0,2026-07-31 19:32:38.959140
PAY003583,CUST7010,21332,Wallet,Monthly,SUCCESS,,3,Approved,0,2026-06-03 22:51:38.959140
PAY003584,CUST1039,13869,Net Banking,Monthly,SUCCESS,,1,Approved,0,2026-05-16 09:15:38.959140
PAY003585,CUST7632,1410,Credit Card,Annual,SUCCESS,,1,Approved,0,2026-07-16 10:21:38.959140
PAY003586,CUST5298,11791,Net Banking,Annual,SUCCESS,,3,Approved,0,2026-08-17 13:17:38.959140
PAY003587,CUST6161,18897,Wallet,Quarterly,SUCCESS,,3,Approved,0,2026-04-27 10:56:38.959140
PAY003588,CUST4564,6943,Wallet,Annual,SUCCESS,,0,Approved,0,2026-06-12 23:01:38.959140
PAY003589,CUST2267,22361,Debit Card,Annual,FAILED,Fraud Suspected,3,Blocked,0,2026-07-24 01:44:38.959140
PAY003590,CUST1232,16682,Debit Card,Annual,FAILED,User Cancelled,3,Timeout,0,2026-03-16 01:26:38.959140
PAY003591,CUST7831,21786,Net Banking,Quarterly,SUCCESS,,1,Approved,0,2026-04-04 19:40:38.959140
PAY003592,CUST5214,4417,Net Banking,Monthly,SUCCESS,,1,Approved,0,2026-06-25 07:04:38.959140
PAY003593,CUST2709,5241,Debit Card,Annual,SUCCESS,,0,Approved,0,2026-07-08 01:08:38.959140
PAY003594,CUST1266,11221,UPI,Annual,SUCCESS,,1,Approved,0,2026-04-24 13:57:38.959140
PAY003595,CUST3676,22546,Credit Card,Monthly,SUCCESS,,3,Approved,0,2026-05-28 08:14:38.959140
PAY003596,CUST3828,17500,Credit Card,Quarterly,FAILED,UPI Failure,2,Timeout,1,2026-08-27 17:59:38.959140
PAY003597,CUST9411,15208,Wallet,Annual,SUCCESS,,3,Approved,0,2026-03-21 11:47:38.959140
PAY003598,CUST9615,4318,Wallet,Annual,SUCCESS,,1,Approved,0,2026-05-30 18:24:38.959140
PAY003599,CUST7355,10906,Wallet,Monthly,SUCCESS,,2,Approved,0,2026-03-22 01:40:38.959140
PAY003600,CUST5184,2623,Wallet,Annual,SUCCESS,,1,Approved,0,2026-07-14 20:26:38.959140
PAY003601,CUST9789,10124,Debit Card,Quarterly,SUCCESS,,3,Approved,0,2026-07-23 21:31:38.959140
PAY003602,CUST8018,22363,Net Banking,Annual,SUCCESS,,2,Approved,0,2026-06-11 14:40:38.959140
PAY003603,CUST9873,12774,Credit Card,Monthly,SUCCESS,,1,Approved,0,2026-08-17 15:42:38.959140
PAY003604,CUST1830,14673,Wallet,Monthly,FAILED,Invalid CVV,1,Approved,0,2026-04-15 10:51:38.959140
PAY003605,CUST7294,4709,Net Banking,Monthly,SUCCESS,,3,Approved,0,2026-03-25 00:48:38.959140
PAY003606,CUST6220,13818,Net Banking,Annual,SUCCESS,,2,Approved,0,2026-05-13 16:03:38.959140
PAY003607,CUST9564,9201,Net Banking,Quarterly,SUCCESS,,2,Approved,0,2026-06-08 16:32:38.959140
PAY003608,CUST9086,24958,Debit Card,Monthly,SUCCESS,,2,Approved,0,2026-08-18 13:00:38.959140
PAY003609,CUST1093,5739,UPI,Monthly,FAILED,Invalid CVV,2,Timeout,0,2026-06-03 09:49:38.959140
PAY003610,CUST7798,14726,Wallet,Monthly,SUCCESS,,2,Approved,0,2026-06-12 15:36:38.959140
PAY003611,CUST7794,1982,Net Banking,Quarterly,SUCCESS,,2,Approved,0,2026-03-22 18:42:38.959140
PAY003612,CUST5205,3589,Debit Card,Quarterly,SUCCESS,,1,Approved,0,2026-04-10 16:21:38.959140
PAY003613,CUST5851,16885,UPI,Monthly,SUCCESS,,3,Approved,0,2026-08-26 15:22:38.959140
PAY003614,CUST7976,6708,UPI,Annual,FAILED,Invalid CVV,1,Blocked,0,2026-06-14 03:42:38.959140
PAY003615,CUST8415,10528,UPI,Monthly,FAILED,Insufficient Funds,3,Approved,1,2026-08-14 16:21:38.959140
PAY003616,CUST5387,1592,Credit Card,Monthly,SUCCESS,,2,Approved,0,2026-08-04 05:41:38.959140
PAY003617,CUST1740,13573,Debit Card,Annual,SUCCESS,,0,Approved,0,2026-04-10 08:38:38.959140
PAY003618,CUST5554,20135,UPI,Monthly,SUCCESS,,1,Approved,0,2026-03-15 08:02:38.959140
PAY003619,CUST8098,19051,UPI,Annual,SUCCESS,,0,Approved,0,2026-06-24 02:15:38.959140
PAY003620,CUST5468,15984,Debit Card,Monthly,SUCCESS,,3,Approved,0,2026-04-03 08:44:38.959140
PAY003621,CUST7377,3687,Wallet,Quarterly,SUCCESS,,1,Approved,0,2026-05-14 19:21:38.959140
PAY003622,CUST1692,9890,Net Banking,Monthly,SUCCESS,,2,Approved,0,2026-08-23 06:11:38.959140
PAY003623,CUST9346,12473,UPI,Annual,SUCCESS,,3,Approved,0,2026-05-03 06:15:38.959140
PAY003624,CUST5115,21077,UPI,Quarterly,SUCCESS,,1,Approved,0,2026-06-22 02:52:38.959140
PAY003625,CUST8081,20675,UPI,Monthly,SUCCESS,,0,Approved,0,2026-04-04 08:27:38.959140
PAY003626,CUST1725,8322,Credit Card,Monthly,SUCCESS,,2,Approved,0,2026-04-05 14:05:38.959140
PAY003627,CUST9529,17480,Debit Card,Annual,SUCCESS,,1,Approved,0,2026-05-09 06:18:38.959140
PAY003628,CUST1669,674,Credit Card,Monthly,FAILED,Fraud Suspected,3,Declined,0,2026-04-13 14:38:38.959140
PAY003629,CUST5680,14517,Wallet,Quarterly,SUCCESS,,3,Approved,0,2026-06-03 13:47:38.959140
PAY003630,CUST2862,20076,Debit Card,Monthly,SUCCESS,,2,Approved,0,2026-08-29 11:48:38.959140
PAY003631,CUST9563,14037,Credit Card,Monthly,SUCCESS,,2,Approved,0,2026-08-22 06:56:38.959140
PAY003632,CUST6242,17203,Wallet,Quarterly,SUCCESS,,1,Approved,0,2026-08-09 13:18:38.959140
PAY003633,CUST7885,9157,Credit Card,Monthly,SUCCESS,,0,Approved,0,2026-06-21 16:00:38.959140
PAY003634,CUST8034,7300,UPI,Annual,SUCCESS,,1,Approved,0,2026-08-19 02:15:38.959140
PAY003635,CUST5586,23776,Credit Card,Quarterly,SUCCESS,,3,Approved,0,2026-07-18 05:22:38.959140
PAY003636,CUST9459,15846,Credit Card,Monthly,SUCCESS,,2,Approved,0,2026-08-25 18:07:38.959140
PAY003637,CUST7600,14630,Credit Card,Annual,FAILED,Insufficient Funds,1,Processing Error,1,2026-07-15 04:40:38.959140
PAY003638,CUST2511,21143,Wallet,Monthly,SUCCESS,,0,Approved,0,2026-05-16 10:28:38.959140
PAY003639,CUST3403,16504,Net Banking,Quarterly,SUCCESS,,1,Approved,0,2026-05-02 11:40:38.959140
PAY003640,CUST3502,18551,Credit Card,Monthly,FAILED,Insufficient Funds,2,Processing Error,1,2026-05-24 05:25:38.959140
PAY003641,CUST8762,4831,UPI,Quarterly,SUCCESS,,1,Approved,0,2026-07-06 19:34:38.959140
PAY003642,CUST3805,19080,Credit Card,Quarterly,SUCCESS,,0,Approved,0,2026-04-06 09:09:38.959140
PAY003643,CUST8019,18881,Debit Card,Quarterly,SUCCESS,,0,Approved,0,2026-03-16 08:08:38.959140
PAY003644,CUST8317,23510,Wallet,Quarterly,FAILED,Fraud Suspected,3,Processing Error,0,2026-03-19 22:16:38.959140
PAY003645,CUST9133,2412,Debit Card,Quarterly,SUCCESS,,3,Approved,0,2026-05-25 09:23:38.959140
PAY003646,CUST9923,17296,Wallet,Annual,SUCCESS,,0,Approved,0,2026-08-05 19:30:38.959140
PAY003647,CUST9424,14924,UPI,Quarterly,SUCCESS,,1,Approved,0,2026-06-02 01:06:38.959140
PAY003648,CUST1951,10598,Wallet,Annual,SUCCESS,,3,Approved,0,2026-06-27 11:43:38.959140
PAY003649,CUST7635,16808,Wallet,Monthly,SUCCESS,,3,Approved,0,2026-04-09 07:41:38.959140
PAY003650,CUST4364,18137,Wallet,Monthly,SUCCESS,,3,Approved,0,2026-05-23 15:01:38.959140
PAY003651,CUST4896,652,Wallet,Quarterly,FAILED,Card Expired,3,Declined,0,2026-05-21 08:42:38.959140
PAY003652,CUST1456,6010,Debit Card,Annual,SUCCESS,,0,Approved,0,2026-08-27 03:10:38.959140
PAY003653,CUST9847,18017,Wallet,Annual,SUCCESS,,0,Approved,0,2026-04-06 23:04:38.959140
PAY003654,CUST3192,21583,UPI,Annual,SUCCESS,,0,Approved,0,2026-06-10 18:42:38.959140
PAY003655,CUST1771,329,Net Banking,Annual,FAILED,Insufficient Funds,3,Approved,1,2026-05-19 10:32:38.959140
PAY003656,CUST3358,15861,Net Banking,Annual,SUCCESS,,1,Approved,0,2026-06-25 02:42:38.959140
PAY003657,CUST9378,7667,Net Banking,Annual,SUCCESS,,1,Approved,0,2026-04-28 20:17:38.959140
PAY003658,CUST6180,14979,UPI,Quarterly,SUCCESS,,0,Approved,0,2026-04-22 23:12:38.959140
PAY003659,CUST9496,15180,Credit Card,Monthly,SUCCESS,,3,Approved,0,2026-08-13 18:28:38.959140
PAY003660,CUST8976,22725,Net Banking,Monthly,SUCCESS,,3,Approved,0,2026-03-12 05:12:38.959140
PAY003661,CUST6290,5696,Debit Card,Quarterly,SUCCESS,,1,Approved,0,2026-03-28 00:47:38.959140
PAY003662,CUST1536,22425,Debit Card,Monthly,SUCCESS,,2,Approved,0,2026-05-28 21:31:38.959140
PAY003663,CUST4647,17295,Wallet,Quarterly,SUCCESS,,3,Approved,0,2026-06-30 06:44:38.959140
PAY003664,CUST6098,9279,Debit Card,Annual,SUCCESS,,2,Approved,0,2026-03-17 22:35:38.959140
PAY003665,CUST2046,3528,Debit Card,Quarterly,SUCCESS,,0,Approved,0,2026-05-05 11:36:38.959140
PAY003666,CUST6287,21444,UPI,Monthly,FAILED,Bank Timeout,0,Declined,1,2026-07-24 19:08:38.959140
PAY003667,CUST7447,14646,Wallet,Annual,SUCCESS,,0,Approved,0,2026-05-07 20:07:38.959140
PAY003668,CUST8378,1326,Wallet,Quarterly,SUCCESS,,3,Approved,0,2026-08-16 16:45:38.959140
PAY003669,CUST5957,4756,Debit Card,Quarterly,SUCCESS,,1,Approved,0,2026-07-04 02:14:38.959140
PAY003670,CUST8750,9664,Wallet,Quarterly,SUCCESS,,2,Approved,0,2026-05-23 19:20:38.959140
PAY003671,CUST8000,7697,Debit Card,Monthly,SUCCESS,,3,Approved,0,2026-07-19 21:33:38.959140
PAY003672,CUST6231,7240,Net Banking,Monthly,SUCCESS,,1,Approved,0,2026-06-29 10:09:38.959140
PAY003673,CUST9162,16680,Debit Card,Quarterly,FAILED,Card Expired,1,Timeout,0,2026-08-14 22:13:38.959140
PAY003674,CUST8195,5347,Credit Card,Monthly,SUCCESS,,1,Approved,0,2026-07-08 09:56:38.959140
PAY003675,CUST1618,18434,Credit Card,Annual,SUCCESS,,1,Approved,0,2026-07-17 04:11:38.959140
PAY003676,CUST4715,10959,Credit Card,Monthly,FAILED,Fraud Suspected,2,Declined,0,2026-08-24 14:29:38.959140
PAY003677,CUST6684,12416,Debit Card,Annual,SUCCESS,,2,Approved,0,2026-03-22 08:34:38.959140
PAY003678,CUST8644,14282,Credit Card,Quarterly,SUCCESS,,3,Approved,0,2026-03-14 03:56:38.959140
PAY003679,CUST5171,12691,Net Banking,Monthly,SUCCESS,,3,Approved,0,2026-07-16 20:59:38.959140
PAY003680,CUST5643,11416,UPI,Annual,SUCCESS,,2,Approved,0,2026-06-16 23:22:38.959140
PAY003681,CUST2042,24371,Net Banking,Monthly,SUCCESS,,0,Approved,0,2026-05-26 02:45:38.959140
PAY003682,CUST9415,5393,UPI,Quarterly,SUCCESS,,1,Approved,0,2026-03-23 19:18:38.959140
PAY003683,CUST2620,2451,Credit Card,Quarterly,SUCCESS,,2,Approved,0,2026-08-19 01:07:38.959140
PAY003684,CUST5180,21976,Wallet,Monthly,FAILED,Insufficient Funds,3,Blocked,1,2026-05-19 04:19:38.959140
PAY003685,CUST3104,14836,Wallet,Annual,SUCCESS,,2,Approved,0,2026-03-14 12:05:38.959140
PAY003686,CUST1469,17663,Credit Card,Quarterly,FAILED,Network Error,3,Declined,1,2026-05-01 08:12:38.959140
PAY003687,CUST7299,20887,Credit Card,Monthly,FAILED,Insufficient Funds,2,Blocked,1,2026-08-26 14:48:38.959140
PAY003688,CUST8412,6279,Net Banking,Monthly,SUCCESS,,3,Approved,0,2026-05-17 10:51:38.959140
PAY003689,CUST8135,12470,UPI,Monthly,SUCCESS,,3,Approved,0,2026-05-24 03:25:38.959140
PAY003690,CUST4940,10370,Debit Card,Monthly,SUCCESS,,3,Approved,0,2026-08-23 10:06:38.959140
PAY003691,CUST4607,1149,Debit Card,Annual,FAILED,Bank Timeout,1,Declined,1,2026-08-01 05:47:38.959140
PAY003692,CUST4420,1397,Net Banking,Quarterly,SUCCESS,,0,Approved,0,2026-08-20 13:50:38.959140
PAY003693,CUST1264,13893,UPI,Quarterly,SUCCESS,,3,Approved,0,2026-05-13 23:43:38.959140
PAY003694,CUST5523,20227,Net Banking,Monthly,FAILED,Bank Timeout,0,Timeout,1,2026-05-08 09:39:38.959140
PAY003695,CUST5019,980,Debit Card,Monthly,SUCCESS,,1,Approved,0,2026-04-17 06:22:38.959140
PAY003696,CUST6032,13057,Credit Card,Quarterly,SUCCESS,,2,Approved,0,2026-05-27 20:38:38.959140
PAY003697,CUST7219,3704,Credit Card,Monthly,FAILED,UPI Failure,3,Declined,1,2026-04-23 15:28:38.959140
PAY003698,CUST7248,24689,Wallet,Annual,SUCCESS,,2,Approved,0,2026-07-21 14:46:38.959140
PAY003699,CUST3993,19191,Net Banking,Annual,SUCCESS,,1,Approved,0,2026-07-04 04:38:38.959140
PAY003700,CUST1736,8707,UPI,Monthly,SUCCESS,,0,Approved,0,2026-05-03 03:58:38.959140
PAY003701,CUST6624,18041,UPI,Annual,FAILED,Bank Timeout,2,Timeout,1,2026-03-10 06:04:38.959140
PAY003702,CUST5727,6924,Debit Card,Annual,SUCCESS,,2,Approved,0,2026-07-29 16:51:38.959140
PAY003703,CUST9780,4708,Credit Card,Annual,SUCCESS,,1,Approved,0,2026-06-14 21:53:38.959140
PAY003704,CUST2083,15461,Debit Card,Quarterly,SUCCESS,,1,Approved,0,2026-04-21 07:05:38.959140
PAY003705,CUST8900,24059,Debit Card,Annual,SUCCESS,,0,Approved,0,2026-05-16 20:21:38.959140
PAY003706,CUST8503,4975,Wallet,Annual,FAILED,Card Expired,2,Timeout,0,2026-03-26 16:39:38.959140
PAY003707,CUST3195,10480,UPI,Quarterly,SUCCESS,,1,Approved,0,2026-03-21 08:47:38.959140
PAY003708,CUST8222,10657,Net Banking,Annual,SUCCESS,,2,Approved,0,2026-04-23 04:40:38.959140
PAY003709,CUST9656,3204,Debit Card,Annual,SUCCESS,,1,Approved,0,2026-03-19 05:24:38.959140
PAY003710,CUST2405,3372,Debit Card,Monthly,SUCCESS,,3,Approved,0,2026-04-23 01:49:38.959140
PAY003711,CUST2063,10734,Debit Card,Monthly,SUCCESS,,0,Approved,0,2026-08-27 14:48:38.959140
PAY003712,CUST2702,17625,UPI,Quarterly,SUCCESS,,3,Approved,0,2026-04-09 21:36:38.959140
PAY003713,CUST7641,2642,Wallet,Quarterly,FAILED,Insufficient Funds,3,Blocked,1,2026-03-27 12:25:38.959140
PAY003714,CUST8440,4321,UPI,Quarterly,SUCCESS,,2,Approved,0,2026-07-26 08:01:38.959140
PAY003715,CUST8009,21453,Wallet,Annual,SUCCESS,,0,Approved,0,2026-04-04 19:04:38.959140
PAY003716,CUST5313,23740,Credit Card,Annual,SUCCESS,,0,Approved,0,2026-05-16 13:46:38.959140
PAY003717,CUST1864,499,Credit Card,Monthly,SUCCESS,,3,Approved,0,2026-03-15 20:27:38.959140
PAY003718,CUST6492,16555,Debit Card,Annual,SUCCESS,,3,Approved,0,2026-08-15 23:00:38.959140
PAY003719,CUST5723,10795,UPI,Monthly,SUCCESS,,1,Approved,0,2026-04-09 10:06:38.959140
PAY003720,CUST7698,5125,Net Banking,Monthly,SUCCESS,,0,Approved,0,2026-05-22 07:05:38.959140
PAY003721,CUST3321,2569,UPI,Monthly,SUCCESS,,2,Approved,0,2026-05-07 00:16:38.959140
PAY003722,CUST9508,13265,Credit Card,Monthly,FAILED,Network Error,3,Declined,1,2026-08-19 08:05:38.959140
PAY003723,CUST1516,4576,Debit Card,Monthly,SUCCESS,,2,Approved,0,2026-03-16 14:27:38.959140
PAY003724,CUST7102,19337,Net Banking,Monthly,FAILED,Bank Timeout,1,Approved,1,2026-04-12 07:58:38.959140
PAY003725,CUST2237,3231,UPI,Monthly,SUCCESS,,0,Approved,0,2026-08-11 14:24:38.959140
PAY003726,CUST2655,10150,Credit Card,Monthly,SUCCESS,,1,Approved,0,2026-04-19 12:16:38.959140
PAY003727,CUST7206,12014,UPI,Monthly,SUCCESS,,1,Approved,0,2026-06-11 22:08:38.959140
PAY003728,CUST7745,24115,Debit Card,Quarterly,SUCCESS,,2,Approved,0,2026-05-09 21:12:38.959140
PAY003729,CUST7549,10069,Debit Card,Quarterly,SUCCESS,,1,Approved,0,2026-06-08 22:22:38.959140
PAY003730,CUST5320,14130,Wallet,Annual,SUCCESS,,0,Approved,0,2026-04-10 08:13:38.959140
PAY003731,CUST1893,6433,Wallet,Quarterly,SUCCESS,,2,Approved,0,2026-04-10 10:52:38.959140
PAY003732,CUST8758,24686,Credit Card,Quarterly,SUCCESS,,3,Approved,0,2026-07-03 16:49:38.959140
PAY003733,CUST8731,18126,Credit Card,Quarterly,SUCCESS,,2,Approved,0,2026-04-11 02:04:38.959140
PAY003734,CUST3909,3117,Net Banking,Quarterly,SUCCESS,,2,Approved,0,2026-07-13 02:42:38.959140
PAY003735,CUST8994,10994,Net Banking,Monthly,SUCCESS,,0,Approved,0,2026-04-27 12:00:38.959140
PAY003736,CUST7824,8169,Net Banking,Quarterly,SUCCESS,,0,Approved,0,2026-06-30 14:15:38.959140
PAY003737,CUST5083,15589,Net Banking,Annual,SUCCESS,,2,Approved,0,2026-04-18 16:49:38.959140
PAY003738,CUST8234,5317,Debit Card,Quarterly,SUCCESS,,2,Approved,0,2026-08-16 15:57:38.959140
PAY003739,CUST4414,10512,Wallet,Annual,SUCCESS,,1,Approved,0,2026-05-10 08:15:38.959140
PAY003740,CUST6555,23027,Credit Card,Monthly,SUCCESS,,3,Approved,0,2026-04-01 23:20:38.959140
PAY003741,CUST3469,23268,Debit Card,Monthly,SUCCESS,,3,Approved,0,2026-06-07 16:54:38.959140
PAY003742,CUST8498,2779,Net Banking,Monthly,SUCCESS,,1,Approved,0,2026-07-04 11:36:38.959140
PAY003743,CUST5447,18024,Credit Card,Annual,SUCCESS,,1,Approved,0,2026-05-07 18:43:38.959140
PAY003744,CUST8031,18073,Credit Card,Annual,SUCCESS,,2,Approved,0,2026-06-08 20:41:38.959140
PAY003745,CUST9821,13630,Credit Card,Quarterly,SUCCESS,,0,Approved,0,2026-05-20 09:34:38.959140
PAY003746,CUST9951,19439,UPI,Quarterly,SUCCESS,,1,Approved,0,2026-06-29 22:11:38.959140
PAY003747,CUST7449,7458,Wallet,Annual,SUCCESS,,0,Approved,0,2026-03-28 06:43:38.959140
PAY003748,CUST5011,15234,UPI,Quarterly,SUCCESS,,0,Approved,0,2026-03-15 02:55:38.959140
PAY003749,CUST3720,15630,UPI,Monthly,FAILED,Insufficient Funds,1,Processing Error,1,2026-05-17 21:28:38.959140
PAY003750,CUST8896,20203,Wallet,Annual,SUCCESS,,3,Approved,0,2026-08-05 01:55:38.959140
PAY003751,CUST5507,4684,Wallet,Monthly,SUCCESS,,3,Approved,0,2026-07-21 01:01:38.959140
PAY003752,CUST4218,4112,Wallet,Quarterly,SUCCESS,,2,Approved,0,2026-05-21 07:08:38.959140
PAY003753,CUST3361,14583,Wallet,Annual,FAILED,User Cancelled,3,Timeout,0,2026-04-12 06:53:38.959140
PAY003754,CUST7643,23119,Credit Card,Monthly,SUCCESS,,2,Approved,0,2026-05-11 12:15:38.959140
PAY003755,CUST5924,15172,UPI,Monthly,SUCCESS,,1,Approved,0,2026-07-23 23:31:38.959140
PAY003756,CUST2309,18863,UPI,Monthly,SUCCESS,,2,Approved,0,2026-06-09 20:21:38.959140
PAY003757,CUST5786,23119,Wallet,Quarterly,SUCCESS,,3,Approved,0,2026-07-18 14:52:38.959140
PAY003758,CUST1419,13533,Net Banking,Annual,SUCCESS,,3,Approved,0,2026-07-10 04:16:38.959140
PAY003759,CUST2817,7445,UPI,Monthly,FAILED,Network Error,1,Blocked,1,2026-05-08 15:04:38.959140
PAY003760,CUST7575,3619,Credit Card,Annual,FAILED,Insufficient Funds,1,Approved,1,2026-05-12 11:59:38.959140
PAY003761,CUST2332,24064,Credit Card,Monthly,SUCCESS,,0,Approved,0,2026-07-26 09:55:38.959140
PAY003762,CUST7869,9008,Net Banking,Annual,SUCCESS,,1,Approved,0,2026-06-04 11:56:38.959140
PAY003763,CUST1746,22566,Wallet,Annual,FAILED,Card Expired,2,Timeout,0,2026-06-14 22:02:38.959140
PAY003764,CUST8113,8792,Net Banking,Annual,FAILED,Insufficient Funds,0,Approved,1,2026-07-20 09:31:38.959140
PAY003765,CUST9919,2520,UPI,Monthly,SUCCESS,,2,Approved,0,2026-08-22 05:26:38.959140
PAY003766,CUST1408,9369,UPI,Quarterly,SUCCESS,,0,Approved,0,2026-07-28 06:39:38.959140
PAY003767,CUST9677,5392,Wallet,Quarterly,SUCCESS,,0,Approved,0,2026-04-06 04:52:38.959140
PAY003768,CUST1648,4000,Credit Card,Quarterly,FAILED,Insufficient Funds,3,Approved,1,2026-08-23 13:12:38.959140
PAY003769,CUST6392,6671,Debit Card,Annual,SUCCESS,,2,Approved,0,2026-06-09 04:15:38.959140
PAY003770,CUST6230,5208,Credit Card,Monthly,SUCCESS,,0,Approved,0,2026-04-16 22:40:38.959140
PAY003771,CUST2575,22884,Net Banking,Annual,SUCCESS,,3,Approved,0,2026-06-20 17:49:38.959140
PAY003772,CUST2308,17909,Debit Card,Quarterly,SUCCESS,,3,Approved,0,2026-03-20 11:57:38.959140
PAY003773,CUST9118,23098,UPI,Monthly,SUCCESS,,0,Approved,0,2026-07-31 17:55:38.959140
PAY003774,CUST3217,23214,Debit Card,Quarterly,FAILED,Fraud Suspected,0,Approved,0,2026-06-23 22:15:38.959140
PAY003775,CUST9532,240,Wallet,Annual,SUCCESS,,1,Approved,0,2026-08-26 14:55:38.959140
PAY003776,CUST9742,3114,Net Banking,Annual,SUCCESS,,0,Approved,0,2026-04-02 22:13:38.959140
PAY003777,CUST2230,4578,Wallet,Monthly,SUCCESS,,3,Approved,0,2026-08-26 19:26:38.959140
PAY003778,CUST8023,15710,Credit Card,Annual,FAILED,Invalid CVV,2,Timeout,0,2026-06-07 03:49:38.959140
PAY003779,CUST9180,18256,Debit Card,Annual,SUCCESS,,0,Approved,0,2026-03-16 15:06:38.959140
PAY003780,CUST5087,21647,Credit Card,Monthly,FAILED,Fraud Suspected,3,Declined,0,2026-04-01 00:45:38.959140
PAY003781,CUST4890,1668,UPI,Quarterly,SUCCESS,,0,Approved,0,2026-07-17 01:12:38.959140
PAY003782,CUST8099,1783,Credit Card,Quarterly,SUCCESS,,3,Approved,0,2026-06-26 10:44:38.959140
PAY003783,CUST6642,18051,Debit Card,Monthly,SUCCESS,,2,Approved,0,2026-08-05 00:18:38.959140
PAY003784,CUST1033,5849,Credit Card,Annual,FAILED,Fraud Suspected,3,Approved,0,2026-07-22 10:34:38.959140
PAY003785,CUST8643,16042,Wallet,Annual,SUCCESS,,0,Approved,0,2026-08-26 20:58:38.959140
PAY003786,CUST9613,20204,Debit Card,Quarterly,SUCCESS,,2,Approved,0,2026-06-12 13:45:38.959140
PAY003787,CUST1501,9350,Debit Card,Monthly,SUCCESS,,1,Approved,0,2026-03-20 10:11:38.959140
PAY003788,CUST8396,20699,Debit Card,Annual,SUCCESS,,2,Approved,0,2026-05-27 13:40:38.959140
PAY003789,CUST4018,6921,Net Banking,Annual,FAILED,Fraud Suspected,2,Declined,0,2026-05-15 01:50:38.959140
PAY003790,CUST7622,15030,Credit Card,Annual,SUCCESS,,1,Approved,0,2026-05-19 17:55:38.959140
PAY003791,CUST7271,12123,UPI,Quarterly,SUCCESS,,0,Approved,0,2026-04-25 22:46:38.959140
PAY003792,CUST5496,1502,UPI,Monthly,SUCCESS,,0,Approved,0,2026-05-02 08:00:38.959140
PAY003793,CUST3949,12487,Debit Card,Monthly,SUCCESS,,3,Approved,0,2026-08-13 13:38:38.959140
PAY003794,CUST1056,16874,Net Banking,Quarterly,FAILED,Card Expired,3,Approved,0,2026-07-29 10:29:38.959140
PAY003795,CUST2643,2032,Net Banking,Monthly,SUCCESS,,2,Approved,0,2026-08-03 04:52:38.959140
PAY003796,CUST3760,351,Credit Card,Annual,SUCCESS,,3,Approved,0,2026-05-23 00:15:38.959140
PAY003797,CUST3643,4087,Credit Card,Monthly,SUCCESS,,2,Approved,0,2026-08-15 05:06:38.959140
PAY003798,CUST3539,4951,Debit Card,Monthly,SUCCESS,,1,Approved,0,2026-04-10 15:46:38.959140
PAY003799,CUST3548,15534,Wallet,Monthly,SUCCESS,,2,Approved,0,2026-08-14 12:16:38.959140
PAY003800,CUST1021,19956,Debit Card,Monthly,SUCCESS,,2,Approved,0,2026-03-15 14:49:38.959140
PAY003801,CUST2897,24717,Credit Card,Quarterly,SUCCESS,,2,Approved,0,2026-05-31 03:40:38.959140
PAY003802,CUST1486,3434,Debit Card,Monthly,FAILED,Network Error,0,Timeout,1,2026-08-27 04:44:38.959140
PAY003803,CUST9693,14615,Wallet,Monthly,SUCCESS,,1,Approved,0,2026-04-08 18:57:38.959140
PAY003804,CUST9017,349,Wallet,Monthly,FAILED,Card Expired,3,Timeout,0,2026-05-01 11:03:38.959140
PAY003805,CUST3091,15315,Wallet,Monthly,SUCCESS,,1,Approved,0,2026-03-15 02:51:38.959140
PAY003806,CUST4974,876,Debit Card,Monthly,FAILED,Fraud Suspected,2,Timeout,0,2026-03-28 10:18:38.959140
PAY003807,CUST9364,24971,UPI,Annual,SUCCESS,,1,Approved,0,2026-07-31 00:07:38.959140
PAY003808,CUST8440,15484,Debit Card,Annual,SUCCESS,,3,Approved,0,2026-08-02 09:54:38.959140
PAY003809,CUST4658,4322,UPI,Quarterly,FAILED,Card Expired,0,Blocked,0,2026-04-10 17:04:38.959140
PAY003810,CUST1408,11382,Credit Card,Quarterly,SUCCESS,,3,Approved,0,2026-08-22 22:59:38.959140
PAY003811,CUST4635,3880,Wallet,Annual,SUCCESS,,1,Approved,0,2026-03-27 12:32:38.959140
PAY003812,CUST1225,14668,Debit Card,Quarterly,FAILED,Network Error,2,Processing Error,1,2026-08-26 07:32:38.959140
PAY003813,CUST7096,11386,Wallet,Annual,SUCCESS,,3,Approved,0,2026-07-30 13:39:38.959140
PAY003814,CUST1010,782,Net Banking,Annual,SUCCESS,,2,Approved,0,2026-04-12 18:22:38.959140
PAY003815,CUST3510,18660,Wallet,Annual,FAILED,Fraud Suspected,0,Timeout,0,2026-07-13 07:34:38.959140
PAY003816,CUST7365,14161,Debit Card,Quarterly,FAILED,Card Expired,0,Approved,0,2026-05-17 11:31:38.959140
PAY003817,CUST5478,7751,Debit Card,Quarterly,SUCCESS,,3,Approved,0,2026-07-25 10:53:38.959140
PAY003818,CUST7789,2818,UPI,Monthly,FAILED,Bank Timeout,3,Processing Error,1,2026-05-06 18:06:38.959140
PAY003819,CUST1959,18453,Credit Card,Quarterly,SUCCESS,,0,Approved,0,2026-05-03 04:53:38.959140
PAY003820,CUST8846,770,Net Banking,Annual,SUCCESS,,2,Approved,0,2026-04-14 04:48:38.959140
PAY003821,CUST5413,21075,Debit Card,Quarterly,SUCCESS,,3,Approved,0,2026-05-02 15:25:38.959140
PAY003822,CUST5620,16446,Credit Card,Monthly,FAILED,Insufficient Funds,1,Blocked,1,2026-05-07 14:54:38.959140
PAY003823,CUST5939,8308,Wallet,Monthly,SUCCESS,,1,Approved,0,2026-04-17 12:03:38.959140
PAY003824,CUST2812,9074,Debit Card,Quarterly,FAILED,Bank Timeout,0,Timeout,1,2026-05-31 12:24:38.959140
PAY003825,CUST9758,13151,Debit Card,Quarterly,SUCCESS,,0,Approved,0,2026-05-08 10:39:38.959140
PAY003826,CUST3852,19266,Net Banking,Annual,SUCCESS,,0,Approved,0,2026-05-18 17:42:38.959140
PAY003827,CUST8408,588,UPI,Monthly,FAILED,Bank Timeout,1,Timeout,1,2026-04-29 07:52:38.959140
PAY003828,CUST6536,7075,Wallet,Quarterly,FAILED,Bank Timeout,1,Blocked,1,2026-07-07 10:24:38.959140
PAY003829,CUST9811,7381,Credit Card,Annual,SUCCESS,,0,Approved,0,2026-05-07 10:45:38.959140
PAY003830,CUST3290,1609,Wallet,Quarterly,SUCCESS,,2,Approved,0,2026-03-13 11:43:38.959140
PAY003831,CUST3587,22714,UPI,Quarterly,SUCCESS,,0,Approved,0,2026-05-29 09:04:38.959140
PAY003832,CUST3146,5242,UPI,Quarterly,SUCCESS,,1,Approved,0,2026-08-07 18:09:38.959140
PAY003833,CUST2953,15303,Debit Card,Annual,SUCCESS,,1,Approved,0,2026-08-21 13:59:38.959140
PAY003834,CUST4439,5869,Net Banking,Monthly,SUCCESS,,3,Approved,0,2026-05-18 10:10:38.959140
PAY003835,CUST1540,4234,Credit Card,Monthly,SUCCESS,,2,Approved,0,2026-07-24 14:41:38.959140
PAY003836,CUST9710,19313,Debit Card,Monthly,FAILED,Insufficient Funds,1,Timeout,1,2026-06-08 20:15:38.959140
PAY003837,CUST1798,1576,UPI,Annual,SUCCESS,,3,Approved,0,2026-03-27 03:15:38.959140
PAY003838,CUST4697,8078,Net Banking,Annual,SUCCESS,,1,Approved,0,2026-05-16 19:49:38.959140
PAY003839,CUST1952,19881,UPI,Monthly,SUCCESS,,0,Approved,0,2026-03-10 04:14:38.959140
PAY003840,CUST2629,21333,Net Banking,Monthly,SUCCESS,,2,Approved,0,2026-05-27 03:11:38.959140
PAY003841,CUST5600,11256,Net Banking,Monthly,SUCCESS,,3,Approved,0,2026-07-18 01:29:38.959140
PAY003842,CUST6064,12172,UPI,Annual,SUCCESS,,2,Approved,0,2026-06-26 23:22:38.959140
PAY003843,CUST1007,20469,Debit Card,Quarterly,SUCCESS,,1,Approved,0,2026-04-20 02:35:38.959140
PAY003844,CUST4839,7216,UPI,Quarterly,SUCCESS,,1,Approved,0,2026-07-23 01:00:38.959140
PAY003845,CUST9756,15458,UPI,Quarterly,SUCCESS,,3,Approved,0,2026-08-23 13:30:38.959140
PAY003846,CUST5717,9589,Credit Card,Quarterly,SUCCESS,,3,Approved,0,2026-07-21 09:45:38.959140
PAY003847,CUST5844,24350,Debit Card,Monthly,SUCCESS,,0,Approved,0,2026-06-29 17:56:38.959140
PAY003848,CUST2315,23013,Net Banking,Quarterly,SUCCESS,,0,Approved,0,2026-08-24 06:45:38.959140
PAY003849,CUST1957,13885,Debit Card,Monthly,SUCCESS,,3,Approved,0,2026-05-10 16:38:38.959140
PAY003850,CUST3048,21336,UPI,Annual,SUCCESS,,3,Approved,0,2026-03-21 23:30:38.959140
PAY003851,CUST9969,2934,UPI,Quarterly,SUCCESS,,2,Approved,0,2026-06-04 14:21:38.959140
PAY003852,CUST3163,23736,Credit Card,Monthly,SUCCESS,,0,Approved,0,2026-04-07 04:16:38.959140
PAY003853,CUST9963,12904,Net Banking,Monthly,SUCCESS,,3,Approved,0,2026-07-01 18:32:38.959140
PAY003854,CUST6493,15756,Credit Card,Monthly,SUCCESS,,3,Approved,0,2026-04-16 00:41:38.959140
PAY003855,CUST9833,22510,Debit Card,Annual,SUCCESS,,3,Approved,0,2026-04-01 05:05:38.959140
PAY003856,CUST9467,4622,Debit Card,Annual,SUCCESS,,3,Approved,0,2026-08-05 20:20:38.959140
PAY003857,CUST9158,13667,UPI,Monthly,SUCCESS,,1,Approved,0,2026-08-22 18:08:38.959140
PAY003858,CUST1353,5087,UPI,Monthly,SUCCESS,,2,Approved,0,2026-04-13 20:33:38.959140
PAY003859,CUST9812,8121,Wallet,Annual,FAILED,User Cancelled,3,Declined,0,2026-08-07 22:20:38.959140
PAY003860,CUST3346,8071,Debit Card,Quarterly,SUCCESS,,0,Approved,0,2026-04-16 12:24:38.959140
PAY003861,CUST4419,21683,Credit Card,Quarterly,SUCCESS,,3,Approved,0,2026-05-17 23:25:38.959140
PAY003862,CUST4304,17642,Net Banking,Quarterly,FAILED,UPI Failure,2,Blocked,1,2026-03-28 14:28:38.959140
PAY003863,CUST4445,2444,Wallet,Monthly,SUCCESS,,2,Approved,0,2026-08-19 19:48:38.959140
PAY003864,CUST1496,3322,Net Banking,Quarterly,SUCCESS,,2,Approved,0,2026-07-09 06:42:38.959140
PAY003865,CUST4014,14122,Net Banking,Quarterly,SUCCESS,,3,Approved,0,2026-05-02 02:39:38.959140
PAY003866,CUST3999,7318,Debit Card,Quarterly,FAILED,Bank Timeout,2,Processing Error,1,2026-03-21 09:09:38.959140
PAY003867,CUST6144,7327,Net Banking,Annual,FAILED,User Cancelled,1,Processing Error,0,2026-06-06 19:44:38.959140
PAY003868,CUST8230,13557,Wallet,Quarterly,SUCCESS,,2,Approved,0,2026-06-14 02:11:38.959140
PAY003869,CUST5718,5333,Debit Card,Monthly,SUCCESS,,1,Approved,0,2026-04-29 12:48:38.959140
PAY003870,CUST1095,13428,Net Banking,Annual,SUCCESS,,1,Approved,0,2026-05-06 03:03:38.959140
PAY003871,CUST7276,18694,Wallet,Quarterly,SUCCESS,,3,Approved,0,2026-05-08 07:52:38.959140
PAY003872,CUST8328,4784,Net Banking,Annual,FAILED,Invalid CVV,0,Declined,0,2026-08-14 12:27:38.959140
PAY003873,CUST6235,19670,UPI,Annual,SUCCESS,,1,Approved,0,2026-07-22 11:00:38.959140
PAY003874,CUST5412,7160,Credit Card,Monthly,SUCCESS,,2,Approved,0,2026-07-12 11:14:38.959140
PAY003875,CUST7082,3711,UPI,Monthly,SUCCESS,,2,Approved,0,2026-05-28 08:53:38.959140
PAY003876,CUST9084,6517,Net Banking,Annual,SUCCESS,,2,Approved,0,2026-08-19 08:43:38.959140
PAY003877,CUST8596,22694,Credit Card,Quarterly,FAILED,User Cancelled,0,Processing Error,0,2026-05-01 00:36:38.959140
PAY003878,CUST1850,17130,Net Banking,Monthly,SUCCESS,,2,Approved,0,2026-07-14 21:20:38.959140
PAY003879,CUST5794,21389,Net Banking,Annual,SUCCESS,,1,Approved,0,2026-03-26 20:12:38.959140
PAY003880,CUST8286,4818,Credit Card,Annual,SUCCESS,,1,Approved,0,2026-04-13 22:45:38.959140
PAY003881,CUST2049,18691,Net Banking,Quarterly,SUCCESS,,2,Approved,0,2026-05-06 10:43:38.959140
PAY003882,CUST7478,24014,Credit Card,Quarterly,SUCCESS,,3,Approved,0,2026-03-11 22:34:38.959140
PAY003883,CUST9523,22083,Net Banking,Monthly,SUCCESS,,1,Approved,0,2026-08-11 07:16:38.959140
PAY003884,CUST3482,2306,UPI,Monthly,SUCCESS,,1,Approved,0,2026-08-17 14:20:38.959140
PAY003885,CUST7352,23693,Debit Card,Annual,FAILED,Fraud Suspected,2,Declined,0,2026-06-09 10:31:38.959140
PAY003886,CUST8395,24764,Wallet,Quarterly,SUCCESS,,1,Approved,0,2026-05-25 18:44:38.959140
PAY003887,CUST9851,16794,Wallet,Quarterly,SUCCESS,,1,Approved,0,2026-08-27 15:37:38.959140
PAY003888,CUST4388,24349,Net Banking,Monthly,SUCCESS,,0,Approved,0,2026-07-14 17:50:38.959140
PAY003889,CUST3180,21074,UPI,Annual,FAILED,Fraud Suspected,2,Processing Error,0,2026-06-28 05:27:38.959140
PAY003890,CUST4076,13838,Credit Card,Quarterly,FAILED,Insufficient Funds,2,Approved,1,2026-06-21 05:59:38.959140
PAY003891,CUST1817,3165,UPI,Monthly,SUCCESS,,1,Approved,0,2026-05-16 22:08:38.959140
PAY003892,CUST2797,10971,Net Banking,Quarterly,SUCCESS,,2,Approved,0,2026-05-20 01:44:38.959140
PAY003893,CUST9583,17485,Wallet,Annual,FAILED,Insufficient Funds,0,Declined,1,2026-06-16 06:25:38.959140
PAY003894,CUST5182,23962,UPI,Monthly,SUCCESS,,0,Approved,0,2026-04-30 20:05:38.959140
PAY003895,CUST6710,9009,Net Banking,Quarterly,SUCCESS,,1,Approved,0,2026-03-21 10:18:38.959140
PAY003896,CUST4128,11237,Wallet,Annual,FAILED,Network Error,0,Timeout,1,2026-07-12 21:14:38.959140
PAY003897,CUST6083,9091,Net Banking,Quarterly,SUCCESS,,1,Approved,0,2026-06-04 16:38:38.959140
PAY003898,CUST1196,1735,UPI,Quarterly,SUCCESS,,1,Approved,0,2026-03-17 11:00:38.959140
PAY003899,CUST8329,10511,UPI,Quarterly,SUCCESS,,3,Approved,0,2026-04-30 02:34:38.959140
PAY003900,CUST1609,14870,Credit Card,Quarterly,FAILED,Card Expired,2,Blocked,0,2026-03-16 08:55:38.959140
PAY003901,CUST2684,21629,Net Banking,Monthly,FAILED,Network Error,0,Processing Error,1,2026-05-22 11:49:38.959140
PAY003902,CUST9476,17005,Net Banking,Monthly,SUCCESS,,3,Approved,0,2026-05-26 00:59:38.959140
PAY003903,CUST7314,18818,Net Banking,Quarterly,SUCCESS,,3,Approved,0,2026-08-07 06:42:38.959140
PAY003904,CUST4263,23456,Credit Card,Quarterly,SUCCESS,,1,Approved,0,2026-07-08 16:16:38.959140
PAY003905,CUST1460,1464,Debit Card,Annual,SUCCESS,,2,Approved,0,2026-08-14 05:45:38.959140
PAY003906,CUST9832,6311,UPI,Annual,SUCCESS,,2,Approved,0,2026-05-13 16:58:38.959140
PAY003907,CUST3456,10819,Wallet,Quarterly,SUCCESS,,3,Approved,0,2026-07-16 05:59:38.959140
PAY003908,CUST9342,7944,Credit Card,Quarterly,SUCCESS,,1,Approved,0,2026-06-23 02:44:38.959140
PAY003909,CUST8669,13212,Net Banking,Quarterly,SUCCESS,,1,Approved,0,2026-03-26 23:04:38.959140
PAY003910,CUST5385,2279,Net Banking,Quarterly,SUCCESS,,2,Approved,0,2026-06-16 00:01:38.959140
PAY003911,CUST4316,19915,UPI,Monthly,SUCCESS,,1,Approved,0,2026-03-10 14:01:38.959140
PAY003912,CUST8847,11271,Net Banking,Quarterly,FAILED,UPI Failure,1,Declined,1,2026-04-07 11:45:38.959140
PAY003913,CUST6188,21311,UPI,Annual,SUCCESS,,1,Approved,0,2026-04-25 05:32:38.959140
PAY003914,CUST6241,24303,Credit Card,Annual,SUCCESS,,0,Approved,0,2026-04-08 18:24:38.959140
PAY003915,CUST4908,9923,UPI,Annual,SUCCESS,,3,Approved,0,2026-03-29 04:31:38.959140
PAY003916,CUST8731,6339,Credit Card,Annual,SUCCESS,,0,Approved,0,2026-06-15 05:25:38.959140
PAY003917,CUST3734,21034,Net Banking,Quarterly,FAILED,Network Error,3,Blocked,1,2026-07-27 03:51:38.959140
PAY003918,CUST9212,24573,Debit Card,Monthly,SUCCESS,,0,Approved,0,2026-03-31 19:19:38.959140
PAY003919,CUST9256,22816,Net Banking,Monthly,SUCCESS,,3,Approved,0,2026-07-06 13:55:38.959140
PAY003920,CUST8251,19843,UPI,Monthly,SUCCESS,,0,Approved,0,2026-03-11 08:53:38.959140
PAY003921,CUST4169,4737,Debit Card,Annual,SUCCESS,,2,Approved,0,2026-04-04 10:27:38.959140
PAY003922,CUST8920,7196,Net Banking,Quarterly,SUCCESS,,0,Approved,0,2026-05-12 07:09:38.959140
PAY003923,CUST2971,20383,Wallet,Annual,SUCCESS,,3,Approved,0,2026-08-26 22:53:38.959140
PAY003924,CUST8118,3648,Debit Card,Quarterly,SUCCESS,,3,Approved,0,2026-05-15 04:54:38.959140
PAY003925,CUST1666,15016,Wallet,Annual,SUCCESS,,3,Approved,0,2026-05-02 16:27:38.959140
PAY003926,CUST5711,12473,Debit Card,Monthly,SUCCESS,,1,Approved,0,2026-04-14 06:12:38.959140
PAY003927,CUST3645,23475,Debit Card,Monthly,SUCCESS,,2,Approved,0,2026-04-06 12:48:38.959140
PAY003928,CUST4281,12546,Credit Card,Monthly,FAILED,UPI Failure,2,Blocked,1,2026-04-14 12:46:38.959140
PAY003929,CUST1217,19086,Net Banking,Monthly,FAILED,Fraud Suspected,0,Declined,0,2026-07-26 04:46:38.959140
PAY003930,CUST4985,9421,Net Banking,Monthly,SUCCESS,,3,Approved,0,2026-07-10 02:12:38.959140
PAY003931,CUST6386,11062,UPI,Annual,FAILED,Card Expired,3,Approved,0,2026-07-31 08:38:38.959140
PAY003932,CUST3480,1536,Net Banking,Monthly,SUCCESS,,0,Approved,0,2026-05-21 01:36:38.959140
PAY003933,CUST6712,1170,Wallet,Annual,SUCCESS,,1,Approved,0,2026-05-21 20:39:38.959140
PAY003934,CUST8679,22034,Debit Card,Annual,SUCCESS,,2,Approved,0,2026-08-10 13:45:38.959140
PAY003935,CUST6220,18328,Debit Card,Annual,SUCCESS,,1,Approved,0,2026-04-18 23:17:38.959140
PAY003936,CUST2462,6882,Wallet,Monthly,SUCCESS,,2,Approved,0,2026-06-07 08:47:38.959140
PAY003937,CUST2495,18791,Debit Card,Quarterly,SUCCESS,,3,Approved,0,2026-06-03 17:24:38.959140
PAY003938,CUST7346,23393,Debit Card,Annual,SUCCESS,,3,Approved,0,2026-07-03 03:20:38.959140
PAY003939,CUST9107,5203,Credit Card,Annual,FAILED,Network Error,0,Approved,1,2026-08-16 09:08:38.959140
PAY003940,CUST9494,12054,Credit Card,Quarterly,SUCCESS,,1,Approved,0,2026-07-29 13:20:38.959140
PAY003941,CUST3727,11013,Net Banking,Annual,SUCCESS,,2,Approved,0,2026-08-13 01:15:38.959140
PAY003942,CUST1563,184,Credit Card,Monthly,SUCCESS,,0,Approved,0,2026-08-04 09:51:38.959140
PAY003943,CUST5983,21859,Net Banking,Monthly,SUCCESS,,0,Approved,0,2026-03-25 12:32:38.959140
PAY003944,CUST6536,19406,Debit Card,Monthly,SUCCESS,,0,Approved,0,2026-06-19 15:37:38.959140
PAY003945,CUST4246,16335,Credit Card,Quarterly,FAILED,Network Error,0,Approved,1,2026-05-21 17:40:38.959140
PAY003946,CUST2464,21576,UPI,Monthly,FAILED,Network Error,1,Approved,1,2026-05-18 05:32:38.959140
PAY003947,CUST4846,19410,UPI,Annual,SUCCESS,,0,Approved,0,2026-06-13 14:46:38.959140
PAY003948,CUST6074,3833,Wallet,Monthly,SUCCESS,,0,Approved,0,2026-08-04 04:10:38.959140
PAY003949,CUST5565,21191,UPI,Quarterly,SUCCESS,,1,Approved,0,2026-05-09 22:54:38.959140
PAY003950,CUST1828,19764,Wallet,Annual,SUCCESS,,1,Approved,0,2026-07-01 13:52:38.959140
PAY003951,CUST8266,8700,Net Banking,Quarterly,SUCCESS,,1,Approved,0,2026-07-03 02:24:38.959140
PAY003952,CUST9745,13779,UPI,Annual,SUCCESS,,3,Approved,0,2026-04-09 19:41:38.959140
PAY003953,CUST2094,2797,Debit Card,Annual,FAILED,Invalid CVV,1,Blocked,0,2026-04-03 18:15:38.959140
PAY003954,CUST8503,15135,UPI,Quarterly,SUCCESS,,2,Approved,0,2026-07-27 19:29:38.959140
PAY003955,CUST6715,7317,Wallet,Monthly,FAILED,Card Expired,0,Approved,0,2026-08-07 13:43:38.959140
PAY003956,CUST8088,24402,Net Banking,Monthly,SUCCESS,,1,Approved,0,2026-03-11 07:47:38.959140
PAY003957,CUST2550,20373,Wallet,Annual,SUCCESS,,2,Approved,0,2026-04-04 04:45:38.959140
PAY003958,CUST4813,24576,Net Banking,Quarterly,FAILED,Invalid CVV,2,Blocked,0,2026-04-04 06:36:38.959140
PAY003959,CUST2701,11763,Net Banking,Quarterly,SUCCESS,,0,Approved,0,2026-07-25 16:39:38.959140
PAY003960,CUST9114,22711,Net Banking,Quarterly,SUCCESS,,0,Approved,0,2026-06-10 11:28:38.959140
PAY003961,CUST9925,4203,Wallet,Annual,FAILED,Network Error,1,Processing Error,1,2026-05-23 06:54:38.959140
PAY003962,CUST7496,904,Credit Card,Quarterly,SUCCESS,,0,Approved,0,2026-07-20 11:00:38.959140
PAY003963,CUST8126,5731,Net Banking,Annual,FAILED,Invalid CVV,1,Processing Error,0,2026-04-12 07:28:38.959140
PAY003964,CUST7505,16970,UPI,Quarterly,FAILED,Network Error,0,Processing Error,1,2026-06-21 13:03:38.959140
PAY003965,CUST5774,10744,Wallet,Annual,FAILED,Insufficient Funds,1,Processing Error,1,2026-04-12 21:23:38.959140
PAY003966,CUST6299,10518,Debit Card,Annual,SUCCESS,,0,Approved,0,2026-04-03 11:35:38.959140
PAY003967,CUST6287,15331,Wallet,Quarterly,SUCCESS,,1,Approved,0,2026-05-27 18:41:38.959140
PAY003968,CUST7051,916,Wallet,Monthly,SUCCESS,,1,Approved,0,2026-08-22 20:24:38.959140
PAY003969,CUST8222,2472,UPI,Quarterly,SUCCESS,,2,Approved,0,2026-04-01 12:29:38.959140
PAY003970,CUST2146,18168,Credit Card,Annual,SUCCESS,,1,Approved,0,2026-06-21 20:50:38.959140
PAY003971,CUST9730,11649,Net Banking,Monthly,FAILED,Card Expired,3,Blocked,0,2026-05-12 16:25:38.959140
PAY003972,CUST1918,10203,Debit Card,Monthly,SUCCESS,,3,Approved,0,2026-03-16 23:16:38.959140
PAY003973,CUST5419,19873,Wallet,Annual,SUCCESS,,1,Approved,0,2026-04-26 11:26:38.959140
PAY003974,CUST9049,17231,Debit Card,Annual,SUCCESS,,3,Approved,0,2026-06-19 23:03:38.959140
PAY003975,CUST1272,1730,Credit Card,Annual,SUCCESS,,1,Approved,0,2026-07-04 18:37:38.959140
PAY003976,CUST3456,4145,Debit Card,Annual,SUCCESS,,0,Approved,0,2026-07-20 21:23:38.959140
PAY003977,CUST1591,21193,Net Banking,Quarterly,SUCCESS,,3,Approved,0,2026-08-08 22:04:38.959140
PAY003978,CUST6646,24813,Credit Card,Monthly,SUCCESS,,0,Approved,0,2026-05-21 21:24:38.959140
PAY003979,CUST4454,6293,UPI,Annual,SUCCESS,,3,Approved,0,2026-06-27 21:19:38.959140
PAY003980,CUST1685,12696,UPI,Quarterly,SUCCESS,,1,Approved,0,2026-08-18 04:07:38.959140
PAY003981,CUST5287,748,Credit Card,Quarterly,SUCCESS,,1,Approved,0,2026-08-04 16:36:38.959140
PAY003982,CUST8392,13975,Debit Card,Monthly,SUCCESS,,1,Approved,0,2026-04-26 01:16:38.959140
PAY003983,CUST6351,24176,Net Banking,Annual,SUCCESS,,2,Approved,0,2026-03-14 07:56:38.959140
PAY003984,CUST7406,21136,Wallet,Quarterly,SUCCESS,,2,Approved,0,2026-05-04 08:07:38.959140
PAY003985,CUST9892,22325,Net Banking,Monthly,FAILED,Insufficient Funds,3,Processing Error,1,2026-04-25 08:27:38.959140
PAY003986,CUST7105,10058,Credit Card,Quarterly,SUCCESS,,2,Approved,0,2026-08-27 21:02:38.959140
PAY003987,CUST8030,2248,Wallet,Annual,SUCCESS,,2,Approved,0,2026-05-18 03:02:38.959140
PAY003988,CUST9423,13823,Credit Card,Annual,SUCCESS,,2,Approved,0,2026-08-25 15:26:38.959140
PAY003989,CUST5860,8869,Wallet,Annual,SUCCESS,,1,Approved,0,2026-07-30 23:43:38.959140
PAY003990,CUST7823,21770,Net Banking,Monthly,FAILED,Invalid CVV,2,Declined,0,2026-07-07 00:35:38.959140
PAY003991,CUST6131,12932,Credit Card,Monthly,SUCCESS,,2,Approved,0,2026-06-12 00:35:38.959140
PAY003992,CUST6978,21824,Wallet,Quarterly,SUCCESS,,3,Approved,0,2026-06-03 20:45:38.959140
PAY003993,CUST3606,16741,Net Banking,Annual,SUCCESS,,2,Approved,0,2026-04-23 03:59:38.959140
PAY003994,CUST4995,21623,Net Banking,Annual,SUCCESS,,2,Approved,0,2026-05-03 13:18:38.959140
PAY003995,CUST1389,17648,Debit Card,Quarterly,SUCCESS,,0,Approved,0,2026-05-13 14:45:38.959140
PAY003996,CUST5409,11934,Net Banking,Quarterly,FAILED,Bank Timeout,0,Blocked,1,2026-06-26 06:40:38.959140
PAY003997,CUST4228,367,Debit Card,Monthly,SUCCESS,,0,Approved,0,2026-06-01 03:45:38.959140
PAY003998,CUST8320,24942,Credit Card,Annual,FAILED,Insufficient Funds,1,Processing Error,1,2026-06-21 01:07:38.959140
PAY003999,CUST6658,4748,UPI,Monthly,SUCCESS,,2,Approved,0,2026-04-27 21:18:38.959140
PAY004000,CUST3256,1035,Debit Card,Annual,SUCCESS,,0,Approved,0,2026-05-25 13:42:38.959140
PAY004001,CUST5913,3701,Debit Card,Monthly,FAILED,Bank Timeout,2,Approved,1,2026-03-16 19:13:38.959140
PAY004002,CUST4436,18525,Debit Card,Monthly,SUCCESS,,0,Approved,0,2026-05-05 12:51:38.959140
PAY004003,CUST4666,4662,Net Banking,Annual,FAILED,Fraud Suspected,3,Declined,0,2026-06-26 09:55:38.959140
PAY004004,CUST2829,24951,Credit Card,Monthly,FAILED,Card Expired,2,Approved,0,2026-04-13 01:00:38.959140
PAY004005,CUST3733,18976,Net Banking,Quarterly,SUCCESS,,0,Approved,0,2026-04-28 19:43:38.959140
PAY004006,CUST8112,15195,Net Banking,Monthly,SUCCESS,,2,Approved,0,2026-04-05 22:10:38.959140
PAY004007,CUST6955,11369,Net Banking,Monthly,FAILED,Insufficient Funds,0,Blocked,1,2026-07-13 18:11:38.959140
PAY004008,CUST5793,18252,Debit Card,Monthly,SUCCESS,,2,Approved,0,2026-05-12 06:07:38.959140
PAY004009,CUST2324,24891,Wallet,Monthly,SUCCESS,,3,Approved,0,2026-03-17 06:16:38.959140
PAY004010,CUST5987,2667,Debit Card,Quarterly,SUCCESS,,3,Approved,0,2026-07-08 23:07:38.959140
PAY004011,CUST8434,22520,UPI,Quarterly,SUCCESS,,1,Approved,0,2026-07-13 03:56:38.959140
PAY004012,CUST8465,6209,Credit Card,Monthly,SUCCESS,,0,Approved,0,2026-05-24 11:35:38.959140
PAY004013,CUST3300,12723,UPI,Annual,SUCCESS,,0,Approved,0,2026-08-10 08:17:38.959140
PAY004014,CUST3732,15684,Net Banking,Quarterly,SUCCESS,,2,Approved,0,2026-05-25 20:07:38.959140
PAY004015,CUST2941,5794,Wallet,Annual,FAILED,Fraud Suspected,3,Blocked,0,2026-03-15 00:49:38.959140
PAY004016,CUST1970,5334,Net Banking,Annual,SUCCESS,,0,Approved,0,2026-06-25 01:17:38.959140
PAY004017,CUST1330,19874,Credit Card,Annual,SUCCESS,,3,Approved,0,2026-04-22 13:59:38.959140
PAY004018,CUST9094,2515,UPI,Quarterly,SUCCESS,,3,Approved,0,2026-07-23 09:00:38.959140
PAY004019,CUST9844,23438,Credit Card,Monthly,SUCCESS,,2,Approved,0,2026-07-19 01:46:38.959140
PAY004020,CUST3838,23164,Credit Card,Quarterly,FAILED,Network Error,3,Approved,1,2026-05-29 00:44:38.959140
PAY004021,CUST5780,17499,Credit Card,Monthly,FAILED,User Cancelled,0,Approved,0,2026-05-04 23:25:38.959140
PAY004022,CUST5878,20015,Debit Card,Monthly,SUCCESS,,1,Approved,0,2026-05-21 18:05:38.959140
PAY004023,CUST5035,4842,Debit Card,Monthly,FAILED,Network Error,1,Approved,1,2026-07-30 18:50:38.959140
PAY004024,CUST8644,12258,Credit Card,Annual,SUCCESS,,3,Approved,0,2026-05-17 17:20:38.959140
PAY004025,CUST1397,3710,Debit Card,Annual,SUCCESS,,2,Approved,0,2026-05-02 02:30:38.959140
PAY004026,CUST5901,2886,Credit Card,Quarterly,SUCCESS,,1,Approved,0,2026-07-05 13:34:38.959140
PAY004027,CUST3568,12305,Wallet,Quarterly,FAILED,Card Expired,1,Approved,0,2026-08-23 10:27:38.959140
PAY004028,CUST1258,22322,Net Banking,Monthly,SUCCESS,,0,Approved,0,2026-05-07 04:21:38.959140
PAY004029,CUST3072,3857,Net Banking,Quarterly,SUCCESS,,3,Approved,0,2026-06-27 22:19:38.959140
PAY004030,CUST2827,14907,Net Banking,Monthly,FAILED,Bank Timeout,1,Blocked,1,2026-08-12 20:32:38.959140
PAY004031,CUST9248,2831,Net Banking,Monthly,SUCCESS,,0,Approved,0,2026-07-20 21:41:38.959140
PAY004032,CUST2237,5198,Debit Card,Quarterly,FAILED,Network Error,1,Processing Error,1,2026-03-27 15:11:38.959140
PAY004033,CUST8930,15188,UPI,Monthly,SUCCESS,,3,Approved,0,2026-07-29 10:25:38.959140
PAY004034,CUST1016,18608,Net Banking,Annual,SUCCESS,,3,Approved,0,2026-06-06 12:23:38.959140
PAY004035,CUST4219,19591,UPI,Quarterly,SUCCESS,,0,Approved,0,2026-05-16 17:35:38.959140
PAY004036,CUST3909,1774,UPI,Monthly,SUCCESS,,0,Approved,0,2026-08-04 01:12:38.959140
PAY004037,CUST1560,12461,Credit Card,Annual,FAILED,UPI Failure,1,Blocked,1,2026-06-19 19:55:38.959140
PAY004038,CUST6180,21003,Wallet,Quarterly,FAILED,Insufficient Funds,2,Declined,1,2026-08-17 02:11:38.959140
PAY004039,CUST1778,13094,Debit Card,Monthly,SUCCESS,,0,Approved,0,2026-04-22 01:56:38.959140
PAY004040,CUST7686,23653,Net Banking,Annual,SUCCESS,,1,Approved,0,2026-04-28 12:36:38.959140
PAY004041,CUST3395,20593,Credit Card,Quarterly,SUCCESS,,0,Approved,0,2026-06-15 11:06:38.959140
PAY004042,CUST4990,3253,Wallet,Annual,SUCCESS,,0,Approved,0,2026-03-23 13:10:38.959140
PAY004043,CUST6137,5752,UPI,Monthly,SUCCESS,,0,Approved,0,2026-03-18 14:59:38.959140
PAY004044,CUST9937,12396,Debit Card,Monthly,SUCCESS,,0,Approved,0,2026-03-28 02:32:38.959140
PAY004045,CUST9960,3327,Credit Card,Quarterly,SUCCESS,,1,Approved,0,2026-06-15 06:30:38.959140
PAY004046,CUST7336,5794,Wallet,Monthly,FAILED,Network Error,0,Approved,1,2026-07-28 03:33:38.959140
PAY004047,CUST7804,20977,UPI,Monthly,SUCCESS,,3,Approved,0,2026-04-19 06:19:38.959140
PAY004048,CUST8846,22274,Credit Card,Annual,SUCCESS,,0,Approved,0,2026-07-05 20:37:38.959140
PAY004049,CUST9360,512,Wallet,Annual,SUCCESS,,3,Approved,0,2026-07-24 04:02:38.959140
PAY004050,CUST4017,16027,UPI,Monthly,SUCCESS,,3,Approved,0,2026-06-05 13:44:38.959140
PAY004051,CUST2633,4339,UPI,Quarterly,SUCCESS,,0,Approved,0,2026-04-25 13:59:38.959140
PAY004052,CUST6983,15065,UPI,Annual,FAILED,Network Error,0,Timeout,1,2026-05-27 18:06:38.959140
PAY004053,CUST3954,19977,Credit Card,Quarterly,SUCCESS,,2,Approved,0,2026-03-28 18:29:38.959140
PAY004054,CUST2804,12266,Wallet,Monthly,SUCCESS,,0,Approved,0,2026-07-27 00:28:38.959140
PAY004055,CUST5252,21155,Debit Card,Quarterly,SUCCESS,,2,Approved,0,2026-05-14 15:59:38.959140
PAY004056,CUST6544,4744,Net Banking,Monthly,SUCCESS,,3,Approved,0,2026-05-11 10:42:38.959140
PAY004057,CUST2282,14959,Credit Card,Quarterly,SUCCESS,,3,Approved,0,2026-06-08 13:17:38.959140
PAY004058,CUST9208,22523,Wallet,Quarterly,SUCCESS,,0,Approved,0,2026-07-13 01:34:38.959140
PAY004059,CUST2745,14046,Credit Card,Annual,FAILED,User Cancelled,1,Processing Error,0,2026-06-24 05:37:38.959140
PAY004060,CUST4584,12605,UPI,Quarterly,SUCCESS,,3,Approved,0,2026-06-16 19:34:38.959140
PAY004061,CUST4204,6897,Wallet,Annual,SUCCESS,,3,Approved,0,2026-03-27 17:20:38.959140
PAY004062,CUST3290,9486,Credit Card,Annual,SUCCESS,,0,Approved,0,2026-04-08 23:56:38.959140
PAY004063,CUST7238,23606,UPI,Quarterly,SUCCESS,,2,Approved,0,2026-07-09 06:20:38.959140
PAY004064,CUST9097,12910,Net Banking,Monthly,SUCCESS,,3,Approved,0,2026-04-10 19:47:38.959140
PAY004065,CUST2809,126,UPI,Quarterly,SUCCESS,,2,Approved,0,2026-08-30 00:05:38.959140
PAY004066,CUST2675,3269,Debit Card,Monthly,SUCCESS,,2,Approved,0,2026-04-10 11:57:38.959140
PAY004067,CUST7500,7529,Wallet,Annual,SUCCESS,,0,Approved,0,2026-06-27 04:53:38.959140
PAY004068,CUST1445,13719,Debit Card,Quarterly,SUCCESS,,2,Approved,0,2026-06-05 00:52:38.959140
PAY004069,CUST9364,17749,Net Banking,Monthly,SUCCESS,,3,Approved,0,2026-06-25 18:46:38.959140
PAY004070,CUST1463,18160,Debit Card,Annual,SUCCESS,,1,Approved,0,2026-03-10 08:17:38.959140
PAY004071,CUST4719,22476,UPI,Quarterly,SUCCESS,,1,Approved,0,2026-05-21 21:41:38.959140
PAY004072,CUST2861,6034,Credit Card,Quarterly,SUCCESS,,1,Approved,0,2026-07-29 16:45:38.959140
PAY004073,CUST2055,12659,UPI,Quarterly,FAILED,Network Error,2,Timeout,1,2026-06-26 17:17:38.959140
PAY004074,CUST2543,24439,UPI,Annual,SUCCESS,,1,Approved,0,2026-06-23 04:57:38.959140
PAY004075,CUST8861,4302,UPI,Annual,SUCCESS,,1,Approved,0,2026-04-29 21:55:38.959140
PAY004076,CUST7561,2966,UPI,Quarterly,SUCCESS,,0,Approved,0,2026-05-30 01:21:38.959140
PAY004077,CUST8816,14785,Debit Card,Annual,SUCCESS,,2,Approved,0,2026-08-08 09:03:38.959140
PAY004078,CUST3641,20555,Credit Card,Monthly,SUCCESS,,0,Approved,0,2026-05-06 06:39:38.959140
PAY004079,CUST7704,3715,Debit Card,Quarterly,SUCCESS,,2,Approved,0,2026-06-17 05:59:38.959140
PAY004080,CUST9757,24274,UPI,Monthly,SUCCESS,,0,Approved,0,2026-06-18 10:51:38.959140
PAY004081,CUST6134,16237,Net Banking,Monthly,SUCCESS,,1,Approved,0,2026-07-02 19:47:38.959140
PAY004082,CUST2542,13466,Credit Card,Annual,SUCCESS,,1,Approved,0,2026-08-07 17:35:38.959140
PAY004083,CUST3916,12109,Net Banking,Monthly,SUCCESS,,2,Approved,0,2026-05-30 11:20:38.959140
PAY004084,CUST8995,10096,Wallet,Annual,SUCCESS,,3,Approved,0,2026-04-18 11:20:38.959140
PAY004085,CUST1877,18906,Net Banking,Annual,SUCCESS,,1,Approved,0,2026-06-13 11:25:38.959140
PAY004086,CUST9185,5561,UPI,Quarterly,FAILED,Network Error,0,Approved,1,2026-03-30 12:33:38.959140
PAY004087,CUST7373,11504,Credit Card,Annual,FAILED,Bank Timeout,1,Approved,1,2026-08-01 14:08:38.959140
PAY004088,CUST8703,4048,Wallet,Annual,SUCCESS,,1,Approved,0,2026-03-23 19:08:38.959140
PAY004089,CUST1743,19051,Debit Card,Annual,SUCCESS,,0,Approved,0,2026-07-25 02:52:38.959140
PAY004090,CUST3676,1943,Wallet,Quarterly,SUCCESS,,1,Approved,0,2026-06-04 11:52:38.959140
PAY004091,CUST4684,12274,Debit Card,Annual,SUCCESS,,2,Approved,0,2026-06-09 11:09:38.959140
PAY004092,CUST8894,7780,Debit Card,Annual,SUCCESS,,0,Approved,0,2026-04-06 16:20:38.959140
PAY004093,CUST6278,20812,Debit Card,Monthly,SUCCESS,,1,Approved,0,2026-04-05 06:55:38.959140
PAY004094,CUST4018,9022,Debit Card,Annual,SUCCESS,,0,Approved,0,2026-08-08 13:24:38.959140
PAY004095,CUST3940,2286,UPI,Annual,FAILED,UPI Failure,2,Processing Error,1,2026-08-08 06:36:38.959140
PAY004096,CUST9880,23255,Net Banking,Monthly,FAILED,Insufficient Funds,1,Approved,1,2026-05-22 16:16:38.959140
PAY004097,CUST2600,8655,Credit Card,Annual,SUCCESS,,2,Approved,0,2026-04-25 19:21:38.959140
PAY004098,CUST7383,8346,Credit Card,Monthly,FAILED,Card Expired,2,Timeout,0,2026-04-21 08:31:38.959140
PAY004099,CUST7552,383,Wallet,Annual,SUCCESS,,3,Approved,0,2026-06-26 15:07:38.959140
PAY004100,CUST8022,20472,Debit Card,Quarterly,SUCCESS,,0,Approved,0,2026-07-06 05:48:38.959140
PAY004101,CUST3880,19081,UPI,Quarterly,FAILED,Fraud Suspected,3,Approved,0,2026-04-03 11:43:38.959140
PAY004102,CUST2522,6265,Net Banking,Quarterly,SUCCESS,,2,Approved,0,2026-07-06 06:50:38.959140
PAY004103,CUST8708,2279,Credit Card,Quarterly,SUCCESS,,1,Approved,0,2026-04-18 02:02:38.959140
PAY004104,CUST8845,15769,Credit Card,Annual,SUCCESS,,1,Approved,0,2026-03-31 19:59:38.959140
PAY004105,CUST3172,466,Credit Card,Annual,SUCCESS,,1,Approved,0,2026-05-04 10:33:38.959140
PAY004106,CUST9605,8958,Credit Card,Monthly,SUCCESS,,0,Approved,0,2026-07-13 02:39:38.959140
PAY004107,CUST4845,8147,Net Banking,Quarterly,SUCCESS,,1,Approved,0,2026-07-21 08:01:38.959140
PAY004108,CUST9917,571,UPI,Annual,SUCCESS,,0,Approved,0,2026-08-19 02:31:38.959140
PAY004109,CUST5435,9607,Credit Card,Annual,FAILED,Fraud Suspected,2,Blocked,0,2026-04-09 10:05:38.959140
PAY004110,CUST7026,1108,UPI,Annual,FAILED,Fraud Suspected,1,Declined,0,2026-07-13 23:33:38.959140
PAY004111,CUST2488,14491,UPI,Annual,SUCCESS,,3,Approved,0,2026-05-12 16:56:38.959140
PAY004112,CUST7824,14051,Debit Card,Monthly,SUCCESS,,0,Approved,0,2026-05-10 00:49:38.959140
PAY004113,CUST6061,18971,Net Banking,Quarterly,SUCCESS,,2,Approved,0,2026-03-28 13:27:38.959140
PAY004114,CUST4154,17765,Net Banking,Monthly,SUCCESS,,0,Approved,0,2026-08-20 03:23:38.959140
PAY004115,CUST6321,20948,UPI,Annual,SUCCESS,,1,Approved,0,2026-05-03 10:18:38.959140
PAY004116,CUST2246,1927,UPI,Monthly,SUCCESS,,1,Approved,0,2026-05-18 23:41:38.959140
PAY004117,CUST5377,10529,Credit Card,Annual,SUCCESS,,3,Approved,0,2026-05-06 23:15:38.959140
PAY004118,CUST3859,5847,Credit Card,Quarterly,SUCCESS,,0,Approved,0,2026-07-03 05:58:38.959140
PAY004119,CUST7937,12603,Wallet,Monthly,SUCCESS,,3,Approved,0,2026-06-23 22:46:38.959140
PAY004120,CUST7286,18771,UPI,Annual,FAILED,Network Error,2,Blocked,1,2026-04-21 08:24:38.959140
PAY004121,CUST1266,2242,Wallet,Monthly,SUCCESS,,1,Approved,0,2026-06-28 15:15:38.959140
PAY004122,CUST1036,10111,Net Banking,Quarterly,FAILED,Bank Timeout,1,Timeout,1,2026-04-29 20:30:38.959140
PAY004123,CUST7719,16888,Credit Card,Monthly,SUCCESS,,1,Approved,0,2026-04-27 23:34:38.959140
PAY004124,CUST4419,22202,Net Banking,Quarterly,FAILED,Network Error,1,Timeout,1,2026-08-30 03:46:38.959140
PAY004125,CUST5168,24267,UPI,Annual,SUCCESS,,3,Approved,0,2026-05-28 04:55:38.959140
PAY004126,CUST5657,11960,Credit Card,Annual,SUCCESS,,2,Approved,0,2026-04-10 19:00:38.959140
PAY004127,CUST6402,12672,Debit Card,Monthly,SUCCESS,,1,Approved,0,2026-06-18 17:48:38.959140
PAY004128,CUST1355,6790,Wallet,Quarterly,SUCCESS,,2,Approved,0,2026-08-06 07:04:38.959140
PAY004129,CUST5456,24973,Net Banking,Annual,SUCCESS,,2,Approved,0,2026-06-28 15:01:38.959140
PAY004130,CUST6353,8249,Credit Card,Quarterly,FAILED,Invalid CVV,3,Timeout,0,2026-08-03 15:37:38.959140
PAY004131,CUST1734,15510,Debit Card,Quarterly,SUCCESS,,3,Approved,0,2026-05-08 12:53:38.959140
PAY004132,CUST1616,18103,Wallet,Annual,SUCCESS,,1,Approved,0,2026-03-10 15:01:38.959140
PAY004133,CUST5501,4567,Debit Card,Annual,SUCCESS,,3,Approved,0,2026-04-17 10:38:38.959140
PAY004134,CUST7181,21236,Wallet,Quarterly,SUCCESS,,3,Approved,0,2026-07-09 05:14:38.959140
PAY004135,CUST1268,19400,Net Banking,Annual,SUCCESS,,2,Approved,0,2026-05-31 23:49:38.959140
PAY004136,CUST8098,23045,Wallet,Monthly,SUCCESS,,0,Approved,0,2026-08-15 13:51:38.959140
PAY004137,CUST2344,8646,UPI,Monthly,SUCCESS,,3,Approved,0,2026-08-22 03:09:38.959140
PAY004138,CUST6516,7140,Net Banking,Quarterly,FAILED,UPI Failure,2,Approved,1,2026-08-01 17:31:38.959140
PAY004139,CUST6549,13823,UPI,Annual,FAILED,User Cancelled,3,Approved,0,2026-07-20 07:27:38.959140
PAY004140,CUST2571,13939,Net Banking,Quarterly,SUCCESS,,0,Approved,0,2026-07-12 17:23:38.959140
PAY004141,CUST5654,8643,Credit Card,Quarterly,SUCCESS,,1,Approved,0,2026-04-16 00:18:38.959140
PAY004142,CUST9472,21059,Debit Card,Monthly,SUCCESS,,3,Approved,0,2026-06-22 13:33:38.959140
PAY004143,CUST7700,9216,Net Banking,Annual,FAILED,Insufficient Funds,2,Timeout,1,2026-07-26 01:24:38.959140
PAY004144,CUST6093,7613,UPI,Monthly,SUCCESS,,3,Approved,0,2026-05-11 06:30:38.959140
PAY004145,CUST8121,24655,UPI,Quarterly,FAILED,Bank Timeout,2,Blocked,1,2026-08-20 20:48:38.959140
PAY004146,CUST3037,17697,Debit Card,Monthly,FAILED,User Cancelled,1,Processing Error,0,2026-08-20 13:14:38.959140
PAY004147,CUST6303,10926,Net Banking,Quarterly,FAILED,Network Error,0,Blocked,1,2026-08-13 18:15:38.959140
PAY004148,CUST5929,24857,Wallet,Monthly,SUCCESS,,3,Approved,0,2026-08-16 00:10:38.959140
PAY004149,CUST5710,24867,Wallet,Monthly,SUCCESS,,1,Approved,0,2026-06-11 23:21:38.959140
PAY004150,CUST6293,13442,Wallet,Quarterly,FAILED,Invalid CVV,0,Declined,0,2026-07-09 23:38:38.959140
PAY004151,CUST2301,23694,Credit Card,Quarterly,SUCCESS,,0,Approved,0,2026-03-13 18:11:38.959140
PAY004152,CUST4414,12464,UPI,Quarterly,SUCCESS,,2,Approved,0,2026-03-25 02:29:38.959140
PAY004153,CUST9023,16604,Net Banking,Quarterly,SUCCESS,,2,Approved,0,2026-04-05 15:21:38.959140
PAY004154,CUST4542,24969,Net Banking,Quarterly,SUCCESS,,3,Approved,0,2026-03-18 16:19:38.959140
PAY004155,CUST7921,1790,Credit Card,Quarterly,SUCCESS,,1,Approved,0,2026-07-23 20:29:38.959140
PAY004156,CUST5229,9315,Net Banking,Annual,SUCCESS,,1,Approved,0,2026-07-02 06:47:38.959140
PAY004157,CUST2178,12469,Credit Card,Monthly,FAILED,Card Expired,1,Blocked,0,2026-04-21 03:36:38.959140
PAY004158,CUST8811,14508,UPI,Quarterly,SUCCESS,,3,Approved,0,2026-03-25 23:06:38.959140
PAY004159,CUST8552,4163,Net Banking,Quarterly,FAILED,Fraud Suspected,3,Timeout,0,2026-05-03 16:18:38.959140
PAY004160,CUST5014,13647,Net Banking,Quarterly,SUCCESS,,1,Approved,0,2026-05-19 10:58:38.959140
PAY004161,CUST9001,22925,Net Banking,Quarterly,SUCCESS,,0,Approved,0,2026-06-10 13:00:38.959140
PAY004162,CUST5673,12365,Wallet,Annual,FAILED,Fraud Suspected,2,Declined,0,2026-07-12 08:16:38.959140
PAY004163,CUST4117,19348,Net Banking,Annual,SUCCESS,,2,Approved,0,2026-08-11 06:07:38.959140
PAY004164,CUST4932,8413,Net Banking,Quarterly,SUCCESS,,0,Approved,0,2026-07-24 22:10:38.959140
PAY004165,CUST1409,18369,Debit Card,Monthly,SUCCESS,,3,Approved,0,2026-04-30 00:39:38.959140
PAY004166,CUST6811,15828,UPI,Quarterly,SUCCESS,,3,Approved,0,2026-06-02 20:39:38.959140
PAY004167,CUST2446,11591,UPI,Quarterly,SUCCESS,,1,Approved,0,2026-05-03 01:25:38.959140
PAY004168,CUST1762,6904,Wallet,Quarterly,FAILED,Insufficient Funds,1,Approved,1,2026-03-20 14:44:38.959140
PAY004169,CUST6850,13502,Wallet,Monthly,SUCCESS,,2,Approved,0,2026-05-21 07:59:38.959140
PAY004170,CUST5000,9618,Wallet,Quarterly,SUCCESS,,2,Approved,0,2026-05-11 07:35:38.959140
PAY004171,CUST6602,13948,Credit Card,Monthly,SUCCESS,,2,Approved,0,2026-04-23 14:01:38.959140
PAY004172,CUST1603,4363,Debit Card,Quarterly,FAILED,Insufficient Funds,3,Approved,1,2026-05-27 01:13:38.959140
PAY004173,CUST1981,18797,Credit Card,Quarterly,SUCCESS,,0,Approved,0,2026-03-22 13:40:38.959140
PAY004174,CUST7904,24788,UPI,Monthly,SUCCESS,,2,Approved,0,2026-08-06 21:24:38.959140
PAY004175,CUST6150,19689,UPI,Monthly,SUCCESS,,3,Approved,0,2026-08-08 13:03:38.959140
PAY004176,CUST4523,22474,Net Banking,Quarterly,SUCCESS,,2,Approved,0,2026-06-09 06:10:38.959140
PAY004177,CUST6020,2605,Net Banking,Quarterly,SUCCESS,,2,Approved,0,2026-07-20 17:22:38.959140
PAY004178,CUST8976,3146,UPI,Quarterly,SUCCESS,,3,Approved,0,2026-06-10 20:21:38.959140
PAY004179,CUST7281,24120,Wallet,Monthly,SUCCESS,,3,Approved,0,2026-05-21 14:24:38.959140
PAY004180,CUST3181,617,Debit Card,Quarterly,SUCCESS,,2,Approved,0,2026-07-17 10:04:38.959140
PAY004181,CUST9630,19772,Wallet,Monthly,SUCCESS,,2,Approved,0,2026-03-12 20:31:38.959140
PAY004182,CUST4793,5475,UPI,Annual,SUCCESS,,1,Approved,0,2026-07-13 17:07:38.959140
PAY004183,CUST7927,23179,Debit Card,Monthly,SUCCESS,,1,Approved,0,2026-06-08 03:56:38.959140
PAY004184,CUST9765,15866,Net Banking,Monthly,SUCCESS,,1,Approved,0,2026-07-01 05:46:38.959140
PAY004185,CUST4543,2297,UPI,Annual,FAILED,User Cancelled,2,Approved,0,2026-03-19 18:38:38.959140
PAY004186,CUST6038,1155,Net Banking,Monthly,SUCCESS,,2,Approved,0,2026-06-06 00:16:38.959140
PAY004187,CUST8434,19457,Wallet,Quarterly,SUCCESS,,0,Approved,0,2026-04-24 22:03:38.959140
PAY004188,CUST5955,15015,Credit Card,Monthly,SUCCESS,,2,Approved,0,2026-08-14 05:21:38.959140
PAY004189,CUST2689,19946,UPI,Annual,SUCCESS,,2,Approved,0,2026-04-30 03:25:38.959140
PAY004190,CUST6854,5554,UPI,Annual,FAILED,UPI Failure,1,Declined,1,2026-07-30 08:36:38.959140
PAY004191,CUST8849,22445,Debit Card,Monthly,FAILED,Fraud Suspected,3,Processing Error,0,2026-05-24 02:21:38.959140
PAY004192,CUST9281,6769,Credit Card,Monthly,SUCCESS,,2,Approved,0,2026-03-23 16:49:38.959140
PAY004193,CUST5383,16945,Net Banking,Quarterly,SUCCESS,,2,Approved,0,2026-04-14 09:48:38.959140
PAY004194,CUST9638,2672,Wallet,Quarterly,SUCCESS,,2,Approved,0,2026-04-17 00:54:38.959140
PAY004195,CUST6371,22832,Debit Card,Annual,SUCCESS,,0,Approved,0,2026-06-06 19:31:38.959140
PAY004196,CUST7145,1995,Debit Card,Quarterly,FAILED,Card Expired,2,Declined,0,2026-07-16 07:16:38.959140
PAY004197,CUST3913,3723,Credit Card,Annual,FAILED,User Cancelled,3,Blocked,0,2026-06-01 16:07:38.959140
PAY004198,CUST9724,3280,Wallet,Monthly,SUCCESS,,1,Approved,0,2026-05-05 10:13:38.959140
PAY004199,CUST1909,23576,Credit Card,Annual,SUCCESS,,0,Approved,0,2026-07-21 02:52:38.959140
PAY004200,CUST5245,8559,Credit Card,Annual,SUCCESS,,3,Approved,0,2026-04-13 05:19:38.959140
PAY004201,CUST3572,5769,UPI,Annual,SUCCESS,,2,Approved,0,2026-08-23 07:44:38.959140
PAY004202,CUST4967,12222,UPI,Annual,SUCCESS,,3,Approved,0,2026-07-23 08:16:38.959140
PAY004203,CUST9437,3428,Debit Card,Monthly,SUCCESS,,1,Approved,0,2026-03-21 07:51:38.959140
PAY004204,CUST2427,6429,Debit Card,Annual,SUCCESS,,2,Approved,0,2026-03-26 07:24:38.959140
PAY004205,CUST6445,6542,Debit Card,Quarterly,SUCCESS,,1,Approved,0,2026-03-25 01:34:38.959140
PAY004206,CUST4661,1867,UPI,Monthly,SUCCESS,,0,Approved,0,2026-05-07 04:30:38.959140
PAY004207,CUST8369,10168,Net Banking,Annual,SUCCESS,,2,Approved,0,2026-03-11 16:04:38.959140
PAY004208,CUST1777,23436,Wallet,Annual,SUCCESS,,0,Approved,0,2026-08-19 11:52:38.959140
PAY004209,CUST6125,20215,Debit Card,Quarterly,SUCCESS,,2,Approved,0,2026-07-08 14:44:38.959140
PAY004210,CUST6004,23296,Debit Card,Quarterly,SUCCESS,,3,Approved,0,2026-04-22 00:21:38.959140
PAY004211,CUST2610,18395,Credit Card,Quarterly,SUCCESS,,1,Approved,0,2026-06-26 14:20:38.959140
PAY004212,CUST7831,19692,Debit Card,Annual,FAILED,Bank Timeout,2,Approved,1,2026-05-10 22:08:38.959140
PAY004213,CUST7870,20353,UPI,Annual,SUCCESS,,0,Approved,0,2026-03-13 23:19:38.959140
PAY004214,CUST2528,21093,UPI,Monthly,SUCCESS,,3,Approved,0,2026-07-13 09:59:38.959140
PAY004215,CUST3023,23112,Net Banking,Annual,FAILED,Fraud Suspected,1,Declined,0,2026-04-07 22:26:38.959140
PAY004216,CUST2371,16596,Net Banking,Quarterly,SUCCESS,,1,Approved,0,2026-04-06 11:05:38.959140
PAY004217,CUST7249,13275,Credit Card,Monthly,FAILED,Invalid CVV,1,Blocked,0,2026-07-06 04:48:38.959140
PAY004218,CUST2414,20789,UPI,Monthly,SUCCESS,,2,Approved,0,2026-06-08 04:46:38.959140
PAY004219,CUST6762,7648,Net Banking,Monthly,SUCCESS,,1,Approved,0,2026-07-08 07:46:38.959140
PAY004220,CUST3388,18162,UPI,Monthly,FAILED,Network Error,3,Declined,1,2026-03-18 18:00:38.959140
PAY004221,CUST6564,21758,Wallet,Quarterly,FAILED,Fraud Suspected,3,Blocked,0,2026-08-22 23:37:38.959140
PAY004222,CUST8587,8424,UPI,Monthly,SUCCESS,,1,Approved,0,2026-06-19 02:37:38.959140
PAY004223,CUST4051,2994,UPI,Quarterly,SUCCESS,,2,Approved,0,2026-05-09 17:27:38.959140
PAY004224,CUST3415,16867,Wallet,Quarterly,SUCCESS,,0,Approved,0,2026-07-16 09:57:38.959140
PAY004225,CUST1469,12554,Credit Card,Monthly,SUCCESS,,0,Approved,0,2026-05-01 05:40:38.959140
PAY004226,CUST5922,13812,Net Banking,Quarterly,SUCCESS,,2,Approved,0,2026-08-11 00:41:38.959140
PAY004227,CUST1381,13177,Debit Card,Monthly,SUCCESS,,2,Approved,0,2026-03-17 09:14:38.959140
PAY004228,CUST7424,23976,Debit Card,Monthly,SUCCESS,,2,Approved,0,2026-05-28 02:37:38.959140
PAY004229,CUST6806,12843,Net Banking,Monthly,SUCCESS,,2,Approved,0,2026-07-01 22:39:38.959140
PAY004230,CUST9333,18411,Wallet,Quarterly,SUCCESS,,3,Approved,0,2026-06-14 10:31:38.959140
PAY004231,CUST4893,12580,UPI,Monthly,SUCCESS,,2,Approved,0,2026-05-26 06:34:38.959140
PAY004232,CUST3096,1818,Credit Card,Annual,SUCCESS,,3,Approved,0,2026-07-05 14:41:38.959140
PAY004233,CUST4170,2988,Wallet,Quarterly,SUCCESS,,0,Approved,0,2026-08-02 07:42:38.959140
PAY004234,CUST5539,9255,Net Banking,Monthly,SUCCESS,,3,Approved,0,2026-08-08 00:39:38.959140
PAY004235,CUST6394,20264,UPI,Annual,FAILED,Insufficient Funds,0,Declined,1,2026-04-17 19:36:38.959140
PAY004236,CUST5028,17172,Wallet,Monthly,SUCCESS,,2,Approved,0,2026-07-20 16:00:38.959140
PAY004237,CUST2999,18761,Debit Card,Quarterly,FAILED,Card Expired,2,Blocked,0,2026-05-04 21:04:38.959140
PAY004238,CUST8217,24054,Credit Card,Annual,FAILED,Network Error,0,Timeout,1,2026-05-14 15:28:38.959140
PAY004239,CUST7698,11843,Net Banking,Monthly,SUCCESS,,0,Approved,0,2026-07-21 16:19:38.959140
PAY004240,CUST4621,18593,Credit Card,Annual,SUCCESS,,2,Approved,0,2026-07-20 11:01:38.959140
PAY004241,CUST5191,16267,Wallet,Annual,SUCCESS,,0,Approved,0,2026-08-03 20:41:38.959140
PAY004242,CUST6435,20637,Net Banking,Annual,SUCCESS,,3,Approved,0,2026-08-08 18:09:38.959140
PAY004243,CUST9762,19530,Credit Card,Monthly,SUCCESS,,1,Approved,0,2026-05-15 17:07:38.959140
PAY004244,CUST2815,5497,Wallet,Monthly,SUCCESS,,0,Approved,0,2026-07-26 04:19:38.959140
PAY004245,CUST8156,12338,Wallet,Annual,SUCCESS,,1,Approved,0,2026-03-17 09:34:38.959140
PAY004246,CUST7920,17635,Net Banking,Quarterly,SUCCESS,,2,Approved,0,2026-07-11 20:47:38.959140
PAY004247,CUST7540,16561,Debit Card,Quarterly,SUCCESS,,0,Approved,0,2026-06-28 23:54:38.959140
PAY004248,CUST6332,7268,Wallet,Quarterly,FAILED,Fraud Suspected,3,Blocked,0,2026-04-27 17:38:38.959140
PAY004249,CUST4287,2699,UPI,Quarterly,SUCCESS,,1,Approved,0,2026-05-13 20:47:38.959140
PAY004250,CUST3599,11391,Wallet,Annual,SUCCESS,,2,Approved,0,2026-06-26 23:21:38.959140
PAY004251,CUST2425,9095,UPI,Annual,SUCCESS,,3,Approved,0,2026-04-29 02:59:38.959140
PAY004252,CUST3563,17353,Net Banking,Quarterly,SUCCESS,,3,Approved,0,2026-07-12 07:15:38.959140
PAY004253,CUST9077,4041,Net Banking,Quarterly,SUCCESS,,0,Approved,0,2026-07-31 14:23:38.959140
PAY004254,CUST6214,8888,UPI,Quarterly,SUCCESS,,3,Approved,0,2026-05-13 12:50:38.959140
PAY004255,CUST7607,14380,Net Banking,Annual,FAILED,Card Expired,2,Blocked,0,2026-08-18 05:22:38.959140
PAY004256,CUST1816,7884,Wallet,Monthly,SUCCESS,,0,Approved,0,2026-08-23 02:26:38.959140
PAY004257,CUST2806,16624,Net Banking,Monthly,SUCCESS,,1,Approved,0,2026-03-20 21:51:38.959140
PAY004258,CUST3827,2912,Debit Card,Monthly,FAILED,UPI Failure,2,Declined,1,2026-06-22 14:05:38.959140
PAY004259,CUST3742,9299,Net Banking,Quarterly,SUCCESS,,1,Approved,0,2026-05-04 09:09:38.959140
PAY004260,CUST1807,1698,UPI,Annual,SUCCESS,,2,Approved,0,2026-05-28 03:40:38.959140
PAY004261,CUST5915,1199,Wallet,Monthly,FAILED,Network Error,2,Declined,1,2026-03-11 06:39:38.959140
PAY004262,CUST4965,11031,Debit Card,Annual,SUCCESS,,1,Approved,0,2026-05-28 15:39:38.959140
PAY004263,CUST6667,24572,Debit Card,Quarterly,SUCCESS,,3,Approved,0,2026-03-28 19:02:38.959140
PAY004264,CUST3527,615,Net Banking,Monthly,SUCCESS,,2,Approved,0,2026-04-23 09:51:38.959140
PAY004265,CUST5379,14432,Net Banking,Annual,SUCCESS,,3,Approved,0,2026-08-12 14:14:38.959140
PAY004266,CUST6451,16344,Credit Card,Quarterly,SUCCESS,,1,Approved,0,2026-03-18 13:17:38.959140
PAY004267,CUST6718,9893,Net Banking,Quarterly,FAILED,Bank Timeout,0,Blocked,1,2026-03-29 07:05:38.959140
PAY004268,CUST9213,22473,Debit Card,Annual,SUCCESS,,1,Approved,0,2026-08-02 23:40:38.959140
PAY004269,CUST4563,2900,Wallet,Monthly,SUCCESS,,2,Approved,0,2026-05-07 05:37:38.959140
PAY004270,CUST9995,22170,Credit Card,Monthly,FAILED,User Cancelled,3,Timeout,0,2026-05-31 10:44:38.959140
PAY004271,CUST7074,12756,Net Banking,Quarterly,FAILED,Fraud Suspected,1,Declined,0,2026-05-24 16:11:38.959140
PAY004272,CUST7478,8847,UPI,Quarterly,SUCCESS,,2,Approved,0,2026-07-24 00:59:38.959140
PAY004273,CUST6626,832,UPI,Annual,SUCCESS,,3,Approved,0,2026-08-07 22:09:38.959140
PAY004274,CUST8917,18533,Debit Card,Quarterly,FAILED,Card Expired,0,Processing Error,0,2026-06-28 07:54:38.959140
PAY004275,CUST2572,18861,Debit Card,Annual,SUCCESS,,2,Approved,0,2026-05-03 05:18:38.959140
PAY004276,CUST5515,11209,Wallet,Annual,FAILED,Card Expired,1,Processing Error,0,2026-07-10 04:03:38.959140
PAY004277,CUST6510,24980,Wallet,Quarterly,SUCCESS,,1,Approved,0,2026-06-11 23:34:38.959140
PAY004278,CUST7213,14678,Debit Card,Annual,SUCCESS,,3,Approved,0,2026-05-12 14:36:38.959140
PAY004279,CUST5314,15873,Credit Card,Annual,FAILED,User Cancelled,0,Timeout,0,2026-05-14 15:17:38.959140
PAY004280,CUST2668,7394,Debit Card,Quarterly,FAILED,UPI Failure,3,Processing Error,1,2026-06-15 13:36:38.959140
PAY004281,CUST5352,5824,Wallet,Monthly,FAILED,Insufficient Funds,1,Blocked,1,2026-07-19 22:50:38.959140
PAY004282,CUST2844,22837,Debit Card,Monthly,SUCCESS,,1,Approved,0,2026-05-03 03:13:38.959140
PAY004283,CUST1834,15297,UPI,Monthly,SUCCESS,,3,Approved,0,2026-04-01 13:19:38.959140
PAY004284,CUST8452,11011,Credit Card,Quarterly,SUCCESS,,2,Approved,0,2026-06-01 23:14:38.959140
PAY004285,CUST2175,8711,Debit Card,Annual,SUCCESS,,1,Approved,0,2026-07-08 12:51:38.959140
PAY004286,CUST6984,4473,Net Banking,Annual,SUCCESS,,1,Approved,0,2026-05-12 22:52:38.959140
PAY004287,CUST6613,8440,Debit Card,Annual,SUCCESS,,0,Approved,0,2026-04-19 10:37:38.959140
PAY004288,CUST9748,20869,Debit Card,Annual,FAILED,Card Expired,3,Processing Error,0,2026-05-05 01:21:38.959140
PAY004289,CUST4895,7111,Credit Card,Annual,SUCCESS,,2,Approved,0,2026-04-06 09:47:38.959140
PAY004290,CUST1289,12317,Wallet,Quarterly,SUCCESS,,2,Approved,0,2026-06-18 09:57:38.959140
PAY004291,CUST8992,19687,Debit Card,Annual,SUCCESS,,2,Approved,0,2026-08-08 10:04:38.959140
PAY004292,CUST3545,13494,Wallet,Quarterly,SUCCESS,,3,Approved,0,2026-03-17 20:49:38.959140
PAY004293,CUST3746,3951,Credit Card,Monthly,SUCCESS,,1,Approved,0,2026-05-23 12:55:38.959140
PAY004294,CUST1030,21568,Debit Card,Monthly,SUCCESS,,2,Approved,0,2026-05-29 15:16:38.959140
PAY004295,CUST8284,8344,UPI,Quarterly,SUCCESS,,3,Approved,0,2026-08-03 16:28:38.959140
PAY004296,CUST5023,16243,Debit Card,Monthly,SUCCESS,,3,Approved,0,2026-07-18 22:33:38.959140
PAY004297,CUST6571,23483,UPI,Annual,SUCCESS,,2,Approved,0,2026-06-21 21:55:38.959140
PAY004298,CUST7593,16460,UPI,Monthly,SUCCESS,,2,Approved,0,2026-05-16 16:17:38.959140
PAY004299,CUST1316,6356,UPI,Quarterly,SUCCESS,,3,Approved,0,2026-03-28 03:31:38.959140
PAY004300,CUST1644,22309,UPI,Quarterly,SUCCESS,,0,Approved,0,2026-07-07 18:40:38.959140
PAY004301,CUST5418,12656,Wallet,Monthly,SUCCESS,,3,Approved,0,2026-06-22 01:44:38.959140
PAY004302,CUST9667,14270,Debit Card,Quarterly,SUCCESS,,1,Approved,0,2026-08-28 16:19:38.959140
PAY004303,CUST6982,13136,Wallet,Monthly,SUCCESS,,1,Approved,0,2026-03-29 19:08:38.959140
PAY004304,CUST7583,19280,Credit Card,Quarterly,SUCCESS,,3,Approved,0,2026-05-29 20:12:38.959140
PAY004305,CUST9637,14138,Wallet,Quarterly,FAILED,User Cancelled,3,Timeout,0,2026-04-22 12:28:38.959140
PAY004306,CUST3176,1992,Wallet,Annual,SUCCESS,,3,Approved,0,2026-04-02 02:51:38.959140
PAY004307,CUST6659,2896,UPI,Monthly,SUCCESS,,1,Approved,0,2026-04-20 18:13:38.959140
PAY004308,CUST1772,2537,Wallet,Quarterly,SUCCESS,,2,Approved,0,2026-04-13 07:26:38.959140
PAY004309,CUST4714,10253,Net Banking,Quarterly,FAILED,Fraud Suspected,1,Blocked,0,2026-06-07 10:59:38.959140
PAY004310,CUST2024,7472,Debit Card,Annual,FAILED,Invalid CVV,2,Processing Error,0,2026-06-05 03:26:38.959140
PAY004311,CUST4740,6522,Debit Card,Annual,FAILED,Insufficient Funds,0,Processing Error,1,2026-07-08 17:08:38.959140
PAY004312,CUST1412,12051,Wallet,Monthly,SUCCESS,,1,Approved,0,2026-05-19 18:26:38.959140
PAY004313,CUST8714,11328,Wallet,Quarterly,FAILED,Invalid CVV,1,Declined,0,2026-08-29 11:39:38.959140
PAY004314,CUST9299,2337,Wallet,Quarterly,SUCCESS,,1,Approved,0,2026-08-18 03:46:38.959140
PAY004315,CUST3068,19211,Credit Card,Monthly,SUCCESS,,0,Approved,0,2026-03-25 21:43:38.959140
PAY004316,CUST3606,5546,Net Banking,Monthly,FAILED,Bank Timeout,0,Timeout,1,2026-04-26 20:01:38.959140
PAY004317,CUST6015,19287,Net Banking,Quarterly,FAILED,Bank Timeout,3,Timeout,1,2026-07-31 13:33:38.959140
PAY004318,CUST7099,8753,Credit Card,Monthly,SUCCESS,,2,Approved,0,2026-05-17 12:44:38.959140
PAY004319,CUST2251,10487,UPI,Annual,SUCCESS,,2,Approved,0,2026-04-30 22:34:38.959140
PAY004320,CUST4503,22628,Net Banking,Quarterly,SUCCESS,,2,Approved,0,2026-03-25 08:02:38.959140
PAY004321,CUST1949,698,Credit Card,Annual,SUCCESS,,2,Approved,0,2026-04-05 02:03:38.959140
PAY004322,CUST8026,21184,Wallet,Quarterly,FAILED,Network Error,0,Processing Error,1,2026-07-13 09:57:38.959140
PAY004323,CUST5262,17697,Net Banking,Annual,FAILED,UPI Failure,2,Approved,1,2026-08-13 17:10:38.959140
PAY004324,CUST9556,1013,Credit Card,Monthly,SUCCESS,,0,Approved,0,2026-04-26 07:42:38.959140
PAY004325,CUST2596,8846,UPI,Monthly,SUCCESS,,0,Approved,0,2026-08-20 12:46:38.959140
PAY004326,CUST7376,17849,UPI,Monthly,SUCCESS,,1,Approved,0,2026-08-22 17:16:38.959140
PAY004327,CUST5769,15882,Net Banking,Quarterly,SUCCESS,,3,Approved,0,2026-08-24 07:21:38.959140
PAY004328,CUST8916,18875,Net Banking,Monthly,SUCCESS,,0,Approved,0,2026-05-25 14:03:38.959140
PAY004329,CUST7114,7872,UPI,Quarterly,FAILED,Bank Timeout,3,Blocked,1,2026-05-17 11:19:38.959140
PAY004330,CUST7816,15918,Credit Card,Monthly,SUCCESS,,0,Approved,0,2026-07-03 16:10:38.959140
PAY004331,CUST9577,1468,Wallet,Quarterly,SUCCESS,,2,Approved,0,2026-06-17 02:59:38.959140
PAY004332,CUST9208,21620,Net Banking,Annual,SUCCESS,,2,Approved,0,2026-03-28 13:09:38.959140
PAY004333,CUST5872,7510,Debit Card,Quarterly,SUCCESS,,1,Approved,0,2026-05-19 06:35:38.959140
PAY004334,CUST2788,14169,Wallet,Annual,SUCCESS,,3,Approved,0,2026-05-03 03:26:38.959140
PAY004335,CUST4779,1311,Wallet,Annual,SUCCESS,,2,Approved,0,2026-07-18 11:53:38.959140
PAY004336,CUST8971,8296,UPI,Monthly,SUCCESS,,0,Approved,0,2026-06-20 13:49:38.959140
PAY004337,CUST8383,11118,UPI,Monthly,SUCCESS,,0,Approved,0,2026-07-16 04:09:38.959140
PAY004338,CUST2635,24261,Credit Card,Quarterly,SUCCESS,,2,Approved,0,2026-06-19 12:01:38.959140
PAY004339,CUST5542,4758,Credit Card,Monthly,FAILED,Insufficient Funds,3,Processing Error,1,2026-06-02 08:52:38.959140
PAY004340,CUST3269,8179,Debit Card,Monthly,FAILED,Network Error,0,Processing Error,1,2026-06-26 17:30:38.959140
PAY004341,CUST2852,211,Net Banking,Annual,SUCCESS,,1,Approved,0,2026-04-10 12:27:38.959140
PAY004342,CUST9356,24895,Net Banking,Quarterly,SUCCESS,,0,Approved,0,2026-06-17 23:58:38.959140
PAY004343,CUST7030,16954,Wallet,Monthly,FAILED,Network Error,0,Declined,1,2026-04-04 13:44:38.959140
PAY004344,CUST7688,9865,Debit Card,Quarterly,FAILED,Card Expired,1,Approved,0,2026-07-12 00:52:38.959140
PAY004345,CUST6103,10790,Debit Card,Quarterly,SUCCESS,,0,Approved,0,2026-06-05 04:27:38.959140
PAY004346,CUST1425,7231,Credit Card,Annual,SUCCESS,,2,Approved,0,2026-04-01 00:46:38.959140
PAY004347,CUST9897,1641,Credit Card,Monthly,SUCCESS,,0,Approved,0,2026-04-06 04:57:38.959140
PAY004348,CUST8900,10926,Wallet,Annual,SUCCESS,,2,Approved,0,2026-06-11 05:33:38.959140
PAY004349,CUST8434,7325,UPI,Quarterly,SUCCESS,,2,Approved,0,2026-08-03 21:33:38.959140
PAY004350,CUST1535,2767,Debit Card,Quarterly,FAILED,Insufficient Funds,3,Declined,1,2026-07-15 02:20:38.959140
PAY004351,CUST3122,1966,Debit Card,Annual,SUCCESS,,2,Approved,0,2026-03-23 05:17:38.959140
PAY004352,CUST5151,10911,Wallet,Monthly,SUCCESS,,0,Approved,0,2026-05-20 04:36:38.959140
PAY004353,CUST7310,20782,Wallet,Quarterly,FAILED,Network Error,2,Processing Error,1,2026-04-16 19:38:38.959140
PAY004354,CUST7614,18362,Net Banking,Quarterly,SUCCESS,,3,Approved,0,2026-07-26 21:02:38.959140
PAY004355,CUST4677,14372,Debit Card,Quarterly,FAILED,Invalid CVV,0,Timeout,0,2026-03-11 12:15:38.959140
PAY004356,CUST8740,21596,Credit Card,Monthly,FAILED,Network Error,3,Approved,1,2026-07-10 22:07:38.959140
PAY004357,CUST7884,5900,Net Banking,Quarterly,SUCCESS,,2,Approved,0,2026-06-23 09:55:38.959140
PAY004358,CUST1005,16478,Debit Card,Annual,FAILED,User Cancelled,2,Approved,0,2026-08-14 20:48:38.959140
PAY004359,CUST5972,17575,Net Banking,Annual,SUCCESS,,0,Approved,0,2026-06-24 14:20:38.959140
PAY004360,CUST6585,3935,Debit Card,Monthly,FAILED,Invalid CVV,0,Approved,0,2026-05-11 12:06:38.959140
PAY004361,CUST5897,15008,Net Banking,Quarterly,SUCCESS,,2,Approved,0,2026-08-05 15:30:38.959140
PAY004362,CUST8744,3545,Net Banking,Quarterly,FAILED,UPI Failure,0,Blocked,1,2026-03-19 03:02:38.959140
PAY004363,CUST6593,11962,Net Banking,Monthly,FAILED,User Cancelled,2,Processing Error,0,2026-07-10 10:17:38.959140
PAY004364,CUST7347,15038,Wallet,Monthly,SUCCESS,,1,Approved,0,2026-04-09 02:19:38.959140
PAY004365,CUST1405,11169,Credit Card,Annual,SUCCESS,,2,Approved,0,2026-08-28 12:27:38.959140
PAY004366,CUST7229,16727,Wallet,Quarterly,SUCCESS,,2,Approved,0,2026-07-12 13:16:38.959140
PAY004367,CUST3981,472,Net Banking,Monthly,SUCCESS,,3,Approved,0,2026-05-17 18:55:38.959140
PAY004368,CUST9976,4431,Net Banking,Monthly,SUCCESS,,3,Approved,0,2026-07-30 02:54:38.959140
PAY004369,CUST8474,14610,Net Banking,Annual,SUCCESS,,3,Approved,0,2026-08-18 21:19:38.959140
PAY004370,CUST7656,1438,Credit Card,Quarterly,SUCCESS,,1,Approved,0,2026-06-21 11:25:38.959140
PAY004371,CUST8275,15448,UPI,Annual,SUCCESS,,1,Approved,0,2026-08-16 21:08:38.959140
PAY004372,CUST3018,1906,Credit Card,Annual,FAILED,Network Error,3,Timeout,1,2026-07-26 00:37:38.959140
PAY004373,CUST1532,5747,Net Banking,Annual,SUCCESS,,1,Approved,0,2026-07-08 01:49:38.959140
PAY004374,CUST4798,21501,Credit Card,Annual,FAILED,Network Error,1,Declined,1,2026-05-01 02:59:38.959140
PAY004375,CUST4764,8024,Debit Card,Quarterly,FAILED,Bank Timeout,0,Declined,1,2026-07-31 05:09:38.959140
PAY004376,CUST7190,13243,Wallet,Quarterly,SUCCESS,,0,Approved,0,2026-08-08 17:18:38.959140
PAY004377,CUST6632,22382,Credit Card,Monthly,SUCCESS,,0,Approved,0,2026-05-21 09:44:38.959140
PAY004378,CUST3303,17717,Wallet,Quarterly,SUCCESS,,3,Approved,0,2026-05-07 14:57:38.959140
PAY004379,CUST8903,16674,UPI,Monthly,SUCCESS,,2,Approved,0,2026-04-22 22:28:38.959140
PAY004380,CUST9711,8779,Net Banking,Quarterly,FAILED,User Cancelled,2,Timeout,0,2026-06-14 11:28:38.959140
PAY004381,CUST3731,3914,Debit Card,Quarterly,SUCCESS,,0,Approved,0,2026-04-25 09:23:38.959140
PAY004382,CUST7720,4790,Debit Card,Monthly,FAILED,Network Error,0,Processing Error,1,2026-05-07 18:44:38.959140
PAY004383,CUST7951,1077,Wallet,Annual,SUCCESS,,3,Approved,0,2026-06-19 05:22:38.959140
PAY004384,CUST3956,14734,UPI,Monthly,SUCCESS,,3,Approved,0,2026-03-14 19:00:38.959140
PAY004385,CUST5081,4360,UPI,Quarterly,SUCCESS,,1,Approved,0,2026-04-01 01:45:38.959140
PAY004386,CUST7574,3147,Net Banking,Monthly,SUCCESS,,2,Approved,0,2026-06-19 18:42:38.959140
PAY004387,CUST9593,18995,Net Banking,Monthly,FAILED,UPI Failure,1,Blocked,1,2026-06-16 02:17:38.959140
PAY004388,CUST3580,17118,Debit Card,Annual,FAILED,Card Expired,3,Timeout,0,2026-04-15 18:04:38.959140
PAY004389,CUST2853,13491,Net Banking,Annual,SUCCESS,,1,Approved,0,2026-06-22 17:01:38.959140
PAY004390,CUST7997,10247,UPI,Monthly,SUCCESS,,2,Approved,0,2026-03-30 17:02:38.959140
PAY004391,CUST1073,6087,UPI,Quarterly,SUCCESS,,0,Approved,0,2026-06-03 13:05:38.959140
PAY004392,CUST8989,1453,Debit Card,Quarterly,SUCCESS,,1,Approved,0,2026-06-13 18:02:38.959140
PAY004393,CUST3608,5016,UPI,Monthly,SUCCESS,,0,Approved,0,2026-04-05 14:05:38.959140
PAY004394,CUST7005,16125,Debit Card,Monthly,SUCCESS,,2,Approved,0,2026-05-02 23:16:38.959140
PAY004395,CUST3252,17460,UPI,Monthly,SUCCESS,,3,Approved,0,2026-06-30 13:55:38.959140
PAY004396,CUST6235,8915,UPI,Monthly,FAILED,Bank Timeout,3,Processing Error,1,2026-05-24 08:37:38.959140
PAY004397,CUST5518,13394,Credit Card,Monthly,SUCCESS,,3,Approved,0,2026-04-24 20:00:38.959140
PAY004398,CUST8885,23734,Wallet,Quarterly,SUCCESS,,3,Approved,0,2026-03-19 21:17:38.959140
PAY004399,CUST1219,17887,Wallet,Quarterly,SUCCESS,,1,Approved,0,2026-04-15 12:18:38.959140
PAY004400,CUST4897,16267,Wallet,Monthly,SUCCESS,,1,Approved,0,2026-08-21 00:30:38.959140
PAY004401,CUST1802,23273,UPI,Quarterly,SUCCESS,,0,Approved,0,2026-05-26 09:31:38.959140
PAY004402,CUST3204,19576,Net Banking,Quarterly,SUCCESS,,1,Approved,0,2026-04-20 12:16:38.959140
PAY004403,CUST2633,24397,Wallet,Annual,SUCCESS,,2,Approved,0,2026-06-08 20:29:38.959140
PAY004404,CUST2750,3233,Wallet,Quarterly,SUCCESS,,2,Approved,0,2026-03-17 20:42:38.959140
PAY004405,CUST3115,15938,Debit Card,Monthly,SUCCESS,,1,Approved,0,2026-03-14 20:17:38.959140
PAY004406,CUST3535,1613,Wallet,Annual,SUCCESS,,0,Approved,0,2026-08-11 05:53:38.959140
PAY004407,CUST3447,4238,Wallet,Quarterly,SUCCESS,,1,Approved,0,2026-04-20 02:19:38.959140
PAY004408,CUST6578,8902,Wallet,Monthly,FAILED,UPI Failure,1,Blocked,1,2026-07-25 01:17:38.959140
PAY004409,CUST7094,3478,Debit Card,Monthly,SUCCESS,,2,Approved,0,2026-06-15 06:58:38.959140
PAY004410,CUST5627,7013,Wallet,Monthly,SUCCESS,,3,Approved,0,2026-03-24 23:05:38.959140
PAY004411,CUST2813,15390,Debit Card,Monthly,FAILED,UPI Failure,2,Timeout,1,2026-08-07 23:41:38.959140
PAY004412,CUST7750,15426,Credit Card,Quarterly,SUCCESS,,1,Approved,0,2026-06-23 21:37:38.959140
PAY004413,CUST9936,19802,Credit Card,Annual,SUCCESS,,0,Approved,0,2026-06-11 22:36:38.959140
PAY004414,CUST8365,9941,Credit Card,Annual,SUCCESS,,3,Approved,0,2026-07-20 06:14:38.959140
PAY004415,CUST5225,15207,Debit Card,Monthly,SUCCESS,,3,Approved,0,2026-04-10 02:03:38.959140
PAY004416,CUST5985,6572,Wallet,Quarterly,SUCCESS,,2,Approved,0,2026-08-13 08:18:38.959140
PAY004417,CUST8807,5498,UPI,Quarterly,SUCCESS,,3,Approved,0,2026-05-14 16:24:38.959140
PAY004418,CUST1768,24762,Credit Card,Quarterly,FAILED,Insufficient Funds,2,Declined,1,2026-04-19 08:39:38.959140
PAY004419,CUST5800,21308,Net Banking,Annual,FAILED,Fraud Suspected,0,Declined,0,2026-07-04 10:31:38.959140
PAY004420,CUST5703,1755,UPI,Annual,FAILED,Insufficient Funds,0,Blocked,1,2026-07-19 01:18:38.959140
PAY004421,CUST4736,23003,Net Banking,Quarterly,SUCCESS,,2,Approved,0,2026-06-05 17:10:38.959140
PAY004422,CUST3267,5597,Credit Card,Quarterly,SUCCESS,,3,Approved,0,2026-05-18 07:58:38.959140
PAY004423,CUST7759,5138,Wallet,Monthly,SUCCESS,,0,Approved,0,2026-04-19 00:01:38.959140
PAY004424,CUST1960,2868,UPI,Annual,SUCCESS,,2,Approved,0,2026-08-24 19:40:38.959140
PAY004425,CUST2862,15393,Net Banking,Monthly,SUCCESS,,1,Approved,0,2026-03-29 14:17:38.959140
PAY004426,CUST9050,13075,Debit Card,Quarterly,FAILED,Card Expired,2,Timeout,0,2026-08-22 17:23:38.959140
PAY004427,CUST2077,516,Wallet,Quarterly,SUCCESS,,0,Approved,0,2026-07-03 05:48:38.959140
PAY004428,CUST6406,20099,Wallet,Annual,SUCCESS,,1,Approved,0,2026-04-18 09:11:38.959140
PAY004429,CUST3587,9041,Wallet,Annual,FAILED,Fraud Suspected,3,Declined,0,2026-08-02 15:24:38.959140
PAY004430,CUST7836,21312,Net Banking,Annual,SUCCESS,,2,Approved,0,2026-06-30 00:34:38.959140
PAY004431,CUST5082,15718,Wallet,Monthly,SUCCESS,,0,Approved,0,2026-05-13 01:07:38.959140
PAY004432,CUST8618,5543,Credit Card,Quarterly,FAILED,Bank Timeout,3,Timeout,1,2026-07-27 19:41:38.959140
PAY004433,CUST1260,1498,Wallet,Monthly,SUCCESS,,1,Approved,0,2026-04-04 21:06:38.959140
PAY004434,CUST5925,20944,Net Banking,Quarterly,SUCCESS,,0,Approved,0,2026-05-27 12:05:38.959140
PAY004435,CUST3386,21231,Net Banking,Annual,SUCCESS,,2,Approved,0,2026-05-03 14:47:38.959140
PAY004436,CUST5256,24266,UPI,Annual,SUCCESS,,2,Approved,0,2026-05-06 17:01:38.959140
PAY004437,CUST9072,5867,Wallet,Monthly,FAILED,Invalid CVV,1,Blocked,0,2026-04-01 13:06:38.959140
PAY004438,CUST8092,24672,Net Banking,Quarterly,SUCCESS,,0,Approved,0,2026-07-21 13:13:38.959140
PAY004439,CUST4787,8869,Wallet,Quarterly,FAILED,Network Error,1,Timeout,1,2026-07-01 00:40:38.959140
PAY004440,CUST4473,9181,Wallet,Monthly,SUCCESS,,2,Approved,0,2026-08-12 04:58:38.959140
PAY004441,CUST4644,22672,Debit Card,Quarterly,FAILED,UPI Failure,2,Blocked,1,2026-04-10 13:42:38.959140
PAY004442,CUST4626,16841,Credit Card,Monthly,SUCCESS,,0,Approved,0,2026-08-19 04:09:38.959140
PAY004443,CUST1826,7715,Credit Card,Monthly,FAILED,Network Error,2,Declined,1,2026-05-10 18:24:38.959140
PAY004444,CUST5802,3423,Net Banking,Quarterly,SUCCESS,,1,Approved,0,2026-04-06 13:38:38.959140
PAY004445,CUST8514,18778,Credit Card,Monthly,SUCCESS,,2,Approved,0,2026-04-13 13:11:38.959140
PAY004446,CUST2189,11464,Net Banking,Monthly,SUCCESS,,0,Approved,0,2026-05-07 19:40:38.959140
PAY004447,CUST1464,4426,Net Banking,Annual,SUCCESS,,2,Approved,0,2026-03-27 05:57:38.959140
PAY004448,CUST9169,11780,UPI,Annual,SUCCESS,,2,Approved,0,2026-06-15 01:43:38.959140
PAY004449,CUST5901,8840,Debit Card,Quarterly,FAILED,Bank Timeout,0,Declined,1,2026-04-28 13:39:38.959140
PAY004450,CUST7099,2677,UPI,Monthly,SUCCESS,,1,Approved,0,2026-05-16 09:37:38.959140
PAY004451,CUST8967,16833,Wallet,Monthly,SUCCESS,,0,Approved,0,2026-08-28 04:11:38.959140
PAY004452,CUST1349,8273,Debit Card,Annual,SUCCESS,,2,Approved,0,2026-08-21 06:19:38.959140
PAY004453,CUST5160,23994,UPI,Annual,SUCCESS,,2,Approved,0,2026-06-29 01:46:38.959140
PAY004454,CUST9146,15514,Debit Card,Quarterly,SUCCESS,,0,Approved,0,2026-05-09 10:55:38.959140
PAY004455,CUST4778,4072,Credit Card,Annual,SUCCESS,,3,Approved,0,2026-05-27 11:43:38.959140
PAY004456,CUST5030,4406,UPI,Quarterly,SUCCESS,,2,Approved,0,2026-05-23 08:42:38.959140
PAY004457,CUST2219,13550,Wallet,Annual,SUCCESS,,1,Approved,0,2026-08-10 16:44:38.959140
PAY004458,CUST6176,23564,Credit Card,Monthly,SUCCESS,,3,Approved,0,2026-04-22 00:39:38.959140
PAY004459,CUST1680,124,Debit Card,Monthly,FAILED,Card Expired,3,Timeout,0,2026-05-28 03:21:38.959140
PAY004460,CUST6873,19992,Net Banking,Annual,SUCCESS,,3,Approved,0,2026-06-09 00:01:38.959140
PAY004461,CUST4535,2633,Net Banking,Monthly,SUCCESS,,2,Approved,0,2026-04-13 08:41:38.959140
PAY004462,CUST1723,16652,UPI,Quarterly,FAILED,Insufficient Funds,0,Approved,1,2026-07-23 10:53:38.959140
PAY004463,CUST3437,13782,Net Banking,Annual,FAILED,Insufficient Funds,0,Declined,1,2026-08-11 11:06:38.959140
PAY004464,CUST4393,18359,UPI,Quarterly,SUCCESS,,0,Approved,0,2026-06-15 17:33:38.959140
PAY004465,CUST9568,12902,UPI,Quarterly,FAILED,Network Error,0,Blocked,1,2026-05-19 01:08:38.959140
PAY004466,CUST1749,15602,Debit Card,Annual,FAILED,User Cancelled,2,Processing Error,0,2026-03-25 22:18:38.959140
PAY004467,CUST7557,19471,Wallet,Annual,SUCCESS,,3,Approved,0,2026-05-09 14:48:38.959140
PAY004468,CUST8850,12557,Credit Card,Annual,FAILED,Insufficient Funds,3,Approved,1,2026-04-10 20:36:38.959140
PAY004469,CUST5757,157,Net Banking,Monthly,SUCCESS,,0,Approved,0,2026-07-10 08:37:38.959140
PAY004470,CUST7880,15110,Debit Card,Monthly,SUCCESS,,1,Approved,0,2026-05-12 19:51:38.959140
PAY004471,CUST4636,7415,UPI,Quarterly,SUCCESS,,0,Approved,0,2026-06-14 21:59:38.959140
PAY004472,CUST5182,17152,Debit Card,Quarterly,SUCCESS,,2,Approved,0,2026-03-28 14:17:38.959140
PAY004473,CUST2301,6797,Debit Card,Quarterly,SUCCESS,,3,Approved,0,2026-06-01 19:20:38.959140
PAY004474,CUST8123,18589,Net Banking,Annual,SUCCESS,,0,Approved,0,2026-08-28 14:50:38.959140
PAY004475,CUST2120,13791,Wallet,Quarterly,SUCCESS,,3,Approved,0,2026-05-16 15:02:38.959140
PAY004476,CUST8063,3407,UPI,Quarterly,FAILED,Fraud Suspected,0,Timeout,0,2026-05-26 04:01:38.959140
PAY004477,CUST5975,12073,Credit Card,Monthly,SUCCESS,,3,Approved,0,2026-04-16 12:37:38.959140
PAY004478,CUST3401,20605,UPI,Annual,SUCCESS,,3,Approved,0,2026-04-16 22:35:38.959140
PAY004479,CUST6427,11551,Credit Card,Monthly,SUCCESS,,2,Approved,0,2026-05-26 19:28:38.959140
PAY004480,CUST4277,23151,UPI,Quarterly,FAILED,Network Error,3,Approved,1,2026-06-05 13:36:38.959140
PAY004481,CUST3635,18357,Net Banking,Monthly,SUCCESS,,3,Approved,0,2026-03-29 12:15:38.959140
PAY004482,CUST3518,18039,UPI,Monthly,SUCCESS,,3,Approved,0,2026-07-10 08:54:38.959140
PAY004483,CUST7143,21882,Debit Card,Quarterly,SUCCESS,,0,Approved,0,2026-04-04 00:19:38.959140
PAY004484,CUST5846,21666,Wallet,Monthly,SUCCESS,,0,Approved,0,2026-05-11 01:53:38.959140
PAY004485,CUST4420,24490,Wallet,Quarterly,SUCCESS,,0,Approved,0,2026-07-09 00:11:38.959140
PAY004486,CUST9355,15114,Net Banking,Monthly,SUCCESS,,1,Approved,0,2026-06-12 13:01:38.959140
PAY004487,CUST1216,3290,Credit Card,Quarterly,SUCCESS,,3,Approved,0,2026-04-17 20:38:38.959140
PAY004488,CUST1490,7300,Wallet,Monthly,SUCCESS,,0,Approved,0,2026-03-14 19:22:38.959140
PAY004489,CUST6033,10351,Wallet,Monthly,SUCCESS,,1,Approved,0,2026-06-29 18:35:38.959140
PAY004490,CUST7762,16211,Debit Card,Quarterly,FAILED,UPI Failure,2,Blocked,1,2026-03-29 03:54:38.959140
PAY004491,CUST9135,12796,Credit Card,Quarterly,SUCCESS,,1,Approved,0,2026-06-11 00:07:38.959140
PAY004492,CUST3380,19944,Debit Card,Monthly,SUCCESS,,3,Approved,0,2026-04-07 08:08:38.959140
PAY004493,CUST1068,10824,Credit Card,Monthly,SUCCESS,,3,Approved,0,2026-03-19 22:31:38.959140
PAY004494,CUST5701,4347,UPI,Quarterly,SUCCESS,,1,Approved,0,2026-08-20 00:42:38.959140
PAY004495,CUST2672,15437,Credit Card,Quarterly,SUCCESS,,3,Approved,0,2026-08-12 02:33:38.959140
PAY004496,CUST5299,12189,UPI,Annual,SUCCESS,,0,Approved,0,2026-08-07 04:22:38.959140
PAY004497,CUST7595,5538,Net Banking,Monthly,FAILED,Card Expired,0,Processing Error,0,2026-05-10 02:47:38.959140
PAY004498,CUST3082,3859,Net Banking,Annual,SUCCESS,,1,Approved,0,2026-04-18 09:32:38.959140
PAY004499,CUST1551,9123,Wallet,Annual,SUCCESS,,3,Approved,0,2026-07-03 09:05:38.959140
PAY004500,CUST6347,6446,Credit Card,Quarterly,SUCCESS,,3,Approved,0,2026-03-24 21:25:38.959140
PAY004501,CUST5963,10681,Credit Card,Monthly,SUCCESS,,2,Approved,0,2026-05-03 21:57:38.959140
PAY004502,CUST9793,8603,Wallet,Quarterly,SUCCESS,,1,Approved,0,2026-04-24 12:08:38.959140
PAY004503,CUST8561,2409,Credit Card,Quarterly,SUCCESS,,1,Approved,0,2026-08-14 20:55:38.959140
PAY004504,CUST2207,12124,UPI,Annual,SUCCESS,,0,Approved,0,2026-04-20 00:13:38.959140
PAY004505,CUST7236,5096,Wallet,Monthly,SUCCESS,,3,Approved,0,2026-07-11 10:00:38.959140
PAY004506,CUST7278,4081,UPI,Monthly,FAILED,Invalid CVV,1,Approved,0,2026-07-09 16:28:38.959140
PAY004507,CUST2670,3130,Wallet,Annual,SUCCESS,,0,Approved,0,2026-08-08 01:08:38.959140
PAY004508,CUST3343,10431,Debit Card,Annual,SUCCESS,,3,Approved,0,2026-07-07 13:06:38.959140
PAY004509,CUST2038,18455,UPI,Monthly,SUCCESS,,1,Approved,0,2026-05-01 11:55:38.959140
PAY004510,CUST2142,9303,Wallet,Monthly,SUCCESS,,0,Approved,0,2026-04-14 20:19:38.959140
PAY004511,CUST1159,18526,Debit Card,Monthly,SUCCESS,,0,Approved,0,2026-05-05 14:36:38.959140
PAY004512,CUST2897,7683,Net Banking,Annual,SUCCESS,,1,Approved,0,2026-05-06 02:53:38.959140
PAY004513,CUST1631,10247,Wallet,Quarterly,SUCCESS,,2,Approved,0,2026-05-30 19:13:38.959140
PAY004514,CUST1782,18859,Net Banking,Quarterly,SUCCESS,,2,Approved,0,2026-08-01 01:12:38.959140
PAY004515,CUST4484,21744,UPI,Monthly,SUCCESS,,3,Approved,0,2026-06-13 15:50:38.959140
PAY004516,CUST7385,8706,Debit Card,Quarterly,SUCCESS,,2,Approved,0,2026-07-26 16:30:38.959140
PAY004517,CUST8739,5095,Wallet,Quarterly,SUCCESS,,3,Approved,0,2026-05-08 12:49:38.959140
PAY004518,CUST8368,15008,Debit Card,Quarterly,FAILED,Network Error,2,Declined,1,2026-03-14 18:36:38.959140
PAY004519,CUST4762,19124,Credit Card,Annual,SUCCESS,,3,Approved,0,2026-03-10 11:26:38.959140
PAY004520,CUST5733,7594,UPI,Monthly,SUCCESS,,3,Approved,0,2026-07-23 22:23:38.959140
PAY004521,CUST1277,13354,Credit Card,Monthly,FAILED,Insufficient Funds,2,Processing Error,1,2026-03-22 16:35:38.959140
PAY004522,CUST2070,14874,Wallet,Monthly,SUCCESS,,2,Approved,0,2026-04-21 08:28:38.959140
PAY004523,CUST1593,13094,UPI,Monthly,SUCCESS,,1,Approved,0,2026-03-25 17:54:38.959140
PAY004524,CUST7668,19843,UPI,Monthly,FAILED,User Cancelled,3,Timeout,0,2026-07-05 00:56:38.959140
PAY004525,CUST5728,13080,UPI,Monthly,SUCCESS,,0,Approved,0,2026-05-19 12:36:38.959140
PAY004526,CUST5920,9621,Wallet,Quarterly,SUCCESS,,3,Approved,0,2026-06-02 05:57:38.959140
PAY004527,CUST2136,20944,Net Banking,Monthly,FAILED,Fraud Suspected,2,Blocked,0,2026-06-10 10:03:38.959140
PAY004528,CUST1877,8174,Net Banking,Quarterly,FAILED,Card Expired,3,Approved,0,2026-08-03 21:58:38.959140
PAY004529,CUST4635,2452,Net Banking,Quarterly,SUCCESS,,3,Approved,0,2026-06-06 07:51:38.959140
PAY004530,CUST4309,10255,UPI,Quarterly,SUCCESS,,1,Approved,0,2026-08-04 01:34:38.959140
PAY004531,CUST2746,3724,Wallet,Annual,SUCCESS,,0,Approved,0,2026-05-29 07:53:38.959140
PAY004532,CUST2520,1805,Debit Card,Quarterly,FAILED,Insufficient Funds,0,Declined,1,2026-04-29 09:58:38.959140
PAY004533,CUST7928,11786,Net Banking,Quarterly,SUCCESS,,2,Approved,0,2026-08-11 09:28:38.959140
PAY004534,CUST7670,7743,Debit Card,Quarterly,SUCCESS,,2,Approved,0,2026-07-08 14:30:38.959140
PAY004535,CUST4836,7596,Debit Card,Monthly,FAILED,Insufficient Funds,0,Declined,1,2026-06-05 04:34:38.959140
PAY004536,CUST7622,24908,Debit Card,Monthly,FAILED,Bank Timeout,0,Processing Error,1,2026-05-05 10:31:38.959140
PAY004537,CUST8825,23614,Net Banking,Monthly,SUCCESS,,0,Approved,0,2026-07-22 11:01:38.959140
PAY004538,CUST5971,14989,Net Banking,Annual,SUCCESS,,1,Approved,0,2026-06-21 04:32:38.959140
PAY004539,CUST6717,9046,Wallet,Quarterly,FAILED,Bank Timeout,3,Declined,1,2026-07-18 10:43:38.959140
PAY004540,CUST7357,21766,Wallet,Quarterly,FAILED,Bank Timeout,1,Processing Error,1,2026-08-08 21:59:38.959140
PAY004541,CUST4955,8644,Debit Card,Annual,SUCCESS,,0,Approved,0,2026-08-25 06:19:38.959140
PAY004542,CUST7398,4174,Net Banking,Monthly,SUCCESS,,3,Approved,0,2026-08-23 19:27:38.959140
PAY004543,CUST2659,12068,Net Banking,Monthly,SUCCESS,,2,Approved,0,2026-06-19 14:28:38.959140
PAY004544,CUST3232,15254,Debit Card,Monthly,FAILED,Card Expired,1,Processing Error,0,2026-03-31 08:42:38.959140
PAY004545,CUST7078,19348,Debit Card,Quarterly,SUCCESS,,1,Approved,0,2026-08-26 21:57:38.959140
PAY004546,CUST2665,6935,Debit Card,Annual,SUCCESS,,3,Approved,0,2026-03-12 15:17:38.959140
PAY004547,CUST4781,21263,Wallet,Annual,FAILED,UPI Failure,2,Approved,1,2026-05-14 10:48:38.959140
PAY004548,CUST2622,21772,Wallet,Quarterly,SUCCESS,,1,Approved,0,2026-06-04 08:26:38.959140
PAY004549,CUST6278,24588,Credit Card,Annual,SUCCESS,,1,Approved,0,2026-05-14 17:20:38.959140
PAY004550,CUST3844,21347,Net Banking,Monthly,FAILED,Insufficient Funds,0,Blocked,1,2026-05-08 17:49:38.959140
PAY004551,CUST2820,21949,UPI,Monthly,SUCCESS,,0,Approved,0,2026-07-30 11:35:38.959140
PAY004552,CUST8531,13996,Credit Card,Annual,FAILED,Card Expired,0,Blocked,0,2026-05-24 09:36:38.959140
PAY004553,CUST2437,8368,Credit Card,Monthly,SUCCESS,,0,Approved,0,2026-04-04 03:54:38.959140
PAY004554,CUST4165,24342,Wallet,Quarterly,SUCCESS,,1,Approved,0,2026-07-07 01:37:38.959140
PAY004555,CUST7633,12402,Net Banking,Monthly,SUCCESS,,0,Approved,0,2026-07-26 21:54:38.959140
PAY004556,CUST5320,7244,Debit Card,Annual,SUCCESS,,0,Approved,0,2026-03-20 23:19:38.959140
PAY004557,CUST5014,22258,Net Banking,Quarterly,SUCCESS,,3,Approved,0,2026-08-29 12:06:38.959140
PAY004558,CUST2176,23843,Wallet,Annual,FAILED,Bank Timeout,3,Declined,1,2026-03-22 13:58:38.959140
PAY004559,CUST4495,4676,UPI,Annual,SUCCESS,,0,Approved,0,2026-05-23 13:26:38.959140
PAY004560,CUST8875,13128,Net Banking,Monthly,SUCCESS,,2,Approved,0,2026-03-31 22:21:38.959140
PAY004561,CUST1476,20656,Credit Card,Monthly,SUCCESS,,1,Approved,0,2026-08-07 14:52:38.959140
PAY004562,CUST4911,3912,Net Banking,Annual,SUCCESS,,3,Approved,0,2026-06-28 09:39:38.959140
PAY004563,CUST8576,20601,Net Banking,Quarterly,SUCCESS,,0,Approved,0,2026-05-24 03:16:38.959140
PAY004564,CUST2109,8088,Wallet,Annual,SUCCESS,,1,Approved,0,2026-04-19 19:42:38.959140
PAY004565,CUST9743,5986,Credit Card,Annual,SUCCESS,,2,Approved,0,2026-04-04 06:31:38.959140
PAY004566,CUST4938,14982,Net Banking,Annual,FAILED,Invalid CVV,0,Blocked,0,2026-04-10 14:58:38.959140
PAY004567,CUST3710,20566,Credit Card,Quarterly,SUCCESS,,2,Approved,0,2026-08-10 17:58:38.959140
PAY004568,CUST5214,20248,Debit Card,Quarterly,SUCCESS,,3,Approved,0,2026-07-26 10:45:38.959140
PAY004569,CUST8032,9222,Wallet,Quarterly,SUCCESS,,1,Approved,0,2026-08-02 16:45:38.959140
PAY004570,CUST4646,3904,Credit Card,Monthly,SUCCESS,,0,Approved,0,2026-05-05 01:45:38.959140
PAY004571,CUST9186,895,Net Banking,Monthly,SUCCESS,,0,Approved,0,2026-05-07 03:24:38.959140
PAY004572,CUST3734,10495,Net Banking,Annual,FAILED,Insufficient Funds,2,Processing Error,1,2026-06-25 21:43:38.959140
PAY004573,CUST6838,20079,Wallet,Monthly,SUCCESS,,0,Approved,0,2026-04-10 01:32:38.959140
PAY004574,CUST4856,617,Net Banking,Monthly,SUCCESS,,2,Approved,0,2026-05-19 19:55:38.959140
PAY004575,CUST1368,5950,Credit Card,Monthly,SUCCESS,,3,Approved,0,2026-05-20 18:11:38.959140
PAY004576,CUST9768,16768,UPI,Monthly,SUCCESS,,2,Approved,0,2026-03-22 23:49:38.959140
PAY004577,CUST4725,11394,Net Banking,Annual,SUCCESS,,3,Approved,0,2026-06-03 01:44:38.959140
PAY004578,CUST6174,11862,Debit Card,Monthly,SUCCESS,,3,Approved,0,2026-08-12 00:48:38.959140
PAY004579,CUST8396,21185,Debit Card,Annual,SUCCESS,,1,Approved,0,2026-04-25 04:42:38.959140
PAY004580,CUST4548,2208,Net Banking,Quarterly,SUCCESS,,3,Approved,0,2026-07-10 18:09:38.959140
PAY004581,CUST6818,23380,Net Banking,Annual,SUCCESS,,3,Approved,0,2026-04-05 19:40:38.959140
PAY004582,CUST3626,14224,Debit Card,Annual,SUCCESS,,0,Approved,0,2026-03-28 15:02:38.959140
PAY004583,CUST1501,5353,UPI,Annual,SUCCESS,,1,Approved,0,2026-04-16 15:58:38.959140
PAY004584,CUST9325,13138,Credit Card,Annual,SUCCESS,,1,Approved,0,2026-03-15 15:21:38.959140
PAY004585,CUST8640,20686,Credit Card,Monthly,FAILED,Bank Timeout,2,Blocked,1,2026-07-03 20:29:38.959140
PAY004586,CUST3814,1387,Net Banking,Monthly,FAILED,Network Error,3,Approved,1,2026-07-12 03:05:38.959140
PAY004587,CUST6716,11670,Credit Card,Monthly,SUCCESS,,2,Approved,0,2026-06-16 23:21:38.959140
PAY004588,CUST8359,4481,UPI,Annual,SUCCESS,,0,Approved,0,2026-03-21 11:05:38.959140
PAY004589,CUST2136,17950,Net Banking,Annual,SUCCESS,,3,Approved,0,2026-04-24 22:17:38.959140
PAY004590,CUST4429,16157,Net Banking,Quarterly,SUCCESS,,3,Approved,0,2026-07-26 12:36:38.959140
PAY004591,CUST6439,20569,UPI,Annual,SUCCESS,,2,Approved,0,2026-05-13 03:37:38.959140
PAY004592,CUST2323,699,UPI,Annual,SUCCESS,,2,Approved,0,2026-08-17 21:51:38.959140
PAY004593,CUST3111,10046,Credit Card,Quarterly,SUCCESS,,2,Approved,0,2026-07-17 01:17:38.959140
PAY004594,CUST1175,6914,Net Banking,Monthly,FAILED,Network Error,0,Processing Error,1,2026-03-12 03:26:38.959140
PAY004595,CUST9666,10658,Credit Card,Monthly,SUCCESS,,0,Approved,0,2026-04-06 18:03:38.959140
PAY004596,CUST3332,6338,Debit Card,Monthly,SUCCESS,,2,Approved,0,2026-07-12 02:26:38.959140
PAY004597,CUST3319,10941,Wallet,Monthly,FAILED,Card Expired,1,Processing Error,0,2026-06-22 08:27:38.959140
PAY004598,CUST3031,3764,Net Banking,Quarterly,FAILED,Invalid CVV,3,Declined,0,2026-07-16 22:55:38.959140
PAY004599,CUST6006,18388,UPI,Monthly,SUCCESS,,3,Approved,0,2026-07-20 03:02:38.959140
PAY004600,CUST5562,146,Debit Card,Monthly,SUCCESS,,2,Approved,0,2026-05-16 20:27:38.959140
PAY004601,CUST8607,12863,UPI,Monthly,FAILED,Invalid CVV,0,Timeout,0,2026-05-28 03:41:38.959140
PAY004602,CUST6427,9516,Wallet,Monthly,SUCCESS,,2,Approved,0,2026-07-31 09:27:38.959140
PAY004603,CUST7671,23982,Debit Card,Monthly,SUCCESS,,0,Approved,0,2026-06-06 23:12:38.959140
PAY004604,CUST1058,13628,Wallet,Monthly,SUCCESS,,1,Approved,0,2026-06-11 16:28:38.959140
PAY004605,CUST6207,3998,UPI,Annual,SUCCESS,,2,Approved,0,2026-03-10 21:45:38.959140
PAY004606,CUST4197,13466,UPI,Quarterly,SUCCESS,,3,Approved,0,2026-03-27 18:31:38.959140
PAY004607,CUST3664,23310,Credit Card,Annual,FAILED,Bank Timeout,2,Declined,1,2026-05-16 14:36:38.959140
PAY004608,CUST8291,18209,Debit Card,Monthly,FAILED,Network Error,0,Processing Error,1,2026-05-07 20:27:38.959140
PAY004609,CUST6014,8979,Net Banking,Quarterly,SUCCESS,,0,Approved,0,2026-07-15 03:07:38.959140
PAY004610,CUST6965,11235,UPI,Monthly,SUCCESS,,1,Approved,0,2026-06-26 06:23:38.959140
PAY004611,CUST6318,10899,Debit Card,Annual,SUCCESS,,1,Approved,0,2026-08-05 13:04:38.959140
PAY004612,CUST9901,6048,Wallet,Annual,SUCCESS,,3,Approved,0,2026-05-29 20:52:38.959140
PAY004613,CUST8293,1422,Debit Card,Annual,SUCCESS,,1,Approved,0,2026-03-24 19:29:38.959140
PAY004614,CUST6877,7896,Wallet,Annual,SUCCESS,,0,Approved,0,2026-04-25 04:09:38.959140
PAY004615,CUST9905,24977,Net Banking,Monthly,SUCCESS,,3,Approved,0,2026-03-31 05:36:38.959140
PAY004616,CUST6381,10240,Debit Card,Annual,FAILED,Network Error,1,Timeout,1,2026-04-11 05:19:38.959140
PAY004617,CUST6340,19637,Debit Card,Annual,SUCCESS,,1,Approved,0,2026-03-18 00:41:38.959140
PAY004618,CUST2446,10623,UPI,Annual,SUCCESS,,3,Approved,0,2026-06-08 01:57:38.959140
PAY004619,CUST6004,14818,Debit Card,Quarterly,SUCCESS,,1,Approved,0,2026-03-13 03:16:38.959140
PAY004620,CUST5097,4778,Debit Card,Annual,SUCCESS,,3,Approved,0,2026-08-15 22:00:38.959140
PAY004621,CUST6843,12847,Wallet,Annual,SUCCESS,,0,Approved,0,2026-06-17 20:00:38.959140
PAY004622,CUST6711,1376,Credit Card,Monthly,SUCCESS,,0,Approved,0,2026-08-16 16:07:38.959140
PAY004623,CUST9547,6819,Wallet,Quarterly,SUCCESS,,1,Approved,0,2026-05-17 18:44:38.959140
PAY004624,CUST8512,16942,Net Banking,Annual,SUCCESS,,1,Approved,0,2026-04-28 08:54:38.959140
PAY004625,CUST9123,4355,Debit Card,Quarterly,SUCCESS,,1,Approved,0,2026-03-11 01:57:38.959140
PAY004626,CUST8850,24362,Wallet,Annual,FAILED,Network Error,0,Blocked,1,2026-07-23 21:59:38.959140
PAY004627,CUST7454,3543,UPI,Monthly,SUCCESS,,2,Approved,0,2026-07-14 11:48:38.959140
PAY004628,CUST9863,22275,Wallet,Annual,SUCCESS,,3,Approved,0,2026-07-24 00:01:38.959140
PAY004629,CUST9390,4867,Net Banking,Annual,SUCCESS,,2,Approved,0,2026-07-21 09:36:38.959140
PAY004630,CUST4847,17993,Wallet,Quarterly,SUCCESS,,2,Approved,0,2026-07-29 01:22:38.959140
PAY004631,CUST1140,8052,UPI,Quarterly,SUCCESS,,0,Approved,0,2026-07-17 08:58:38.959140
PAY004632,CUST5869,19346,Debit Card,Quarterly,SUCCESS,,2,Approved,0,2026-06-29 20:17:38.959140
PAY004633,CUST6074,21154,Debit Card,Monthly,SUCCESS,,2,Approved,0,2026-08-15 02:20:38.959140
PAY004634,CUST3219,1515,Net Banking,Annual,FAILED,Bank Timeout,3,Processing Error,1,2026-05-22 03:55:38.959140
PAY004635,CUST8404,11350,Debit Card,Annual,FAILED,Network Error,2,Timeout,1,2026-07-06 21:26:38.959140
PAY004636,CUST5245,12911,Credit Card,Quarterly,SUCCESS,,0,Approved,0,2026-08-27 07:39:38.959140
PAY004637,CUST9449,16987,Debit Card,Annual,SUCCESS,,1,Approved,0,2026-08-24 10:42:38.959140
PAY004638,CUST8031,18701,Debit Card,Annual,SUCCESS,,0,Approved,0,2026-06-01 22:00:38.959140
PAY004639,CUST7826,14859,Wallet,Monthly,FAILED,UPI Failure,1,Timeout,1,2026-08-24 15:13:38.959140
PAY004640,CUST4573,17343,Debit Card,Annual,SUCCESS,,2,Approved,0,2026-08-06 18:31:38.959140
PAY004641,CUST8255,22821,UPI,Annual,SUCCESS,,1,Approved,0,2026-03-20 03:20:38.959140
PAY004642,CUST1418,15358,UPI,Quarterly,FAILED,Network Error,3,Timeout,1,2026-03-26 21:34:38.959140
PAY004643,CUST3567,7239,Credit Card,Monthly,SUCCESS,,3,Approved,0,2026-06-24 02:11:38.959140
PAY004644,CUST1223,23416,Credit Card,Monthly,SUCCESS,,2,Approved,0,2026-04-30 05:35:38.959140
PAY004645,CUST6456,19362,UPI,Annual,SUCCESS,,2,Approved,0,2026-04-02 10:45:38.959140
PAY004646,CUST7432,2949,Debit Card,Monthly,SUCCESS,,1,Approved,0,2026-08-26 01:08:38.959140
PAY004647,CUST6423,7894,UPI,Quarterly,SUCCESS,,2,Approved,0,2026-07-14 04:55:38.959140
PAY004648,CUST1878,5206,Credit Card,Monthly,SUCCESS,,2,Approved,0,2026-06-25 23:29:38.959140
PAY004649,CUST5784,8149,Net Banking,Annual,FAILED,UPI Failure,2,Approved,1,2026-06-05 13:26:38.959140
PAY004650,CUST6848,1192,Debit Card,Quarterly,SUCCESS,,1,Approved,0,2026-07-17 02:50:38.959140
PAY004651,CUST3437,14893,UPI,Monthly,SUCCESS,,0,Approved,0,2026-08-23 01:16:38.959140
PAY004652,CUST4187,15508,Net Banking,Quarterly,SUCCESS,,2,Approved,0,2026-03-23 04:59:38.959140
PAY004653,CUST8702,11910,Net Banking,Monthly,SUCCESS,,2,Approved,0,2026-08-02 07:31:38.959140
PAY004654,CUST8825,3630,UPI,Quarterly,FAILED,Card Expired,1,Declined,0,2026-08-25 14:06:38.959140
PAY004655,CUST3520,14438,Credit Card,Monthly,SUCCESS,,3,Approved,0,2026-03-28 14:51:38.959140
PAY004656,CUST7327,17827,Debit Card,Quarterly,FAILED,Insufficient Funds,1,Timeout,1,2026-07-07 06:16:38.959140
PAY004657,CUST1071,22871,Debit Card,Quarterly,SUCCESS,,2,Approved,0,2026-04-24 00:12:38.959140
PAY004658,CUST3065,11243,Net Banking,Monthly,SUCCESS,,2,Approved,0,2026-03-19 02:17:38.959140
PAY004659,CUST9166,14146,Net Banking,Annual,SUCCESS,,0,Approved,0,2026-06-08 18:33:38.959140
PAY004660,CUST4545,22124,Credit Card,Annual,SUCCESS,,2,Approved,0,2026-08-24 19:35:38.959140
PAY004661,CUST2011,13531,Debit Card,Annual,SUCCESS,,1,Approved,0,2026-06-22 18:15:38.959140
PAY004662,CUST7558,1257,Wallet,Quarterly,FAILED,Bank Timeout,0,Declined,1,2026-06-12 09:10:38.959140
PAY004663,CUST1284,4755,Credit Card,Annual,SUCCESS,,3,Approved,0,2026-08-18 18:47:38.959140
PAY004664,CUST6524,2132,UPI,Quarterly,SUCCESS,,3,Approved,0,2026-05-16 23:33:38.959140
PAY004665,CUST8573,19939,UPI,Annual,SUCCESS,,0,Approved,0,2026-05-27 09:12:38.959140
PAY004666,CUST1633,11265,UPI,Monthly,SUCCESS,,0,Approved,0,2026-04-10 05:31:38.959140
PAY004667,CUST1543,6940,Net Banking,Quarterly,SUCCESS,,2,Approved,0,2026-05-05 02:45:38.959140
PAY004668,CUST3987,5459,UPI,Annual,SUCCESS,,0,Approved,0,2026-05-18 09:55:38.959140
PAY004669,CUST4788,22573,Wallet,Annual,SUCCESS,,1,Approved,0,2026-07-25 05:28:38.959140
PAY004670,CUST7191,2476,Wallet,Monthly,SUCCESS,,1,Approved,0,2026-06-23 00:30:38.959140
PAY004671,CUST8870,11147,UPI,Monthly,SUCCESS,,1,Approved,0,2026-03-14 07:58:38.959140
PAY004672,CUST1911,13792,Wallet,Monthly,SUCCESS,,0,Approved,0,2026-08-14 10:22:38.959140
PAY004673,CUST5583,16840,Credit Card,Quarterly,FAILED,UPI Failure,1,Processing Error,1,2026-07-06 13:28:38.959140
PAY004674,CUST9871,10439,Wallet,Quarterly,FAILED,User Cancelled,2,Processing Error,0,2026-06-30 17:59:38.959140
PAY004675,CUST3469,18039,Credit Card,Annual,FAILED,Invalid CVV,1,Declined,0,2026-03-21 02:43:38.959140
PAY004676,CUST3742,22830,Net Banking,Annual,SUCCESS,,0,Approved,0,2026-03-24 05:02:38.959140
PAY004677,CUST7866,9638,Debit Card,Annual,SUCCESS,,2,Approved,0,2026-05-24 12:34:38.959140
PAY004678,CUST7690,4599,UPI,Annual,SUCCESS,,2,Approved,0,2026-06-07 04:44:38.959140
PAY004679,CUST7989,22794,Debit Card,Quarterly,SUCCESS,,0,Approved,0,2026-07-05 12:51:38.959140
PAY004680,CUST6613,20665,Credit Card,Quarterly,SUCCESS,,2,Approved,0,2026-08-23 16:51:38.959140
PAY004681,CUST5105,14944,Net Banking,Quarterly,SUCCESS,,3,Approved,0,2026-07-14 07:11:38.959140
PAY004682,CUST8233,17673,UPI,Annual,SUCCESS,,2,Approved,0,2026-03-12 08:48:38.959140
PAY004683,CUST8840,9031,Net Banking,Quarterly,SUCCESS,,3,Approved,0,2026-05-06 16:56:38.959140
PAY004684,CUST9420,1831,Wallet,Annual,FAILED,Bank Timeout,3,Blocked,1,2026-03-25 12:46:38.959140
PAY004685,CUST7535,5117,Wallet,Monthly,SUCCESS,,2,Approved,0,2026-04-07 00:42:38.959140
PAY004686,CUST7187,4566,Debit Card,Monthly,FAILED,Invalid CVV,1,Approved,0,2026-08-19 11:20:38.959140
PAY004687,CUST9072,141,UPI,Annual,SUCCESS,,2,Approved,0,2026-04-14 11:01:38.959140
PAY004688,CUST7343,14000,Net Banking,Annual,SUCCESS,,0,Approved,0,2026-05-09 17:30:38.959140
PAY004689,CUST7576,6694,Net Banking,Quarterly,SUCCESS,,0,Approved,0,2026-07-13 09:46:38.959140
PAY004690,CUST8638,19013,Wallet,Annual,FAILED,Card Expired,2,Declined,0,2026-07-03 13:51:38.959140
PAY004691,CUST5300,4136,Credit Card,Annual,SUCCESS,,1,Approved,0,2026-07-26 07:57:38.959140
PAY004692,CUST5424,7905,UPI,Quarterly,SUCCESS,,2,Approved,0,2026-07-10 04:20:38.959140
PAY004693,CUST1323,2875,Wallet,Quarterly,FAILED,Fraud Suspected,0,Blocked,0,2026-06-30 02:05:38.959140
PAY004694,CUST1019,23116,Wallet,Annual,SUCCESS,,0,Approved,0,2026-06-03 14:17:38.959140
PAY004695,CUST3794,16020,UPI,Quarterly,SUCCESS,,0,Approved,0,2026-05-15 14:45:38.959140
PAY004696,CUST5673,3489,UPI,Quarterly,SUCCESS,,0,Approved,0,2026-06-03 14:21:38.959140
PAY004697,CUST8252,14013,Wallet,Quarterly,SUCCESS,,2,Approved,0,2026-07-21 01:25:38.959140
PAY004698,CUST2363,5068,UPI,Quarterly,SUCCESS,,2,Approved,0,2026-05-23 20:31:38.959140
PAY004699,CUST8683,3100,UPI,Monthly,FAILED,Insufficient Funds,0,Approved,1,2026-08-25 10:37:38.959140
PAY004700,CUST3893,24246,UPI,Quarterly,SUCCESS,,2,Approved,0,2026-03-14 21:54:38.959140
PAY004701,CUST8758,11502,Credit Card,Annual,SUCCESS,,2,Approved,0,2026-06-20 17:16:38.959140
PAY004702,CUST2341,20635,UPI,Annual,FAILED,Bank Timeout,1,Approved,1,2026-07-15 20:07:38.959140
PAY004703,CUST8755,15521,Debit Card,Annual,SUCCESS,,2,Approved,0,2026-08-21 10:54:38.959140
PAY004704,CUST4769,22801,Wallet,Quarterly,SUCCESS,,2,Approved,0,2026-07-04 07:27:38.959140
PAY004705,CUST6066,24624,Debit Card,Monthly,SUCCESS,,3,Approved,0,2026-07-24 00:01:38.959140
PAY004706,CUST3715,12668,UPI,Quarterly,SUCCESS,,2,Approved,0,2026-07-09 13:54:38.959140
PAY004707,CUST4460,9412,Net Banking,Quarterly,SUCCESS,,0,Approved,0,2026-05-12 09:00:38.959140
PAY004708,CUST4074,22379,Credit Card,Quarterly,SUCCESS,,2,Approved,0,2026-03-26 17:11:38.959140
PAY004709,CUST7479,20172,Wallet,Annual,FAILED,UPI Failure,1,Processing Error,1,2026-08-14 21:19:38.959140
PAY004710,CUST7172,12528,UPI,Annual,SUCCESS,,0,Approved,0,2026-07-23 03:49:38.959140
PAY004711,CUST8500,16365,Debit Card,Annual,SUCCESS,,0,Approved,0,2026-08-03 22:54:38.959140
PAY004712,CUST7405,11999,Wallet,Annual,SUCCESS,,2,Approved,0,2026-06-29 19:51:38.959140
PAY004713,CUST1955,9040,Credit Card,Quarterly,SUCCESS,,0,Approved,0,2026-06-11 15:31:38.959140
PAY004714,CUST1739,5699,Debit Card,Quarterly,SUCCESS,,2,Approved,0,2026-07-21 12:11:38.959140
PAY004715,CUST8155,10935,Credit Card,Monthly,SUCCESS,,0,Approved,0,2026-06-20 15:28:38.959140
PAY004716,CUST8231,8077,Wallet,Monthly,SUCCESS,,2,Approved,0,2026-04-05 06:18:38.959140
PAY004717,CUST1929,3918,Wallet,Quarterly,SUCCESS,,0,Approved,0,2026-07-13 16:19:38.959140
PAY004718,CUST6267,2419,Wallet,Monthly,FAILED,Invalid CVV,2,Blocked,0,2026-05-23 12:07:38.959140
PAY004719,CUST9193,2601,Credit Card,Monthly,FAILED,Invalid CVV,1,Approved,0,2026-05-13 18:50:38.959140
PAY004720,CUST1136,14974,UPI,Monthly,FAILED,Fraud Suspected,1,Blocked,0,2026-07-06 06:46:38.959140
PAY004721,CUST6671,13815,Wallet,Quarterly,SUCCESS,,2,Approved,0,2026-04-06 23:50:38.959140
PAY004722,CUST6437,4498,Debit Card,Annual,SUCCESS,,0,Approved,0,2026-05-09 18:38:38.959140
PAY004723,CUST3308,18922,UPI,Quarterly,FAILED,Card Expired,3,Blocked,0,2026-08-24 12:50:38.959140
PAY004724,CUST9844,22482,Debit Card,Quarterly,SUCCESS,,2,Approved,0,2026-06-28 15:20:38.959140
PAY004725,CUST5061,260,Net Banking,Monthly,SUCCESS,,2,Approved,0,2026-04-10 13:39:38.959140
PAY004726,CUST8773,18044,Credit Card,Monthly,SUCCESS,,2,Approved,0,2026-07-11 23:46:38.959140
PAY004727,CUST9176,2672,Debit Card,Annual,SUCCESS,,3,Approved,0,2026-04-12 03:28:38.959140
PAY004728,CUST3360,8993,Wallet,Monthly,SUCCESS,,2,Approved,0,2026-08-02 13:09:38.959140
PAY004729,CUST9876,14119,Wallet,Quarterly,SUCCESS,,3,Approved,0,2026-06-25 03:35:38.959140
PAY004730,CUST5226,10933,Net Banking,Quarterly,FAILED,User Cancelled,2,Blocked,0,2026-04-29 13:14:38.959140
PAY004731,CUST3231,7819,Wallet,Annual,FAILED,Card Expired,2,Blocked,0,2026-03-10 13:53:38.959140
PAY004732,CUST8126,13728,Credit Card,Annual,FAILED,User Cancelled,0,Blocked,0,2026-07-13 15:22:38.959140
PAY004733,CUST4420,21840,Debit Card,Quarterly,SUCCESS,,0,Approved,0,2026-07-14 22:07:38.959140
PAY004734,CUST9650,17005,Debit Card,Quarterly,FAILED,Bank Timeout,0,Timeout,1,2026-03-29 23:40:38.959140
PAY004735,CUST6725,8042,Net Banking,Monthly,SUCCESS,,3,Approved,0,2026-07-18 15:34:38.959140
PAY004736,CUST3167,2389,Credit Card,Monthly,FAILED,Invalid CVV,2,Declined,0,2026-05-23 08:45:38.959140
PAY004737,CUST5134,15347,Wallet,Monthly,FAILED,Invalid CVV,0,Timeout,0,2026-07-07 10:43:38.959140
PAY004738,CUST3138,7703,Net Banking,Annual,FAILED,Insufficient Funds,0,Declined,1,2026-05-17 18:05:38.959140
PAY004739,CUST3887,8005,Net Banking,Monthly,FAILED,Network Error,1,Processing Error,1,2026-03-19 10:10:38.959140
PAY004740,CUST5886,20930,Net Banking,Quarterly,SUCCESS,,1,Approved,0,2026-04-30 13:13:38.959140
PAY004741,CUST2253,2151,Credit Card,Annual,SUCCESS,,0,Approved,0,2026-04-02 11:28:38.959140
PAY004742,CUST8999,16205,Wallet,Monthly,SUCCESS,,1,Approved,0,2026-06-19 07:25:38.959140
PAY004743,CUST9366,13736,Debit Card,Annual,FAILED,Fraud Suspected,0,Timeout,0,2026-05-06 20:44:38.959140
PAY004744,CUST6342,7689,Debit Card,Monthly,SUCCESS,,2,Approved,0,2026-05-27 15:04:38.959140
PAY004745,CUST9556,1040,Credit Card,Quarterly,SUCCESS,,1,Approved,0,2026-07-02 05:05:38.959140
PAY004746,CUST1679,5713,Debit Card,Annual,SUCCESS,,3,Approved,0,2026-05-27 14:07:38.959140
PAY004747,CUST9795,19410,Wallet,Monthly,SUCCESS,,2,Approved,0,2026-04-10 18:27:38.959140
PAY004748,CUST3525,17551,UPI,Monthly,FAILED,Insufficient Funds,2,Timeout,1,2026-05-30 12:58:38.959140
PAY004749,CUST9853,7315,Wallet,Quarterly,SUCCESS,,1,Approved,0,2026-08-05 01:48:38.959140
PAY004750,CUST3610,24137,UPI,Monthly,SUCCESS,,1,Approved,0,2026-04-16 23:01:38.959140
PAY004751,CUST8873,12604,Wallet,Quarterly,FAILED,Bank Timeout,3,Processing Error,1,2026-05-02 03:16:38.959140
PAY004752,CUST8720,17845,Credit Card,Annual,SUCCESS,,2,Approved,0,2026-04-12 16:32:38.959140
PAY004753,CUST4984,12508,Credit Card,Monthly,SUCCESS,,0,Approved,0,2026-07-19 07:20:38.959140
PAY004754,CUST4710,15929,Debit Card,Quarterly,SUCCESS,,3,Approved,0,2026-06-19 22:26:38.959140
PAY004755,CUST4728,24458,Credit Card,Quarterly,FAILED,Bank Timeout,0,Blocked,1,2026-05-22 20:07:38.959140
PAY004756,CUST4976,11468,Debit Card,Quarterly,SUCCESS,,2,Approved,0,2026-06-05 05:51:38.959140
PAY004757,CUST8420,21410,Net Banking,Annual,SUCCESS,,1,Approved,0,2026-08-13 03:17:38.959140
PAY004758,CUST6416,1296,Credit Card,Quarterly,SUCCESS,,0,Approved,0,2026-04-25 03:59:38.959140
PAY004759,CUST1997,23223,Credit Card,Quarterly,SUCCESS,,3,Approved,0,2026-04-18 13:06:38.959140
PAY004760,CUST6642,20940,Net Banking,Monthly,SUCCESS,,1,Approved,0,2026-04-09 18:54:38.959140
PAY004761,CUST3496,5447,Debit Card,Quarterly,SUCCESS,,2,Approved,0,2026-03-17 09:40:38.959140
PAY004762,CUST8370,13551,Net Banking,Annual,SUCCESS,,1,Approved,0,2026-06-23 04:15:38.959140
PAY004763,CUST8809,3515,Wallet,Annual,SUCCESS,,0,Approved,0,2026-05-24 10:52:38.959140
PAY004764,CUST7549,2364,Net Banking,Monthly,FAILED,Invalid CVV,2,Timeout,0,2026-07-31 09:10:38.959140
PAY004765,CUST1166,11347,Debit Card,Quarterly,SUCCESS,,3,Approved,0,2026-06-28 14:46:38.959140
PAY004766,CUST4739,8767,Credit Card,Monthly,SUCCESS,,3,Approved,0,2026-06-08 17:24:38.959140
PAY004767,CUST3671,20533,Debit Card,Annual,SUCCESS,,0,Approved,0,2026-07-13 08:56:38.959140
PAY004768,CUST8171,11641,UPI,Monthly,SUCCESS,,3,Approved,0,2026-08-23 22:07:38.959140
PAY004769,CUST5288,13967,Debit Card,Annual,SUCCESS,,1,Approved,0,2026-04-22 08:06:38.959140
PAY004770,CUST1520,22298,Net Banking,Quarterly,FAILED,Invalid CVV,2,Timeout,0,2026-04-07 20:47:38.959140
PAY004771,CUST1969,18290,UPI,Monthly,SUCCESS,,2,Approved,0,2026-04-16 08:41:38.959140
PAY004772,CUST9382,1645,UPI,Annual,FAILED,Network Error,1,Blocked,1,2026-08-13 06:14:38.959140
PAY004773,CUST7159,23735,Credit Card,Annual,SUCCESS,,3,Approved,0,2026-03-26 09:19:38.959140
PAY004774,CUST1873,11759,Debit Card,Annual,SUCCESS,,3,Approved,0,2026-06-17 21:00:38.959140
PAY004775,CUST6996,2579,Credit Card,Monthly,FAILED,Insufficient Funds,0,Approved,1,2026-06-16 06:11:38.959140
PAY004776,CUST8510,6578,UPI,Monthly,SUCCESS,,2,Approved,0,2026-05-22 07:01:38.959140
PAY004777,CUST9380,14839,Net Banking,Monthly,SUCCESS,,3,Approved,0,2026-04-08 23:11:38.959140
PAY004778,CUST7030,12582,Net Banking,Annual,FAILED,Invalid CVV,2,Blocked,0,2026-06-28 12:17:38.959140
PAY004779,CUST6623,21981,Wallet,Annual,FAILED,UPI Failure,2,Timeout,1,2026-05-13 03:29:38.959140
PAY004780,CUST6613,12152,Debit Card,Annual,SUCCESS,,0,Approved,0,2026-08-19 00:12:38.959140
PAY004781,CUST2359,20716,Net Banking,Monthly,SUCCESS,,3,Approved,0,2026-04-03 04:42:38.959140
PAY004782,CUST2217,12044,Wallet,Monthly,SUCCESS,,2,Approved,0,2026-08-20 04:46:38.959140
PAY004783,CUST7012,5356,Credit Card,Monthly,SUCCESS,,2,Approved,0,2026-04-02 15:30:38.959140
PAY004784,CUST6133,22012,UPI,Monthly,FAILED,Card Expired,1,Processing Error,0,2026-07-28 20:34:38.959140
PAY004785,CUST5904,23356,Debit Card,Quarterly,SUCCESS,,1,Approved,0,2026-03-26 15:30:38.959140
PAY004786,CUST1983,9793,Credit Card,Monthly,SUCCESS,,2,Approved,0,2026-04-05 21:57:38.959140
PAY004787,CUST5293,21883,Net Banking,Monthly,FAILED,Invalid CVV,1,Blocked,0,2026-06-04 00:21:38.959140
PAY004788,CUST1928,24040,Credit Card,Annual,SUCCESS,,1,Approved,0,2026-05-03 10:45:38.959140
PAY004789,CUST2500,8027,Credit Card,Annual,SUCCESS,,1,Approved,0,2026-07-19 12:13:38.959140
PAY004790,CUST4281,9461,Net Banking,Monthly,FAILED,Bank Timeout,0,Blocked,1,2026-07-21 22:17:38.959140
PAY004791,CUST3884,821,UPI,Annual,SUCCESS,,2,Approved,0,2026-03-26 05:33:38.959140
PAY004792,CUST6193,11951,Wallet,Annual,FAILED,UPI Failure,1,Blocked,1,2026-05-13 04:03:38.959140
PAY004793,CUST8838,980,Wallet,Quarterly,SUCCESS,,2,Approved,0,2026-08-25 04:56:38.959140
PAY004794,CUST3520,21575,Debit Card,Quarterly,SUCCESS,,1,Approved,0,2026-08-21 09:54:38.959140
PAY004795,CUST2865,2928,Credit Card,Quarterly,SUCCESS,,0,Approved,0,2026-07-30 02:39:38.959140
PAY004796,CUST9230,24015,Debit Card,Quarterly,SUCCESS,,1,Approved,0,2026-04-26 11:52:38.959140
PAY004797,CUST3881,7122,Net Banking,Quarterly,SUCCESS,,3,Approved,0,2026-07-13 18:12:38.959140
PAY004798,CUST4919,2955,Debit Card,Monthly,SUCCESS,,1,Approved,0,2026-06-07 15:40:38.959140
PAY004799,CUST3710,3916,Wallet,Monthly,SUCCESS,,1,Approved,0,2026-03-14 12:28:38.959140
PAY004800,CUST1646,23290,UPI,Quarterly,FAILED,Card Expired,1,Declined,0,2026-06-09 06:41:38.959140
PAY004801,CUST9612,10103,Wallet,Monthly,SUCCESS,,0,Approved,0,2026-04-08 10:20:38.959140
PAY004802,CUST7223,21225,Net Banking,Quarterly,SUCCESS,,0,Approved,0,2026-06-23 02:16:38.959140
PAY004803,CUST1591,5269,Wallet,Monthly,FAILED,Card Expired,1,Blocked,0,2026-03-31 02:29:38.959140
PAY004804,CUST7431,7208,Wallet,Annual,SUCCESS,,1,Approved,0,2026-05-07 05:24:38.959140
PAY004805,CUST8062,6878,Net Banking,Quarterly,FAILED,Bank Timeout,0,Declined,1,2026-05-29 07:32:38.959140
PAY004806,CUST8934,9942,UPI,Monthly,SUCCESS,,0,Approved,0,2026-08-22 16:41:38.959140
PAY004807,CUST8850,7231,Debit Card,Monthly,FAILED,Card Expired,0,Blocked,0,2026-06-30 08:58:38.959140
PAY004808,CUST4374,1087,Credit Card,Monthly,SUCCESS,,0,Approved,0,2026-04-22 08:13:38.959140
PAY004809,CUST7027,8258,Net Banking,Monthly,FAILED,Fraud Suspected,2,Blocked,0,2026-08-30 05:34:38.959140
PAY004810,CUST6651,2609,UPI,Annual,FAILED,UPI Failure,2,Processing Error,1,2026-08-19 14:46:38.959140
PAY004811,CUST8524,11461,Credit Card,Monthly,SUCCESS,,1,Approved,0,2026-05-13 23:49:38.959140
PAY004812,CUST7461,12463,UPI,Monthly,SUCCESS,,1,Approved,0,2026-03-31 05:20:38.959140
PAY004813,CUST1898,21152,Debit Card,Annual,SUCCESS,,0,Approved,0,2026-03-26 16:46:38.959140
PAY004814,CUST1990,1114,Net Banking,Quarterly,FAILED,Invalid CVV,1,Declined,0,2026-07-26 02:22:38.959140
PAY004815,CUST7502,843,Net Banking,Annual,FAILED,Fraud Suspected,0,Processing Error,0,2026-05-11 16:10:38.959140
PAY004816,CUST5060,23551,Credit Card,Annual,SUCCESS,,1,Approved,0,2026-07-27 05:21:38.959140
PAY004817,CUST6214,1058,Wallet,Monthly,SUCCESS,,3,Approved,0,2026-03-29 11:30:38.959140
PAY004818,CUST1795,19104,Wallet,Quarterly,FAILED,Card Expired,3,Timeout,0,2026-08-14 13:40:38.959140
PAY004819,CUST4530,6082,UPI,Quarterly,SUCCESS,,1,Approved,0,2026-05-03 02:17:38.959140
PAY004820,CUST5674,17614,Wallet,Annual,SUCCESS,,3,Approved,0,2026-05-02 04:02:38.959140
PAY004821,CUST8669,6413,Debit Card,Annual,SUCCESS,,1,Approved,0,2026-04-23 02:41:38.959140
PAY004822,CUST3328,19031,Wallet,Quarterly,SUCCESS,,3,Approved,0,2026-04-12 18:04:38.959140
PAY004823,CUST6532,22789,Debit Card,Quarterly,FAILED,User Cancelled,1,Blocked,0,2026-07-12 15:57:38.959140
PAY004824,CUST2873,3787,Wallet,Quarterly,SUCCESS,,1,Approved,0,2026-06-30 16:57:38.959140
PAY004825,CUST8018,7136,Net Banking,Annual,FAILED,Bank Timeout,2,Declined,1,2026-06-12 08:26:38.959140
PAY004826,CUST7494,6855,Wallet,Annual,SUCCESS,,3,Approved,0,2026-04-14 09:10:38.959140
PAY004827,CUST5228,7980,Credit Card,Quarterly,SUCCESS,,0,Approved,0,2026-03-15 17:24:38.959140
PAY004828,CUST7899,12029,Debit Card,Annual,SUCCESS,,2,Approved,0,2026-05-24 00:56:38.959140
PAY004829,CUST7437,15814,Credit Card,Quarterly,SUCCESS,,2,Approved,0,2026-03-27 16:33:38.959140
PAY004830,CUST8493,4367,Debit Card,Quarterly,FAILED,Network Error,0,Approved,1,2026-05-21 16:16:38.959140
PAY004831,CUST2996,18943,Debit Card,Quarterly,FAILED,Invalid CVV,3,Approved,0,2026-06-05 07:49:38.959140
PAY004832,CUST5413,258,Debit Card,Monthly,SUCCESS,,0,Approved,0,2026-03-29 23:47:38.959140
PAY004833,CUST6105,5940,Credit Card,Annual,SUCCESS,,0,Approved,0,2026-07-16 10:59:38.959140
PAY004834,CUST9831,2341,Net Banking,Monthly,SUCCESS,,0,Approved,0,2026-05-24 04:20:38.959140
PAY004835,CUST4248,12770,Net Banking,Monthly,SUCCESS,,0,Approved,0,2026-08-13 07:31:38.959140
PAY004836,CUST1362,20007,Debit Card,Quarterly,SUCCESS,,1,Approved,0,2026-05-21 13:24:38.959140
PAY004837,CUST6744,20762,Debit Card,Monthly,SUCCESS,,2,Approved,0,2026-05-17 19:28:38.959140
PAY004838,CUST9299,16508,Debit Card,Monthly,SUCCESS,,1,Approved,0,2026-05-17 22:29:38.959140
PAY004839,CUST1447,3031,Credit Card,Quarterly,SUCCESS,,2,Approved,0,2026-08-03 16:52:38.959140
PAY004840,CUST6537,22271,Wallet,Quarterly,FAILED,User Cancelled,2,Timeout,0,2026-07-02 19:58:38.959140
PAY004841,CUST4782,13992,UPI,Monthly,SUCCESS,,0,Approved,0,2026-03-11 09:58:38.959140
PAY004842,CUST9135,13653,Credit Card,Monthly,SUCCESS,,1,Approved,0,2026-04-06 12:09:38.959140
PAY004843,CUST2621,12433,Net Banking,Annual,FAILED,Fraud Suspected,3,Declined,0,2026-08-21 22:24:38.959140
PAY004844,CUST7023,6903,UPI,Annual,FAILED,Network Error,3,Blocked,1,2026-08-02 01:03:38.959140
PAY004845,CUST4173,22354,Debit Card,Monthly,SUCCESS,,3,Approved,0,2026-03-13 17:03:38.959140
PAY004846,CUST9906,19909,UPI,Monthly,FAILED,User Cancelled,0,Approved,0,2026-05-22 18:46:38.959140
PAY004847,CUST1315,22812,Credit Card,Quarterly,SUCCESS,,2,Approved,0,2026-08-12 15:44:38.959140
PAY004848,CUST8763,20689,Net Banking,Monthly,FAILED,Fraud Suspected,2,Declined,0,2026-06-20 02:31:38.959140
PAY004849,CUST8979,13860,Wallet,Quarterly,SUCCESS,,1,Approved,0,2026-08-04 08:14:38.959140
PAY004850,CUST3033,18986,Debit Card,Monthly,SUCCESS,,2,Approved,0,2026-08-16 07:43:38.959140
PAY004851,CUST7343,11744,Net Banking,Annual,SUCCESS,,2,Approved,0,2026-04-30 16:47:38.959140
PAY004852,CUST8798,4627,Debit Card,Quarterly,SUCCESS,,0,Approved,0,2026-07-22 20:33:38.959140
PAY004853,CUST1127,11331,UPI,Monthly,SUCCESS,,1,Approved,0,2026-06-08 21:54:38.959140
PAY004854,CUST8320,24428,Credit Card,Quarterly,SUCCESS,,0,Approved,0,2026-07-05 19:57:38.959140
PAY004855,CUST6225,19103,Wallet,Monthly,SUCCESS,,2,Approved,0,2026-07-14 16:59:38.959140
PAY004856,CUST7705,22189,Credit Card,Annual,SUCCESS,,0,Approved,0,2026-08-05 08:53:38.959140
PAY004857,CUST9427,5417,Wallet,Quarterly,SUCCESS,,3,Approved,0,2026-04-29 12:00:38.959140
PAY004858,CUST2482,22605,Net Banking,Monthly,SUCCESS,,0,Approved,0,2026-03-19 10:53:38.959140
PAY004859,CUST5650,3488,Debit Card,Quarterly,SUCCESS,,1,Approved,0,2026-07-12 03:41:38.959140
PAY004860,CUST5433,2553,Wallet,Quarterly,SUCCESS,,1,Approved,0,2026-03-17 06:09:38.959140
PAY004861,CUST5017,3043,Debit Card,Annual,SUCCESS,,2,Approved,0,2026-04-10 10:16:38.959140
PAY004862,CUST4494,5006,Net Banking,Monthly,SUCCESS,,1,Approved,0,2026-07-04 07:01:38.959140
PAY004863,CUST7641,15561,Net Banking,Annual,SUCCESS,,2,Approved,0,2026-08-13 06:12:38.959140
PAY004864,CUST6336,4184,Net Banking,Quarterly,FAILED,Bank Timeout,1,Processing Error,1,2026-03-18 14:09:38.959140
PAY004865,CUST2356,23396,Debit Card,Annual,SUCCESS,,3,Approved,0,2026-03-27 06:02:38.959140
PAY004866,CUST9596,23979,Net Banking,Monthly,SUCCESS,,0,Approved,0,2026-08-08 22:51:38.959140
PAY004867,CUST1033,17195,Net Banking,Annual,SUCCESS,,2,Approved,0,2026-03-23 02:06:38.959140
PAY004868,CUST2246,3899,Debit Card,Quarterly,SUCCESS,,3,Approved,0,2026-03-31 12:17:38.959140
PAY004869,CUST9271,12610,Credit Card,Monthly,SUCCESS,,0,Approved,0,2026-03-28 13:33:38.959140
PAY004870,CUST5947,15089,Net Banking,Monthly,FAILED,Fraud Suspected,2,Declined,0,2026-08-02 11:33:38.959140
PAY004871,CUST9143,22070,Net Banking,Quarterly,FAILED,Bank Timeout,2,Declined,1,2026-07-17 03:13:38.959140
PAY004872,CUST1077,23954,UPI,Quarterly,SUCCESS,,3,Approved,0,2026-06-01 06:24:38.959140
PAY004873,CUST4969,4063,Credit Card,Quarterly,SUCCESS,,1,Approved,0,2026-05-10 19:29:38.959140
PAY004874,CUST3677,5237,Credit Card,Quarterly,FAILED,Insufficient Funds,0,Blocked,1,2026-07-24 12:14:38.959140
PAY004875,CUST7702,19286,Net Banking,Quarterly,SUCCESS,,0,Approved,0,2026-06-29 16:02:38.959140
PAY004876,CUST4330,4961,Wallet,Monthly,SUCCESS,,3,Approved,0,2026-05-14 10:39:38.959140
PAY004877,CUST6037,21286,Net Banking,Annual,FAILED,Card Expired,2,Processing Error,0,2026-06-01 10:16:38.959140
PAY004878,CUST1227,3651,Credit Card,Annual,SUCCESS,,0,Approved,0,2026-08-07 17:39:38.959140
PAY004879,CUST1764,15578,Credit Card,Quarterly,FAILED,Insufficient Funds,0,Processing Error,1,2026-08-08 06:09:38.959140
PAY004880,CUST8121,2090,Wallet,Monthly,SUCCESS,,3,Approved,0,2026-08-24 02:37:38.959140
PAY004881,CUST9435,16440,Credit Card,Quarterly,SUCCESS,,0,Approved,0,2026-06-21 16:23:38.959140
PAY004882,CUST8130,19558,Net Banking,Annual,SUCCESS,,1,Approved,0,2026-07-10 04:56:38.959140
PAY004883,CUST3883,14525,Wallet,Quarterly,SUCCESS,,3,Approved,0,2026-08-26 19:22:38.959140
PAY004884,CUST5407,15656,Debit Card,Quarterly,SUCCESS,,2,Approved,0,2026-07-10 08:28:38.959140
PAY004885,CUST7474,4464,Debit Card,Annual,SUCCESS,,3,Approved,0,2026-06-03 12:35:38.959140
PAY004886,CUST2686,19696,Net Banking,Annual,SUCCESS,,1,Approved,0,2026-06-09 05:08:38.959140
PAY004887,CUST1661,15717,Credit Card,Quarterly,SUCCESS,,2,Approved,0,2026-03-10 10:29:38.959140
PAY004888,CUST4045,4436,Net Banking,Monthly,SUCCESS,,1,Approved,0,2026-03-20 21:47:38.959140
PAY004889,CUST3048,7496,Net Banking,Annual,SUCCESS,,0,Approved,0,2026-04-18 06:02:38.959140
PAY004890,CUST4648,8477,Credit Card,Monthly,FAILED,User Cancelled,2,Processing Error,0,2026-04-10 01:58:38.959140
PAY004891,CUST5225,23552,UPI,Annual,SUCCESS,,0,Approved,0,2026-06-01 19:19:38.959140
PAY004892,CUST9436,11076,Debit Card,Monthly,SUCCESS,,0,Approved,0,2026-05-27 13:38:38.959140
PAY004893,CUST8841,9004,Debit Card,Monthly,SUCCESS,,3,Approved,0,2026-05-21 13:36:38.959140
PAY004894,CUST1405,23301,UPI,Annual,SUCCESS,,1,Approved,0,2026-06-05 13:56:38.959140
PAY004895,CUST4422,6978,Credit Card,Monthly,FAILED,Invalid CVV,3,Blocked,0,2026-07-19 11:30:38.959140
PAY004896,CUST3122,7653,Credit Card,Annual,SUCCESS,,1,Approved,0,2026-04-25 17:53:38.959140
PAY004897,CUST3290,22943,Credit Card,Quarterly,FAILED,Network Error,3,Processing Error,1,2026-04-07 19:24:38.959140
PAY004898,CUST4406,6201,UPI,Monthly,SUCCESS,,2,Approved,0,2026-07-24 12:01:38.959140
PAY004899,CUST1871,7616,UPI,Annual,SUCCESS,,3,Approved,0,2026-08-06 21:45:38.959140
PAY004900,CUST4401,10328,Debit Card,Monthly,SUCCESS,,1,Approved,0,2026-07-07 00:53:38.959140
PAY004901,CUST4236,14706,Credit Card,Monthly,SUCCESS,,0,Approved,0,2026-04-27 10:12:38.959140
PAY004902,CUST5602,6542,Debit Card,Quarterly,FAILED,Network Error,0,Blocked,1,2026-07-02 21:36:38.959140
PAY004903,CUST8976,2802,Wallet,Annual,SUCCESS,,1,Approved,0,2026-05-14 08:18:38.959140
PAY004904,CUST9581,8926,Debit Card,Annual,FAILED,UPI Failure,3,Approved,1,2026-04-18 16:35:38.959140
PAY004905,CUST7318,15746,Wallet,Monthly,SUCCESS,,3,Approved,0,2026-06-21 19:34:38.959140
PAY004906,CUST6032,21481,Debit Card,Annual,FAILED,User Cancelled,3,Timeout,0,2026-05-02 15:34:38.959140
PAY004907,CUST4644,4820,Net Banking,Annual,FAILED,UPI Failure,0,Blocked,1,2026-05-15 17:31:38.959140
PAY004908,CUST6295,14355,Credit Card,Annual,SUCCESS,,2,Approved,0,2026-03-15 06:49:38.959140
PAY004909,CUST8023,14854,Wallet,Annual,SUCCESS,,1,Approved,0,2026-07-05 17:02:38.959140
PAY004910,CUST3175,6789,Wallet,Annual,SUCCESS,,2,Approved,0,2026-07-19 22:25:38.959140
PAY004911,CUST8484,18847,Wallet,Annual,SUCCESS,,0,Approved,0,2026-04-19 00:34:38.959140
PAY004912,CUST4460,22280,UPI,Annual,SUCCESS,,1,Approved,0,2026-07-11 04:14:38.959140
PAY004913,CUST9352,7898,Debit Card,Annual,SUCCESS,,1,Approved,0,2026-03-27 00:33:38.959140
PAY004914,CUST1489,13881,Credit Card,Quarterly,FAILED,User Cancelled,2,Approved,0,2026-08-02 01:10:38.959140
PAY004915,CUST9585,14382,Net Banking,Annual,SUCCESS,,3,Approved,0,2026-08-16 10:41:38.959140
PAY004916,CUST8499,1305,Credit Card,Quarterly,SUCCESS,,3,Approved,0,2026-07-05 10:39:38.959140
PAY004917,CUST5879,15533,Wallet,Annual,SUCCESS,,0,Approved,0,2026-08-15 07:57:38.959140
PAY004918,CUST6871,14142,Wallet,Monthly,SUCCESS,,1,Approved,0,2026-04-04 17:03:38.959140
PAY004919,CUST6085,130,Credit Card,Quarterly,FAILED,User Cancelled,1,Declined,0,2026-06-13 20:57:38.959140
PAY004920,CUST6774,5102,Wallet,Quarterly,SUCCESS,,0,Approved,0,2026-05-08 00:17:38.959140
PAY004921,CUST4373,22283,Wallet,Annual,SUCCESS,,3,Approved,0,2026-05-02 11:55:38.959140
PAY004922,CUST5735,7565,UPI,Monthly,FAILED,User Cancelled,2,Blocked,0,2026-06-29 18:35:38.959140
PAY004923,CUST5685,11497,Net Banking,Quarterly,SUCCESS,,2,Approved,0,2026-07-31 05:30:38.959140
PAY004924,CUST2220,21808,Net Banking,Monthly,SUCCESS,,2,Approved,0,2026-04-14 21:59:38.959140
PAY004925,CUST3451,7216,UPI,Monthly,SUCCESS,,0,Approved,0,2026-03-19 13:18:38.959140
PAY004926,CUST4342,24226,Net Banking,Annual,SUCCESS,,3,Approved,0,2026-08-27 22:13:38.959140
PAY004927,CUST7398,22476,Net Banking,Monthly,SUCCESS,,1,Approved,0,2026-05-12 16:26:38.959140
PAY004928,CUST4350,6190,Debit Card,Annual,SUCCESS,,1,Approved,0,2026-08-29 05:03:38.959140
PAY004929,CUST2070,18589,Net Banking,Annual,SUCCESS,,1,Approved,0,2026-06-26 17:38:38.959140
PAY004930,CUST1170,3245,Debit Card,Annual,SUCCESS,,0,Approved,0,2026-03-15 21:05:38.959140
PAY004931,CUST8247,13085,Credit Card,Annual,SUCCESS,,0,Approved,0,2026-07-23 22:22:38.959140
PAY004932,CUST8328,10242,Wallet,Annual,SUCCESS,,2,Approved,0,2026-08-25 00:08:38.959140
PAY004933,CUST6855,6577,Wallet,Quarterly,SUCCESS,,3,Approved,0,2026-06-11 09:21:38.959140
PAY004934,CUST8057,9254,UPI,Annual,SUCCESS,,0,Approved,0,2026-06-05 23:21:38.959140
PAY004935,CUST2584,19742,Net Banking,Quarterly,SUCCESS,,1,Approved,0,2026-06-08 00:45:38.959140
PAY004936,CUST5678,23274,Debit Card,Quarterly,FAILED,Card Expired,2,Approved,0,2026-07-04 00:53:38.959140
PAY004937,CUST5917,23553,Debit Card,Quarterly,FAILED,Invalid CVV,2,Blocked,0,2026-05-24 23:32:38.959140
PAY004938,CUST1933,22665,Debit Card,Monthly,FAILED,UPI Failure,1,Blocked,1,2026-06-16 00:36:38.959140
PAY004939,CUST6435,18861,Net Banking,Quarterly,SUCCESS,,0,Approved,0,2026-07-07 19:14:38.959140
PAY004940,CUST9885,2978,Debit Card,Annual,SUCCESS,,1,Approved,0,2026-05-29 08:33:38.959140
PAY004941,CUST5480,3066,Credit Card,Quarterly,SUCCESS,,1,Approved,0,2026-05-29 19:43:38.959140
PAY004942,CUST6225,19963,Wallet,Monthly,SUCCESS,,3,Approved,0,2026-06-10 07:12:38.959140
PAY004943,CUST6298,13044,UPI,Monthly,SUCCESS,,1,Approved,0,2026-07-23 18:31:38.959140
PAY004944,CUST7443,16859,Wallet,Annual,SUCCESS,,3,Approved,0,2026-04-29 20:24:38.959140
PAY004945,CUST4804,7383,Debit Card,Quarterly,SUCCESS,,2,Approved,0,2026-07-28 19:11:38.959140
PAY004946,CUST2836,19591,Credit Card,Monthly,SUCCESS,,2,Approved,0,2026-04-10 23:42:38.959140
PAY004947,CUST4852,12841,Wallet,Quarterly,SUCCESS,,0,Approved,0,2026-08-06 12:59:38.959140
PAY004948,CUST6408,17174,Debit Card,Quarterly,SUCCESS,,0,Approved,0,2026-04-16 22:53:38.959140
PAY004949,CUST5909,12608,Wallet,Monthly,SUCCESS,,3,Approved,0,2026-03-09 22:15:38.959140
PAY004950,CUST5525,13283,Net Banking,Quarterly,SUCCESS,,2,Approved,0,2026-05-29 03:17:38.959140
PAY004951,CUST2342,19197,Net Banking,Monthly,SUCCESS,,0,Approved,0,2026-07-07 10:01:38.959140
PAY004952,CUST4895,3893,Wallet,Annual,SUCCESS,,2,Approved,0,2026-03-17 20:41:38.959140
PAY004953,CUST7697,10355,Wallet,Annual,SUCCESS,,2,Approved,0,2026-06-18 03:40:38.959140
PAY004954,CUST6142,2397,Wallet,Annual,FAILED,Fraud Suspected,0,Approved,0,2026-03-17 12:30:38.959140
PAY004955,CUST9909,7199,Net Banking,Annual,SUCCESS,,2,Approved,0,2026-04-02 15:40:38.959140
PAY004956,CUST4660,13242,Wallet,Quarterly,SUCCESS,,0,Approved,0,2026-03-28 01:57:38.959140
PAY004957,CUST6549,109,Net Banking,Monthly,SUCCESS,,0,Approved,0,2026-04-09 06:23:38.959140
PAY004958,CUST4020,477,Debit Card,Quarterly,FAILED,Insufficient Funds,0,Approved,1,2026-08-16 06:24:38.959140
PAY004959,CUST1897,3201,Net Banking,Annual,FAILED,User Cancelled,0,Blocked,0,2026-08-22 16:25:38.959140
PAY004960,CUST7572,3068,Debit Card,Monthly,FAILED,Card Expired,2,Declined,0,2026-06-28 09:48:38.959140
PAY004961,CUST4647,11110,Wallet,Quarterly,FAILED,Card Expired,0,Blocked,0,2026-06-22 14:00:38.959140
PAY004962,CUST9068,2769,UPI,Quarterly,SUCCESS,,3,Approved,0,2026-08-01 12:26:38.959140
PAY004963,CUST3418,474,Wallet,Monthly,SUCCESS,,2,Approved,0,2026-06-28 21:45:38.959140
PAY004964,CUST9034,24714,UPI,Annual,SUCCESS,,2,Approved,0,2026-03-12 22:41:38.959140
PAY004965,CUST3301,5135,UPI,Monthly,SUCCESS,,1,Approved,0,2026-04-16 13:58:38.959140
PAY004966,CUST1689,11666,Wallet,Quarterly,SUCCESS,,1,Approved,0,2026-04-03 08:02:38.959140
PAY004967,CUST2196,1808,Net Banking,Quarterly,SUCCESS,,1,Approved,0,2026-06-04 19:38:38.959140
PAY004968,CUST3531,18307,Net Banking,Quarterly,SUCCESS,,2,Approved,0,2026-05-18 22:52:38.959140
PAY004969,CUST2118,12834,Credit Card,Quarterly,SUCCESS,,3,Approved,0,2026-03-29 03:18:38.959140
PAY004970,CUST1975,24368,Net Banking,Annual,FAILED,Insufficient Funds,1,Declined,1,2026-07-19 00:31:38.959140
PAY004971,CUST2528,12242,Credit Card,Monthly,FAILED,User Cancelled,0,Processing Error,0,2026-05-26 22:59:38.959140
PAY004972,CUST2039,14242,Wallet,Monthly,SUCCESS,,0,Approved,0,2026-08-08 03:56:38.959140
PAY004973,CUST4631,21962,Credit Card,Monthly,FAILED,Network Error,1,Blocked,1,2026-08-13 23:49:38.959140
PAY004974,CUST3222,11802,UPI,Quarterly,SUCCESS,,3,Approved,0,2026-06-23 12:49:38.959140
PAY004975,CUST8052,7346,Wallet,Annual,FAILED,Fraud Suspected,0,Timeout,0,2026-07-31 17:54:38.959140
PAY004976,CUST1330,23073,Wallet,Annual,SUCCESS,,0,Approved,0,2026-08-10 18:40:38.959140
PAY004977,CUST9971,3629,UPI,Quarterly,SUCCESS,,3,Approved,0,2026-08-13 09:24:38.959140
PAY004978,CUST2066,11363,Credit Card,Monthly,SUCCESS,,1,Approved,0,2026-03-26 00:18:38.959140
PAY004979,CUST5490,13933,UPI,Annual,FAILED,Card Expired,0,Processing Error,0,2026-06-12 06:11:38.959140
PAY004980,CUST9865,535,UPI,Annual,FAILED,Invalid CVV,2,Approved,0,2026-04-25 05:49:38.959140
PAY004981,CUST4868,3448,Debit Card,Quarterly,SUCCESS,,2,Approved,0,2026-03-16 17:52:38.959140
PAY004982,CUST6773,8737,UPI,Quarterly,SUCCESS,,2,Approved,0,2026-06-20 20:17:38.959140
PAY004983,CUST9216,22384,UPI,Quarterly,SUCCESS,,2,Approved,0,2026-08-07 15:35:38.959140
PAY004984,CUST8081,22784,Wallet,Annual,FAILED,User Cancelled,3,Processing Error,0,2026-04-26 13:08:38.959140
PAY004985,CUST1665,20357,Net Banking,Quarterly,SUCCESS,,2,Approved,0,2026-06-21 20:08:38.959140
PAY004986,CUST3344,9083,Wallet,Annual,SUCCESS,,0,Approved,0,2026-05-04 08:00:38.959140
PAY004987,CUST8259,20424,Net Banking,Monthly,SUCCESS,,2,Approved,0,2026-05-31 12:06:38.959140
PAY004988,CUST7655,6342,Net Banking,Annual,SUCCESS,,2,Approved,0,2026-05-31 11:23:38.959140
PAY004989,CUST1735,19778,UPI,Quarterly,SUCCESS,,2,Approved,0,2026-04-14 08:17:38.959140
PAY004990,CUST8690,9460,Debit Card,Annual,FAILED,Invalid CVV,3,Approved,0,2026-04-04 02:27:38.959140
PAY004991,CUST1234,17097,Credit Card,Annual,SUCCESS,,2,Approved,0,2026-06-23 19:59:38.959140
PAY004992,CUST2389,20046,UPI,Quarterly,SUCCESS,,3,Approved,0,2026-05-19 10:48:38.959140
PAY004993,CUST1129,23664,Credit Card,Quarterly,SUCCESS,,3,Approved,0,2026-05-28 01:27:38.959140
PAY004994,CUST7553,4276,Wallet,Annual,SUCCESS,,2,Approved,0,2026-08-03 21:03:38.959140
PAY004995,CUST7485,22221,Debit Card,Quarterly,FAILED,Insufficient Funds,3,Approved,1,2026-06-05 18:00:38.959140
PAY004996,CUST5839,16405,UPI,Monthly,SUCCESS,,3,Approved,0,2026-08-06 08:30:38.959140
PAY004997,CUST3164,12024,Credit Card,Monthly,SUCCESS,,3,Approved,0,2026-08-30 01:54:38.959140
PAY004998,CUST5481,4932,Credit Card,Monthly,SUCCESS,,2,Approved,0,2026-04-05 17:40:38.959140
PAY004999,CUST1554,11291,UPI,Annual,SUCCESS,,3,Approved,0,2026-08-08 02:32:38.959140
PAY005000,CUST7397,17219,UPI,Quarterly,SUCCESS,,2,Approved,0,2026-06-27 01:33:38.959140
PAY005001,CUST3460,11959,UPI,Annual,SUCCESS,,0,Approved,0,2026-05-10 14:26:38.959140
PAY005002,CUST4263,24090,UPI,Monthly,SUCCESS,,1,Approved,0,2026-05-08 23:01:38.959140
PAY005003,CUST7778,16975,UPI,Quarterly,SUCCESS,,2,Approved,0,2026-05-16 10:11:38.959140
PAY005004,CUST3447,20535,Credit Card,Monthly,SUCCESS,,1,Approved,0,2026-05-01 06:12:38.959140
PAY005005,CUST2395,23620,Credit Card,Annual,SUCCESS,,0,Approved,0,2026-03-11 00:11:38.959140
PAY005006,CUST2785,8557,Debit Card,Annual,SUCCESS,,1,Approved,0,2026-07-19 21:09:38.959140
PAY005007,CUST1507,2560,Wallet,Quarterly,SUCCESS,,2,Approved,0,2026-08-13 17:53:38.959140
PAY005008,CUST8628,8790,Net Banking,Annual,SUCCESS,,1,Approved,0,2026-07-11 18:11:38.959140
PAY005009,CUST2880,5051,Net Banking,Annual,FAILED,Bank Timeout,2,Approved,1,2026-03-18 00:25:38.959140
PAY005010,CUST9471,3137,UPI,Annual,SUCCESS,,1,Approved,0,2026-06-07 09:11:38.959140
PAY005011,CUST7272,606,Credit Card,Quarterly,SUCCESS,,0,Approved,0,2026-08-03 04:02:38.959140
PAY005012,CUST9508,13481,Wallet,Quarterly,SUCCESS,,2,Approved,0,2026-06-02 02:49:38.959140
PAY005013,CUST5624,22357,Debit Card,Monthly,FAILED,UPI Failure,2,Processing Error,1,2026-05-14 15:11:38.959140
PAY005014,CUST9563,23111,Wallet,Monthly,SUCCESS,,2,Approved,0,2026-06-09 05:40:38.959140
PAY005015,CUST3442,24910,Debit Card,Quarterly,SUCCESS,,3,Approved,0,2026-08-06 19:11:38.959140
PAY005016,CUST6274,6183,Credit Card,Quarterly,SUCCESS,,1,Approved,0,2026-07-04 04:47:38.959140
PAY005017,CUST1413,15366,Debit Card,Monthly,SUCCESS,,1,Approved,0,2026-06-18 13:40:38.959140
PAY005018,CUST9638,8348,Credit Card,Annual,FAILED,Network Error,2,Blocked,1,2026-05-15 08:13:38.959140
PAY005019,CUST8746,5303,Net Banking,Quarterly,FAILED,UPI Failure,0,Processing Error,1,2026-04-26 11:54:38.959140
PAY005020,CUST9945,23318,Net Banking,Quarterly,FAILED,Bank Timeout,0,Blocked,1,2026-06-14 16:47:38.959140
PAY005021,CUST3119,22915,UPI,Annual,SUCCESS,,3,Approved,0,2026-03-24 04:31:38.959140
PAY005022,CUST4524,6901,Net Banking,Annual,SUCCESS,,0,Approved,0,2026-07-12 07:44:38.959140
PAY005023,CUST3232,6311,Net Banking,Monthly,SUCCESS,,0,Approved,0,2026-05-16 09:58:38.959140
PAY005024,CUST5842,21556,UPI,Quarterly,SUCCESS,,0,Approved,0,2026-06-05 07:43:38.959140
PAY005025,CUST7351,8727,UPI,Quarterly,FAILED,Card Expired,1,Approved,0,2026-03-10 11:48:38.959140
PAY005026,CUST6775,11747,Net Banking,Quarterly,FAILED,Invalid CVV,1,Timeout,0,2026-06-25 08:49:38.959140
PAY005027,CUST8845,6807,UPI,Monthly,SUCCESS,,1,Approved,0,2026-03-22 09:15:38.959140
PAY005028,CUST4981,11974,Debit Card,Annual,SUCCESS,,1,Approved,0,2026-04-20 03:22:38.959140
PAY005029,CUST2511,5493,UPI,Monthly,FAILED,UPI Failure,3,Approved,1,2026-08-10 01:59:38.959140
PAY005030,CUST5824,20847,Debit Card,Annual,SUCCESS,,2,Approved,0,2026-04-19 23:53:38.959140
PAY005031,CUST7772,12036,UPI,Annual,SUCCESS,,2,Approved,0,2026-08-04 22:26:38.959140
PAY005032,CUST8801,16698,Wallet,Quarterly,SUCCESS,,0,Approved,0,2026-08-09 07:56:38.959140
PAY005033,CUST7002,23382,Wallet,Annual,SUCCESS,,1,Approved,0,2026-03-30 20:18:38.959140
PAY005034,CUST8476,19989,Net Banking,Monthly,SUCCESS,,2,Approved,0,2026-04-18 08:51:38.959140
PAY005035,CUST1737,16189,Credit Card,Monthly,SUCCESS,,2,Approved,0,2026-06-24 00:01:38.959140
PAY005036,CUST6267,5583,Debit Card,Annual,SUCCESS,,1,Approved,0,2026-04-20 12:14:38.959140
PAY005037,CUST8380,14483,Credit Card,Annual,SUCCESS,,0,Approved,0,2026-05-01 13:33:38.959140
PAY005038,CUST7493,10329,Wallet,Quarterly,SUCCESS,,1,Approved,0,2026-08-01 23:48:38.959140
PAY005039,CUST1104,15552,Net Banking,Monthly,SUCCESS,,3,Approved,0,2026-04-25 09:00:38.959140
PAY005040,CUST6787,12714,Net Banking,Monthly,SUCCESS,,3,Approved,0,2026-08-13 07:00:38.959140
PAY005041,CUST3281,14821,Credit Card,Annual,SUCCESS,,3,Approved,0,2026-07-18 08:03:38.959140
PAY005042,CUST4482,4035,Wallet,Quarterly,FAILED,Bank Timeout,1,Approved,1,2026-07-31 03:37:38.959140
PAY005043,CUST3189,17701,Net Banking,Quarterly,FAILED,Fraud Suspected,1,Processing Error,0,2026-06-05 07:42:38.959140
PAY005044,CUST1181,7160,Debit Card,Annual,SUCCESS,,1,Approved,0,2026-04-14 18:23:38.959140
PAY005045,CUST7591,21196,Net Banking,Annual,FAILED,Bank Timeout,3,Approved,1,2026-06-21 13:15:38.959140
PAY005046,CUST2548,1162,Credit Card,Monthly,FAILED,User Cancelled,2,Declined,0,2026-06-16 15:59:38.959140
PAY005047,CUST9536,8770,Debit Card,Annual,SUCCESS,,1,Approved,0,2026-05-10 16:56:38.959140
PAY005048,CUST6758,18528,UPI,Monthly,FAILED,Fraud Suspected,0,Processing Error,0,2026-03-30 06:36:38.959140
PAY005049,CUST8662,6040,Wallet,Annual,FAILED,Invalid CVV,0,Declined,0,2026-03-15 02:19:38.959140
PAY005050,CUST4694,24909,Net Banking,Quarterly,SUCCESS,,0,Approved,0,2026-05-04 16:13:38.959140
PAY005051,CUST7730,17434,Debit Card,Annual,SUCCESS,,0,Approved,0,2026-03-24 22:34:38.959140
PAY005052,CUST5227,11942,Credit Card,Monthly,SUCCESS,,2,Approved,0,2026-06-22 01:28:38.959140
PAY005053,CUST2710,16471,Credit Card,Quarterly,SUCCESS,,1,Approved,0,2026-08-24 12:52:38.959140
PAY005054,CUST9135,22687,Credit Card,Quarterly,SUCCESS,,3,Approved,0,2026-05-10 01:13:38.959140
PAY005055,CUST8997,14112,Debit Card,Annual,SUCCESS,,3,Approved,0,2026-06-04 11:57:38.959140
PAY005056,CUST4418,18416,Debit Card,Monthly,SUCCESS,,3,Approved,0,2026-03-22 21:22:38.959140
PAY005057,CUST6669,19616,Credit Card,Annual,SUCCESS,,0,Approved,0,2026-06-24 06:22:38.959140
PAY005058,CUST8083,18046,Net Banking,Monthly,SUCCESS,,2,Approved,0,2026-04-11 09:58:38.959140
PAY005059,CUST9028,20015,Net Banking,Monthly,SUCCESS,,0,Approved,0,2026-07-11 12:20:38.959140
PAY005060,CUST2228,1002,UPI,Monthly,SUCCESS,,0,Approved,0,2026-03-26 21:49:38.959140
PAY005061,CUST1003,11053,Debit Card,Quarterly,SUCCESS,,2,Approved,0,2026-06-13 12:00:38.959140
PAY005062,CUST9182,6613,Wallet,Monthly,SUCCESS,,3,Approved,0,2026-04-24 12:22:38.959140
PAY005063,CUST7451,8669,UPI,Quarterly,FAILED,Insufficient Funds,0,Blocked,1,2026-03-25 15:28:38.959140
PAY005064,CUST2467,8293,Debit Card,Quarterly,FAILED,Insufficient Funds,3,Timeout,1,2026-07-15 23:12:38.959140
PAY005065,CUST8441,21774,Wallet,Annual,SUCCESS,,0,Approved,0,2026-05-18 05:41:38.959140
PAY005066,CUST8407,21932,Credit Card,Monthly,SUCCESS,,1,Approved,0,2026-05-19 06:31:38.959140
PAY005067,CUST3969,13022,Credit Card,Quarterly,SUCCESS,,0,Approved,0,2026-03-18 00:04:38.959140
PAY005068,CUST3841,10111,UPI,Quarterly,SUCCESS,,1,Approved,0,2026-07-10 14:43:38.959140
PAY005069,CUST5373,12778,Debit Card,Annual,SUCCESS,,3,Approved,0,2026-04-07 14:33:38.959140
PAY005070,CUST4202,3492,Credit Card,Quarterly,FAILED,UPI Failure,2,Blocked,1,2026-05-14 16:27:38.959140
PAY005071,CUST6499,3983,Debit Card,Annual,SUCCESS,,0,Approved,0,2026-07-11 19:50:38.959140
PAY005072,CUST3996,15386,Net Banking,Monthly,SUCCESS,,3,Approved,0,2026-04-16 05:31:38.959140
PAY005073,CUST9329,19308,Wallet,Annual,FAILED,User Cancelled,3,Processing Error,0,2026-06-10 06:36:38.959140
PAY005074,CUST2029,21098,UPI,Annual,SUCCESS,,3,Approved,0,2026-07-25 02:55:38.959140
PAY005075,CUST6681,19922,Wallet,Quarterly,SUCCESS,,3,Approved,0,2026-04-15 07:05:38.959140
PAY005076,CUST7729,15789,Debit Card,Quarterly,FAILED,Network Error,2,Declined,1,2026-08-07 18:24:38.959140
PAY005077,CUST9028,1772,Net Banking,Quarterly,FAILED,Network Error,1,Declined,1,2026-05-18 11:10:38.959140
PAY005078,CUST5322,11589,Debit Card,Annual,SUCCESS,,3,Approved,0,2026-08-03 23:30:38.959140
PAY005079,CUST5248,24393,Wallet,Annual,SUCCESS,,3,Approved,0,2026-05-18 21:22:38.959140
PAY005080,CUST6793,14602,Credit Card,Quarterly,SUCCESS,,0,Approved,0,2026-05-12 07:28:38.959140
PAY005081,CUST5148,8380,UPI,Quarterly,FAILED,Insufficient Funds,2,Declined,1,2026-07-05 17:24:38.959140
PAY005082,CUST1091,16324,Wallet,Annual,SUCCESS,,1,Approved,0,2026-06-27 02:55:38.959140
PAY005083,CUST4719,24610,Wallet,Quarterly,SUCCESS,,3,Approved,0,2026-05-06 02:42:38.959140
PAY005084,CUST6724,983,Debit Card,Annual,SUCCESS,,1,Approved,0,2026-05-29 01:40:38.959140
PAY005085,CUST4761,1165,Wallet,Monthly,FAILED,Insufficient Funds,3,Timeout,1,2026-06-13 08:53:38.959140
PAY005086,CUST7601,17586,Wallet,Monthly,SUCCESS,,2,Approved,0,2026-08-25 04:14:38.959140
PAY005087,CUST7669,19994,Wallet,Quarterly,SUCCESS,,0,Approved,0,2026-04-23 21:20:38.959140
PAY005088,CUST5533,24358,UPI,Quarterly,SUCCESS,,0,Approved,0,2026-07-14 14:50:38.959140
PAY005089,CUST5502,6948,UPI,Quarterly,SUCCESS,,0,Approved,0,2026-08-02 23:17:38.959140
PAY005090,CUST5219,12758,UPI,Quarterly,SUCCESS,,1,Approved,0,2026-04-10 23:09:38.959140
PAY005091,CUST6914,24284,Wallet,Monthly,SUCCESS,,1,Approved,0,2026-05-23 00:06:38.959140
PAY005092,CUST7464,14908,Net Banking,Quarterly,FAILED,Network Error,3,Timeout,1,2026-04-16 07:09:38.959140
PAY005093,CUST8075,8830,UPI,Monthly,SUCCESS,,3,Approved,0,2026-08-14 01:05:38.959140
PAY005094,CUST8774,4571,Debit Card,Monthly,SUCCESS,,3,Approved,0,2026-04-14 14:02:38.959140
PAY005095,CUST5647,4903,UPI,Monthly,SUCCESS,,0,Approved,0,2026-07-16 19:38:38.959140
PAY005096,CUST1735,791,Net Banking,Annual,FAILED,UPI Failure,1,Processing Error,1,2026-07-02 04:15:38.959140
PAY005097,CUST7418,19639,Debit Card,Annual,SUCCESS,,2,Approved,0,2026-03-30 17:36:38.959140
PAY005098,CUST8689,15220,Credit Card,Annual,SUCCESS,,3,Approved,0,2026-06-20 19:10:38.959140
PAY005099,CUST2428,7834,Debit Card,Quarterly,SUCCESS,,0,Approved,0,2026-05-26 13:19:38.959140
PAY005100,CUST7081,10631,Debit Card,Annual,SUCCESS,,3,Approved,0,2026-08-13 18:17:38.959140
PAY005101,CUST6635,17403,Credit Card,Quarterly,FAILED,User Cancelled,1,Approved,0,2026-08-12 10:50:38.959140
PAY005102,CUST7610,15412,Wallet,Quarterly,SUCCESS,,0,Approved,0,2026-07-20 00:02:38.959140
PAY005103,CUST8878,24878,UPI,Annual,SUCCESS,,3,Approved,0,2026-03-20 19:23:38.959140
PAY005104,CUST3987,23023,Credit Card,Annual,FAILED,Bank Timeout,0,Blocked,1,2026-08-28 04:26:38.959140
PAY005105,CUST2798,3207,Credit Card,Monthly,SUCCESS,,1,Approved,0,2026-06-21 13:32:38.959140
PAY005106,CUST9534,8407,Debit Card,Annual,SUCCESS,,2,Approved,0,2026-06-26 16:54:38.959140
PAY005107,CUST5070,24229,Net Banking,Quarterly,SUCCESS,,1,Approved,0,2026-08-22 07:42:38.959140
PAY005108,CUST2083,14710,UPI,Annual,FAILED,Insufficient Funds,0,Processing Error,1,2026-05-09 16:32:38.959140
PAY005109,CUST5379,13352,UPI,Quarterly,FAILED,Insufficient Funds,2,Processing Error,1,2026-03-31 11:36:38.959140
PAY005110,CUST9812,15010,Debit Card,Quarterly,SUCCESS,,1,Approved,0,2026-07-26 09:37:38.959140
PAY005111,CUST1174,8910,Credit Card,Quarterly,SUCCESS,,1,Approved,0,2026-08-03 10:39:38.959140
PAY005112,CUST8091,11609,Debit Card,Annual,SUCCESS,,3,Approved,0,2026-04-17 14:08:38.959140
PAY005113,CUST5768,22328,Debit Card,Annual,SUCCESS,,0,Approved,0,2026-08-14 19:28:38.959140
PAY005114,CUST1162,6151,Credit Card,Monthly,SUCCESS,,0,Approved,0,2026-06-29 15:19:38.959140
PAY005115,CUST5025,18255,UPI,Quarterly,FAILED,Invalid CVV,1,Timeout,0,2026-07-31 22:55:38.959140
PAY005116,CUST9234,17114,Debit Card,Quarterly,SUCCESS,,2,Approved,0,2026-07-23 15:02:38.959140
PAY005117,CUST4275,1463,Credit Card,Annual,FAILED,Network Error,2,Approved,1,2026-07-22 22:58:38.959140
PAY005118,CUST1083,20622,Debit Card,Monthly,SUCCESS,,2,Approved,0,2026-05-28 02:53:38.959140
PAY005119,CUST6924,20578,Credit Card,Monthly,SUCCESS,,0,Approved,0,2026-04-01 09:51:38.959140
PAY005120,CUST7589,21364,Net Banking,Monthly,FAILED,Bank Timeout,0,Blocked,1,2026-08-20 10:43:38.959140
PAY005121,CUST5028,19772,Debit Card,Quarterly,SUCCESS,,1,Approved,0,2026-08-22 12:11:38.959140
PAY005122,CUST8211,204,Wallet,Annual,SUCCESS,,1,Approved,0,2026-03-15 03:28:38.959140
PAY005123,CUST1985,11673,Credit Card,Annual,SUCCESS,,2,Approved,0,2026-08-03 08:44:38.959140
PAY005124,CUST3391,5451,Wallet,Quarterly,SUCCESS,,0,Approved,0,2026-03-31 04:29:38.959140
PAY005125,CUST1360,18397,Debit Card,Monthly,SUCCESS,,2,Approved,0,2026-03-10 14:21:38.959140
PAY005126,CUST1638,21866,Net Banking,Annual,SUCCESS,,1,Approved,0,2026-07-15 04:37:38.959140
PAY005127,CUST3038,1916,UPI,Annual,SUCCESS,,2,Approved,0,2026-06-13 23:36:38.959140
PAY005128,CUST9694,1931,Debit Card,Annual,SUCCESS,,2,Approved,0,2026-05-02 22:15:38.959140
PAY005129,CUST8953,17014,Wallet,Quarterly,SUCCESS,,2,Approved,0,2026-05-29 12:45:38.959140
PAY005130,CUST4878,19330,Wallet,Monthly,FAILED,User Cancelled,1,Timeout,0,2026-04-28 02:47:38.959140
PAY005131,CUST3381,2872,Credit Card,Annual,SUCCESS,,1,Approved,0,2026-06-06 06:41:38.959140
PAY005132,CUST6816,14405,UPI,Annual,FAILED,Bank Timeout,2,Blocked,1,2026-08-11 21:28:38.959140
PAY005133,CUST8651,11972,Net Banking,Annual,SUCCESS,,2,Approved,0,2026-07-05 11:55:38.959140
PAY005134,CUST1672,21771,Credit Card,Monthly,FAILED,User Cancelled,0,Blocked,0,2026-05-10 01:36:38.959140
PAY005135,CUST5289,4160,Wallet,Quarterly,FAILED,User Cancelled,3,Timeout,0,2026-07-20 07:36:38.959140
PAY005136,CUST5819,22224,Wallet,Annual,SUCCESS,,2,Approved,0,2026-03-12 12:18:38.959140
PAY005137,CUST6330,24329,UPI,Annual,SUCCESS,,0,Approved,0,2026-08-17 20:52:38.959140
PAY005138,CUST7671,21542,Debit Card,Monthly,SUCCESS,,2,Approved,0,2026-05-01 05:59:38.959140
PAY005139,CUST7766,10992,Wallet,Quarterly,SUCCESS,,0,Approved,0,2026-05-29 13:26:38.959140
PAY005140,CUST6449,11643,Wallet,Annual,SUCCESS,,1,Approved,0,2026-05-15 20:13:38.959140
PAY005141,CUST3499,2130,Net Banking,Quarterly,SUCCESS,,1,Approved,0,2026-07-08 16:29:38.959140
PAY005142,CUST9079,9930,Debit Card,Quarterly,FAILED,UPI Failure,3,Processing Error,1,2026-07-27 13:05:38.959140
PAY005143,CUST2924,5994,Credit Card,Monthly,SUCCESS,,2,Approved,0,2026-04-30 11:29:38.959140
PAY005144,CUST5068,4961,Net Banking,Annual,SUCCESS,,2,Approved,0,2026-07-21 21:45:38.959140
PAY005145,CUST2017,1361,Debit Card,Quarterly,SUCCESS,,0,Approved,0,2026-06-07 15:11:38.959140
PAY005146,CUST7816,19754,Net Banking,Quarterly,FAILED,Fraud Suspected,2,Blocked,0,2026-06-17 10:56:38.959140
PAY005147,CUST6585,3556,Net Banking,Annual,FAILED,Bank Timeout,3,Declined,1,2026-05-26 10:04:38.959140
PAY005148,CUST4620,3946,Debit Card,Monthly,FAILED,User Cancelled,1,Blocked,0,2026-05-08 20:33:38.959140
PAY005149,CUST1341,14857,Net Banking,Quarterly,FAILED,Fraud Suspected,3,Blocked,0,2026-05-30 03:07:38.959140
PAY005150,CUST3417,5173,Net Banking,Quarterly,SUCCESS,,1,Approved,0,2026-06-07 03:39:38.959140
PAY005151,CUST7026,2155,UPI,Annual,SUCCESS,,2,Approved,0,2026-08-05 12:55:38.959140
PAY005152,CUST1809,9152,UPI,Quarterly,SUCCESS,,0,Approved,0,2026-06-08 04:11:38.959140
PAY005153,CUST4942,12044,Debit Card,Quarterly,SUCCESS,,2,Approved,0,2026-06-18 23:03:38.959140
PAY005154,CUST8129,11115,Credit Card,Monthly,SUCCESS,,2,Approved,0,2026-08-24 22:38:38.959140
PAY005155,CUST7111,18391,Net Banking,Annual,SUCCESS,,1,Approved,0,2026-04-15 20:30:38.959140
PAY005156,CUST6834,13685,UPI,Quarterly,FAILED,Insufficient Funds,3,Blocked,1,2026-06-10 10:58:38.959140
PAY005157,CUST5812,24472,Credit Card,Monthly,FAILED,Invalid CVV,0,Approved,0,2026-03-15 06:10:38.959140
PAY005158,CUST8725,12241,Wallet,Quarterly,SUCCESS,,2,Approved,0,2026-07-11 16:21:38.959140
PAY005159,CUST7405,3162,Wallet,Quarterly,FAILED,Network Error,3,Declined,1,2026-06-23 22:42:38.959140
PAY005160,CUST1590,20286,Wallet,Annual,FAILED,Card Expired,1,Processing Error,0,2026-08-15 05:48:38.959140
PAY005161,CUST1547,17061,Debit Card,Quarterly,FAILED,Insufficient Funds,2,Approved,1,2026-07-05 10:39:38.959140
PAY005162,CUST2769,18182,Debit Card,Monthly,FAILED,Card Expired,1,Approved,0,2026-06-26 12:30:38.959140
PAY005163,CUST1794,5399,UPI,Annual,SUCCESS,,3,Approved,0,2026-04-30 16:34:38.959140
PAY005164,CUST4557,22576,Wallet,Quarterly,SUCCESS,,1,Approved,0,2026-07-16 14:50:38.959140
PAY005165,CUST1039,19348,Credit Card,Annual,SUCCESS,,0,Approved,0,2026-04-12 11:15:38.959140
PAY005166,CUST2028,14764,Wallet,Annual,SUCCESS,,1,Approved,0,2026-08-28 14:02:38.959140
PAY005167,CUST8369,17407,Wallet,Monthly,SUCCESS,,2,Approved,0,2026-04-30 09:06:38.959140
PAY005168,CUST5472,13606,Credit Card,Annual,FAILED,Invalid CVV,3,Declined,0,2026-05-27 11:52:38.959140
PAY005169,CUST2518,7720,Credit Card,Quarterly,SUCCESS,,2,Approved,0,2026-06-11 02:23:38.959140
PAY005170,CUST8876,13362,Debit Card,Monthly,SUCCESS,,3,Approved,0,2026-05-01 23:26:38.959140
PAY005171,CUST1491,13633,Debit Card,Quarterly,SUCCESS,,2,Approved,0,2026-04-28 19:54:38.959140
PAY005172,CUST9108,6460,Wallet,Quarterly,SUCCESS,,1,Approved,0,2026-07-26 10:49:38.959140
PAY005173,CUST2522,14593,Wallet,Quarterly,SUCCESS,,2,Approved,0,2026-06-12 03:38:38.959140
PAY005174,CUST3765,10006,Debit Card,Quarterly,SUCCESS,,2,Approved,0,2026-06-28 17:40:38.959140
PAY005175,CUST5214,21848,Net Banking,Annual,SUCCESS,,0,Approved,0,2026-05-04 11:58:38.959140
PAY005176,CUST2504,18745,Debit Card,Quarterly,SUCCESS,,2,Approved,0,2026-04-24 04:32:38.959140
PAY005177,CUST5573,13316,UPI,Monthly,FAILED,Bank Timeout,2,Declined,1,2026-07-06 18:49:38.959140
PAY005178,CUST7144,19213,Debit Card,Annual,SUCCESS,,0,Approved,0,2026-08-10 23:21:38.959140
PAY005179,CUST2994,13805,Wallet,Monthly,SUCCESS,,0,Approved,0,2026-08-20 03:55:38.959140
PAY005180,CUST7286,18991,Wallet,Quarterly,FAILED,Bank Timeout,1,Timeout,1,2026-04-23 00:53:38.959140
PAY005181,CUST4404,1817,Credit Card,Quarterly,SUCCESS,,1,Approved,0,2026-06-02 22:41:38.959140
PAY005182,CUST2053,8941,Credit Card,Annual,SUCCESS,,0,Approved,0,2026-05-19 05:12:38.959140
PAY005183,CUST9215,9955,Credit Card,Monthly,SUCCESS,,2,Approved,0,2026-06-08 01:17:38.959140
PAY005184,CUST8362,10902,Net Banking,Annual,FAILED,Invalid CVV,2,Timeout,0,2026-06-24 03:17:38.959140
PAY005185,CUST1034,12283,UPI,Quarterly,FAILED,Invalid CVV,3,Blocked,0,2026-06-09 06:19:38.959140
PAY005186,CUST7481,24175,Net Banking,Annual,SUCCESS,,1,Approved,0,2026-08-23 15:45:38.959140
PAY005187,CUST5324,21042,Credit Card,Quarterly,SUCCESS,,2,Approved,0,2026-08-28 00:56:38.959140
PAY005188,CUST2759,5525,Debit Card,Quarterly,FAILED,User Cancelled,3,Processing Error,0,2026-03-16 10:21:38.959140
PAY005189,CUST1693,8333,UPI,Quarterly,SUCCESS,,2,Approved,0,2026-04-11 03:03:38.959140
PAY005190,CUST5096,22545,Net Banking,Annual,SUCCESS,,3,Approved,0,2026-05-29 11:03:38.959140
PAY005191,CUST5088,12179,Debit Card,Monthly,SUCCESS,,1,Approved,0,2026-03-19 00:47:38.959140
PAY005192,CUST1355,3136,Debit Card,Quarterly,SUCCESS,,2,Approved,0,2026-07-09 21:26:38.959140
PAY005193,CUST6187,3417,Wallet,Quarterly,SUCCESS,,1,Approved,0,2026-04-19 13:01:38.959140
PAY005194,CUST4041,2969,Credit Card,Annual,SUCCESS,,2,Approved,0,2026-04-12 22:35:38.959140
PAY005195,CUST4355,15689,Credit Card,Quarterly,SUCCESS,,3,Approved,0,2026-05-23 13:51:38.959140
PAY005196,CUST5573,22769,Credit Card,Monthly,SUCCESS,,0,Approved,0,2026-07-29 16:33:38.959140
PAY005197,CUST1664,3237,Wallet,Annual,SUCCESS,,0,Approved,0,2026-05-22 00:31:38.959140
PAY005198,CUST3475,24238,Credit Card,Annual,FAILED,Insufficient Funds,3,Timeout,1,2026-03-17 16:03:38.959140
PAY005199,CUST5841,8856,Wallet,Quarterly,SUCCESS,,2,Approved,0,2026-06-01 09:11:38.959140
PAY005200,CUST3174,19713,Net Banking,Monthly,SUCCESS,,0,Approved,0,2026-05-09 13:25:38.959140
PAY005201,CUST2852,11611,Debit Card,Monthly,SUCCESS,,3,Approved,0,2026-03-27 05:16:38.959140
PAY005202,CUST6113,16607,UPI,Annual,SUCCESS,,1,Approved,0,2026-03-17 22:44:38.959140
PAY005203,CUST4618,24071,UPI,Quarterly,SUCCESS,,2,Approved,0,2026-04-01 06:49:38.959140
PAY005204,CUST3292,19607,UPI,Quarterly,SUCCESS,,1,Approved,0,2026-08-20 02:49:38.959140
PAY005205,CUST4295,15033,Net Banking,Monthly,SUCCESS,,2,Approved,0,2026-05-10 13:00:38.959140
PAY005206,CUST3539,14746,UPI,Quarterly,SUCCESS,,1,Approved,0,2026-08-08 16:39:38.959140
PAY005207,CUST5620,20074,Credit Card,Monthly,SUCCESS,,1,Approved,0,2026-05-29 12:46:38.959140
PAY005208,CUST7523,14024,UPI,Monthly,SUCCESS,,3,Approved,0,2026-05-12 18:28:38.959140
PAY005209,CUST7780,13262,Debit Card,Quarterly,SUCCESS,,0,Approved,0,2026-08-21 10:18:38.959140
PAY005210,CUST8433,13813,Debit Card,Quarterly,SUCCESS,,1,Approved,0,2026-04-24 09:53:38.959140
PAY005211,CUST3274,13893,UPI,Annual,SUCCESS,,3,Approved,0,2026-08-27 22:55:38.959140
PAY005212,CUST1941,20711,Credit Card,Quarterly,SUCCESS,,3,Approved,0,2026-07-23 20:37:38.959140
PAY005213,CUST6836,3793,Net Banking,Annual,SUCCESS,,0,Approved,0,2026-03-11 04:53:38.959140
PAY005214,CUST8575,14066,UPI,Monthly,SUCCESS,,0,Approved,0,2026-05-06 21:52:38.959140
PAY005215,CUST4319,2826,Credit Card,Monthly,FAILED,Invalid CVV,0,Processing Error,0,2026-08-11 10:17:38.959140
PAY005216,CUST4790,6247,UPI,Annual,SUCCESS,,1,Approved,0,2026-07-26 04:46:38.959140
PAY005217,CUST7858,9032,Debit Card,Quarterly,FAILED,User Cancelled,2,Approved,0,2026-07-21 10:27:38.959140
PAY005218,CUST9650,14594,Credit Card,Monthly,FAILED,Bank Timeout,2,Approved,1,2026-04-13 02:07:38.959140
PAY005219,CUST5342,5887,Net Banking,Annual,SUCCESS,,3,Approved,0,2026-07-12 05:04:38.959140
PAY005220,CUST2808,11054,Wallet,Monthly,SUCCESS,,2,Approved,0,2026-07-22 08:54:38.959140
PAY005221,CUST2061,1230,Debit Card,Annual,SUCCESS,,2,Approved,0,2026-03-22 07:55:38.959140
PAY005222,CUST6178,16627,UPI,Monthly,SUCCESS,,0,Approved,0,2026-07-29 14:59:38.959140
PAY005223,CUST6980,6336,Credit Card,Monthly,SUCCESS,,2,Approved,0,2026-05-20 01:04:38.959140
PAY005224,CUST7034,6753,Debit Card,Monthly,FAILED,User Cancelled,1,Processing Error,0,2026-03-10 23:41:38.959140
PAY005225,CUST9851,1833,Debit Card,Monthly,SUCCESS,,0,Approved,0,2026-06-22 22:58:38.959140
PAY005226,CUST8355,8734,UPI,Annual,SUCCESS,,1,Approved,0,2026-05-30 20:58:38.959140
PAY005227,CUST5416,3241,Net Banking,Monthly,SUCCESS,,3,Approved,0,2026-03-11 18:05:38.959140
PAY005228,CUST3779,6126,Wallet,Annual,SUCCESS,,2,Approved,0,2026-07-15 22:01:38.959140
PAY005229,CUST8357,7438,Wallet,Quarterly,FAILED,UPI Failure,1,Approved,1,2026-08-24 08:38:38.959140
PAY005230,CUST8281,3652,Debit Card,Monthly,SUCCESS,,3,Approved,0,2026-05-17 17:19:38.959140
PAY005231,CUST4878,3192,Wallet,Monthly,SUCCESS,,3,Approved,0,2026-08-30 01:53:38.959140
PAY005232,CUST6687,23083,Debit Card,Annual,SUCCESS,,0,Approved,0,2026-03-20 05:10:38.959140
PAY005233,CUST2206,12499,Net Banking,Annual,SUCCESS,,1,Approved,0,2026-04-23 19:54:38.959140
PAY005234,CUST9184,12412,UPI,Annual,SUCCESS,,2,Approved,0,2026-07-04 23:05:38.959140
PAY005235,CUST7319,8543,Debit Card,Annual,SUCCESS,,2,Approved,0,2026-03-17 15:48:38.959140
PAY005236,CUST6815,20725,Credit Card,Annual,SUCCESS,,2,Approved,0,2026-08-25 18:03:38.959140
PAY005237,CUST1351,6738,Net Banking,Quarterly,SUCCESS,,2,Approved,0,2026-06-02 19:57:38.959140
PAY005238,CUST8683,318,Wallet,Annual,FAILED,Bank Timeout,2,Approved,1,2026-05-20 03:43:38.959140
PAY005239,CUST2813,4922,Wallet,Annual,SUCCESS,,1,Approved,0,2026-05-30 18:02:38.959140
PAY005240,CUST2062,13555,UPI,Annual,FAILED,Bank Timeout,0,Processing Error,1,2026-07-26 04:06:38.959140
PAY005241,CUST4609,753,Net Banking,Monthly,SUCCESS,,0,Approved,0,2026-03-14 14:31:38.959140
PAY005242,CUST1057,2327,Wallet,Monthly,SUCCESS,,2,Approved,0,2026-08-10 12:06:38.959140
PAY005243,CUST4216,1703,Credit Card,Quarterly,SUCCESS,,0,Approved,0,2026-08-15 14:37:38.959140
PAY005244,CUST1395,21947,Debit Card,Annual,SUCCESS,,1,Approved,0,2026-06-13 19:23:38.959140
PAY005245,CUST9043,17265,Net Banking,Monthly,SUCCESS,,3,Approved,0,2026-06-02 10:35:38.959140
PAY005246,CUST7319,22087,Wallet,Monthly,SUCCESS,,3,Approved,0,2026-04-03 05:15:38.959140
PAY005247,CUST7573,3394,Debit Card,Quarterly,FAILED,User Cancelled,0,Processing Error,0,2026-06-20 07:45:38.959140
PAY005248,CUST6209,16183,Wallet,Quarterly,SUCCESS,,3,Approved,0,2026-04-15 15:00:38.959140
PAY005249,CUST3740,18545,Credit Card,Monthly,SUCCESS,,0,Approved,0,2026-06-25 17:24:38.959140
PAY005250,CUST7574,4035,Credit Card,Annual,SUCCESS,,1,Approved,0,2026-05-15 20:46:38.959140
PAY005251,CUST3862,24299,Debit Card,Monthly,FAILED,Fraud Suspected,3,Blocked,0,2026-08-01 21:43:38.959140
PAY005252,CUST8650,11794,Debit Card,Annual,SUCCESS,,0,Approved,0,2026-05-26 01:32:38.959140
PAY005253,CUST6949,21036,Wallet,Monthly,SUCCESS,,3,Approved,0,2026-04-13 05:35:38.959140
PAY005254,CUST9136,24046,Debit Card,Annual,SUCCESS,,0,Approved,0,2026-06-07 00:21:38.959140
PAY005255,CUST4911,9344,Debit Card,Annual,SUCCESS,,3,Approved,0,2026-05-30 22:14:38.959140
PAY005256,CUST9798,21944,Credit Card,Quarterly,FAILED,Fraud Suspected,2,Declined,0,2026-07-06 23:14:38.959140
PAY005257,CUST3034,19061,Credit Card,Quarterly,SUCCESS,,3,Approved,0,2026-07-24 15:34:38.959140
PAY005258,CUST4279,1281,UPI,Annual,SUCCESS,,0,Approved,0,2026-06-29 03:30:38.959140
PAY005259,CUST3016,8427,Credit Card,Quarterly,SUCCESS,,3,Approved,0,2026-07-04 09:14:38.959140
PAY005260,CUST4099,3766,Credit Card,Quarterly,FAILED,Invalid CVV,0,Blocked,0,2026-06-21 07:28:38.959140
PAY005261,CUST2250,1330,Credit Card,Annual,SUCCESS,,1,Approved,0,2026-07-01 23:08:38.959140
PAY005262,CUST7444,7201,Wallet,Monthly,SUCCESS,,0,Approved,0,2026-05-07 05:25:38.959140
PAY005263,CUST4803,24283,Credit Card,Quarterly,SUCCESS,,3,Approved,0,2026-05-16 20:52:38.959140
PAY005264,CUST3224,5929,Wallet,Annual,FAILED,Bank Timeout,3,Approved,1,2026-07-13 07:54:38.959140
PAY005265,CUST8865,18084,Wallet,Monthly,SUCCESS,,3,Approved,0,2026-04-24 23:08:38.959140
PAY005266,CUST4227,18400,Debit Card,Annual,SUCCESS,,1,Approved,0,2026-05-22 04:58:38.959140
PAY005267,CUST3706,14912,Credit Card,Monthly,SUCCESS,,1,Approved,0,2026-06-21 16:09:38.959140
PAY005268,CUST8538,2809,Wallet,Quarterly,SUCCESS,,3,Approved,0,2026-07-05 04:21:38.959140
PAY005269,CUST5536,363,Net Banking,Quarterly,SUCCESS,,1,Approved,0,2026-06-21 03:22:38.959140
PAY005270,CUST9109,21207,Net Banking,Annual,FAILED,User Cancelled,0,Processing Error,0,2026-05-06 09:01:38.959140
PAY005271,CUST3056,9950,Debit Card,Monthly,SUCCESS,,1,Approved,0,2026-03-23 07:15:38.959140
PAY005272,CUST5057,10560,Wallet,Annual,SUCCESS,,1,Approved,0,2026-05-12 11:16:38.959140
PAY005273,CUST6762,22706,UPI,Annual,SUCCESS,,2,Approved,0,2026-06-07 21:43:38.959140
PAY005274,CUST5451,15153,Wallet,Monthly,SUCCESS,,1,Approved,0,2026-03-18 22:24:38.959140
PAY005275,CUST7113,6262,Net Banking,Annual,SUCCESS,,3,Approved,0,2026-06-25 11:38:38.959140
PAY005276,CUST5203,13786,Credit Card,Monthly,SUCCESS,,1,Approved,0,2026-08-17 09:00:38.959140
PAY005277,CUST8546,13433,UPI,Annual,SUCCESS,,3,Approved,0,2026-08-18 19:19:38.959140
PAY005278,CUST5460,10732,Credit Card,Annual,SUCCESS,,0,Approved,0,2026-05-21 13:42:38.959140
PAY005279,CUST2739,9031,UPI,Annual,SUCCESS,,2,Approved,0,2026-08-02 18:38:38.959140
PAY005280,CUST8975,9924,Wallet,Quarterly,SUCCESS,,1,Approved,0,2026-08-13 00:21:38.959140
PAY005281,CUST3461,6421,UPI,Monthly,SUCCESS,,2,Approved,0,2026-04-29 11:36:38.959140
PAY005282,CUST9940,17288,Wallet,Quarterly,SUCCESS,,0,Approved,0,2026-06-09 17:18:38.959140
PAY005283,CUST3549,20495,Wallet,Monthly,SUCCESS,,0,Approved,0,2026-04-17 18:46:38.959140
PAY005284,CUST6024,10616,Wallet,Annual,SUCCESS,,1,Approved,0,2026-06-14 01:01:38.959140
PAY005285,CUST9183,3020,UPI,Monthly,SUCCESS,,2,Approved,0,2026-07-18 06:16:38.959140
PAY005286,CUST2515,12204,Net Banking,Quarterly,SUCCESS,,3,Approved,0,2026-03-19 11:42:38.959140
PAY005287,CUST6477,22614,Debit Card,Quarterly,FAILED,Bank Timeout,1,Timeout,1,2026-05-18 18:28:38.959140
PAY005288,CUST3914,5429,UPI,Monthly,SUCCESS,,0,Approved,0,2026-08-22 19:57:38.959140
PAY005289,CUST3779,8312,Credit Card,Annual,SUCCESS,,3,Approved,0,2026-07-01 05:05:38.959140
PAY005290,CUST2365,9421,Net Banking,Monthly,SUCCESS,,0,Approved,0,2026-06-07 00:54:38.959140
PAY005291,CUST7275,7605,UPI,Annual,SUCCESS,,2,Approved,0,2026-05-18 20:58:38.959140
PAY005292,CUST7834,8592,UPI,Monthly,FAILED,Insufficient Funds,3,Approved,1,2026-07-12 12:49:38.959140
PAY005293,CUST6856,17318,UPI,Quarterly,FAILED,UPI Failure,0,Blocked,1,2026-03-19 04:06:38.959140
PAY005294,CUST2399,4472,Credit Card,Monthly,SUCCESS,,0,Approved,0,2026-04-26 02:08:38.959140
PAY005295,CUST6537,5520,Net Banking,Monthly,FAILED,Card Expired,2,Processing Error,0,2026-07-03 01:19:38.959140
PAY005296,CUST5146,1462,UPI,Annual,SUCCESS,,2,Approved,0,2026-05-28 04:40:38.959140
PAY005297,CUST4141,11101,Credit Card,Annual,SUCCESS,,2,Approved,0,2026-03-31 23:35:38.959140
PAY005298,CUST1202,12946,Credit Card,Annual,SUCCESS,,2,Approved,0,2026-07-20 20:13:38.959140
PAY005299,CUST8063,19670,Debit Card,Annual,SUCCESS,,0,Approved,0,2026-05-08 15:31:38.959140
PAY005300,CUST7114,21293,Net Banking,Annual,SUCCESS,,0,Approved,0,2026-07-09 05:19:38.959140
PAY005301,CUST5981,2050,Wallet,Monthly,SUCCESS,,2,Approved,0,2026-04-11 03:31:38.959140
PAY005302,CUST2681,19264,Debit Card,Monthly,SUCCESS,,0,Approved,0,2026-07-04 21:05:38.959140
PAY005303,CUST2849,20008,Debit Card,Monthly,SUCCESS,,2,Approved,0,2026-06-09 12:16:38.959140
PAY005304,CUST9408,24710,Debit Card,Annual,SUCCESS,,0,Approved,0,2026-04-18 04:41:38.959140
PAY005305,CUST2982,19014,Debit Card,Monthly,SUCCESS,,1,Approved,0,2026-06-23 11:25:38.959140
PAY005306,CUST2977,5139,Credit Card,Annual,SUCCESS,,0,Approved,0,2026-08-21 16:34:38.959140
PAY005307,CUST1703,14851,Credit Card,Monthly,SUCCESS,,2,Approved,0,2026-08-18 19:49:38.959140
PAY005308,CUST6033,16682,Net Banking,Annual,SUCCESS,,2,Approved,0,2026-07-15 13:37:38.959140
PAY005309,CUST5870,16925,Wallet,Monthly,FAILED,User Cancelled,3,Blocked,0,2026-05-22 05:02:38.959140
PAY005310,CUST3041,4911,Credit Card,Annual,SUCCESS,,3,Approved,0,2026-04-12 18:34:38.959140
PAY005311,CUST2667,21988,Net Banking,Quarterly,SUCCESS,,2,Approved,0,2026-08-29 15:19:38.959140
PAY005312,CUST3449,22835,UPI,Annual,FAILED,User Cancelled,0,Declined,0,2026-08-22 06:05:38.959140
PAY005313,CUST2009,3215,Wallet,Quarterly,SUCCESS,,0,Approved,0,2026-04-13 12:21:38.959140
PAY005314,CUST3798,7233,Credit Card,Quarterly,FAILED,Invalid CVV,0,Blocked,0,2026-05-14 05:03:38.959140
PAY005315,CUST3054,8314,Credit Card,Annual,SUCCESS,,0,Approved,0,2026-07-20 04:42:38.959140
PAY005316,CUST2338,8349,Credit Card,Monthly,FAILED,Invalid CVV,3,Processing Error,0,2026-04-10 12:07:38.959140
PAY005317,CUST5147,4668,Credit Card,Monthly,SUCCESS,,2,Approved,0,2026-04-23 17:56:38.959140
PAY005318,CUST8343,14550,Net Banking,Quarterly,SUCCESS,,0,Approved,0,2026-08-04 21:39:38.959140
PAY005319,CUST9769,4510,Net Banking,Annual,SUCCESS,,1,Approved,0,2026-07-06 11:02:38.959140
PAY005320,CUST8696,14078,Debit Card,Monthly,SUCCESS,,3,Approved,0,2026-08-22 10:53:38.959140
PAY005321,CUST1650,23062,Net Banking,Annual,FAILED,Bank Timeout,3,Approved,1,2026-06-06 10:04:38.959140
PAY005322,CUST4950,9670,Credit Card,Annual,SUCCESS,,0,Approved,0,2026-03-13 12:38:38.959140
PAY005323,CUST9078,12235,Credit Card,Quarterly,SUCCESS,,0,Approved,0,2026-03-13 04:48:38.959140
PAY005324,CUST6674,4606,Debit Card,Monthly,FAILED,Bank Timeout,2,Processing Error,1,2026-04-29 03:19:38.959140
PAY005325,CUST3914,21936,Net Banking,Quarterly,SUCCESS,,1,Approved,0,2026-06-25 20:23:38.959140
PAY005326,CUST4596,24787,Wallet,Annual,FAILED,User Cancelled,1,Declined,0,2026-06-23 13:21:38.959140
PAY005327,CUST9376,18165,Wallet,Monthly,SUCCESS,,1,Approved,0,2026-08-01 12:47:38.959140
PAY005328,CUST9999,21336,Net Banking,Annual,FAILED,Bank Timeout,1,Processing Error,1,2026-07-09 21:12:38.959140
PAY005329,CUST3959,24268,Credit Card,Quarterly,SUCCESS,,0,Approved,0,2026-04-28 17:13:38.959140
PAY005330,CUST4854,15061,UPI,Monthly,FAILED,User Cancelled,1,Blocked,0,2026-03-24 04:42:38.959140
PAY005331,CUST2325,22436,Credit Card,Quarterly,SUCCESS,,1,Approved,0,2026-07-10 14:00:38.959140
PAY005332,CUST1934,23269,Debit Card,Monthly,SUCCESS,,3,Approved,0,2026-07-18 20:35:38.959140
PAY005333,CUST1100,21576,Wallet,Annual,FAILED,UPI Failure,0,Timeout,1,2026-06-08 00:37:38.959140
PAY005334,CUST6677,9848,Net Banking,Quarterly,FAILED,Invalid CVV,2,Declined,0,2026-07-07 16:47:38.959140
PAY005335,CUST2158,23179,Credit Card,Annual,SUCCESS,,3,Approved,0,2026-04-01 14:26:38.959140
PAY005336,CUST5578,10760,Debit Card,Quarterly,FAILED,Fraud Suspected,2,Blocked,0,2026-03-23 01:59:38.959140
PAY005337,CUST6452,5436,Debit Card,Monthly,SUCCESS,,2,Approved,0,2026-06-23 21:05:38.959140
PAY005338,CUST6364,6289,Wallet,Monthly,SUCCESS,,0,Approved,0,2026-07-22 23:14:38.959140
PAY005339,CUST6806,3253,UPI,Annual,SUCCESS,,3,Approved,0,2026-04-16 16:44:38.959140
PAY005340,CUST7729,3359,Net Banking,Quarterly,SUCCESS,,0,Approved,0,2026-06-26 10:02:38.959140
PAY005341,CUST8026,22136,Credit Card,Quarterly,SUCCESS,,1,Approved,0,2026-08-13 11:05:38.959140
PAY005342,CUST5125,24155,UPI,Quarterly,FAILED,User Cancelled,0,Approved,0,2026-08-28 10:18:38.959140
PAY005343,CUST5273,4763,Credit Card,Quarterly,SUCCESS,,1,Approved,0,2026-04-21 23:49:38.959140
PAY005344,CUST3826,16052,Credit Card,Annual,FAILED,Insufficient Funds,3,Declined,1,2026-08-14 21:13:38.959140
PAY005345,CUST2034,3770,Wallet,Annual,FAILED,Card Expired,1,Processing Error,0,2026-06-11 17:28:38.959140
PAY005346,CUST6033,18783,Net Banking,Annual,SUCCESS,,1,Approved,0,2026-05-13 02:50:38.959140
PAY005347,CUST3277,24646,UPI,Monthly,SUCCESS,,2,Approved,0,2026-08-16 12:19:38.959140
PAY005348,CUST9159,14557,Credit Card,Monthly,FAILED,Invalid CVV,2,Declined,0,2026-08-29 09:04:38.959140
PAY005349,CUST2722,19967,UPI,Annual,SUCCESS,,1,Approved,0,2026-04-22 05:43:38.959140
PAY005350,CUST8077,5406,Debit Card,Annual,SUCCESS,,1,Approved,0,2026-03-19 14:27:38.959140
PAY005351,CUST2565,22162,Wallet,Monthly,FAILED,Network Error,0,Blocked,1,2026-03-14 16:06:38.959140
PAY005352,CUST7098,13779,UPI,Annual,SUCCESS,,2,Approved,0,2026-06-17 09:43:38.959140
PAY005353,CUST9205,1558,Credit Card,Quarterly,SUCCESS,,1,Approved,0,2026-03-22 03:06:38.959140
PAY005354,CUST2429,8383,Net Banking,Monthly,SUCCESS,,0,Approved,0,2026-06-16 19:53:38.959140
PAY005355,CUST7956,8677,Wallet,Quarterly,SUCCESS,,3,Approved,0,2026-03-21 05:05:38.959140
PAY005356,CUST2052,21120,Debit Card,Annual,SUCCESS,,1,Approved,0,2026-04-12 05:54:38.959140
PAY005357,CUST3103,15770,UPI,Quarterly,SUCCESS,,0,Approved,0,2026-04-16 23:05:38.959140
PAY005358,CUST4490,10302,Credit Card,Quarterly,SUCCESS,,3,Approved,0,2026-04-25 08:53:38.959140
PAY005359,CUST6918,3522,UPI,Monthly,SUCCESS,,0,Approved,0,2026-05-23 16:29:38.959140
PAY005360,CUST5788,9740,UPI,Monthly,FAILED,Card Expired,3,Approved,0,2026-03-10 03:43:38.959140
PAY005361,CUST8458,11116,Wallet,Quarterly,SUCCESS,,2,Approved,0,2026-05-09 14:19:38.959140
PAY005362,CUST3404,23716,Credit Card,Annual,SUCCESS,,3,Approved,0,2026-07-26 03:01:38.959140
PAY005363,CUST8606,11808,Credit Card,Annual,SUCCESS,,3,Approved,0,2026-07-25 05:58:38.959140
PAY005364,CUST9564,12477,Wallet,Annual,SUCCESS,,0,Approved,0,2026-07-17 04:38:38.959140
PAY005365,CUST7938,18262,Net Banking,Annual,FAILED,UPI Failure,3,Processing Error,1,2026-07-18 00:29:38.959140
PAY005366,CUST9193,12258,Net Banking,Quarterly,SUCCESS,,0,Approved,0,2026-04-18 10:32:38.959140
PAY005367,CUST9798,4319,UPI,Annual,SUCCESS,,1,Approved,0,2026-06-28 04:56:38.959140
PAY005368,CUST5550,7413,Wallet,Quarterly,FAILED,Bank Timeout,3,Approved,1,2026-07-04 21:31:38.959140
PAY005369,CUST5143,9107,Debit Card,Quarterly,SUCCESS,,2,Approved,0,2026-03-31 02:01:38.959140
PAY005370,CUST8475,13530,Credit Card,Quarterly,SUCCESS,,0,Approved,0,2026-07-05 06:09:38.959140
PAY005371,CUST7598,18302,Debit Card,Annual,SUCCESS,,0,Approved,0,2026-06-08 13:47:38.959140
PAY005372,CUST8937,8224,Debit Card,Annual,SUCCESS,,0,Approved,0,2026-05-12 02:57:38.959140
PAY005373,CUST9836,6413,Debit Card,Monthly,SUCCESS,,0,Approved,0,2026-07-27 11:19:38.959140
PAY005374,CUST6926,23701,Debit Card,Quarterly,SUCCESS,,1,Approved,0,2026-03-15 19:16:38.959140
PAY005375,CUST2329,7817,Wallet,Quarterly,SUCCESS,,1,Approved,0,2026-05-30 08:49:38.959140
PAY005376,CUST6144,13552,Net Banking,Quarterly,SUCCESS,,1,Approved,0,2026-06-11 20:07:38.959140
PAY005377,CUST2223,1886,Debit Card,Monthly,SUCCESS,,3,Approved,0,2026-07-03 09:05:38.959140
PAY005378,CUST1903,21618,Debit Card,Quarterly,SUCCESS,,2,Approved,0,2026-04-12 15:29:38.959140
PAY005379,CUST4588,11510,Debit Card,Quarterly,SUCCESS,,2,Approved,0,2026-07-25 09:12:38.959140
PAY005380,CUST9456,24980,Wallet,Annual,SUCCESS,,0,Approved,0,2026-05-30 18:04:38.959140
PAY005381,CUST3218,15433,UPI,Monthly,SUCCESS,,1,Approved,0,2026-07-05 02:25:38.959140
PAY005382,CUST1149,15025,Debit Card,Monthly,SUCCESS,,1,Approved,0,2026-07-11 10:25:38.959140
PAY005383,CUST3847,20367,Debit Card,Quarterly,FAILED,Card Expired,2,Approved,0,2026-06-07 19:41:38.959140
PAY005384,CUST9057,14634,Wallet,Annual,SUCCESS,,2,Approved,0,2026-07-09 12:40:38.959140
PAY005385,CUST1376,9257,Debit Card,Annual,SUCCESS,,0,Approved,0,2026-08-28 09:33:38.959140
PAY005386,CUST7855,15941,Debit Card,Quarterly,SUCCESS,,0,Approved,0,2026-06-12 19:05:38.959140
PAY005387,CUST5789,14300,Debit Card,Quarterly,SUCCESS,,1,Approved,0,2026-07-27 21:37:38.959140
PAY005388,CUST2346,8578,UPI,Monthly,SUCCESS,,3,Approved,0,2026-06-03 08:46:38.959140
PAY005389,CUST4968,16551,Credit Card,Quarterly,FAILED,Insufficient Funds,3,Declined,1,2026-06-02 16:05:38.959140
PAY005390,CUST5812,1639,Credit Card,Monthly,SUCCESS,,2,Approved,0,2026-07-07 21:07:38.959140
PAY005391,CUST7163,4509,Net Banking,Annual,SUCCESS,,2,Approved,0,2026-08-09 17:43:38.959140
PAY005392,CUST5200,20204,Wallet,Annual,SUCCESS,,3,Approved,0,2026-07-07 10:53:38.959140
PAY005393,CUST4728,7104,Wallet,Monthly,SUCCESS,,0,Approved,0,2026-04-26 06:36:38.959140
PAY005394,CUST3635,14592,Debit Card,Quarterly,FAILED,Invalid CVV,1,Blocked,0,2026-04-26 08:05:38.959140
PAY005395,CUST4139,17380,UPI,Monthly,SUCCESS,,0,Approved,0,2026-03-28 23:13:38.959140
PAY005396,CUST5054,9549,UPI,Quarterly,SUCCESS,,1,Approved,0,2026-04-03 12:59:38.959140
PAY005397,CUST9357,22687,UPI,Monthly,FAILED,User Cancelled,3,Approved,0,2026-08-05 06:36:38.959140
PAY005398,CUST8776,19585,UPI,Monthly,SUCCESS,,0,Approved,0,2026-08-20 04:37:38.959140
PAY005399,CUST4240,8029,Credit Card,Quarterly,SUCCESS,,3,Approved,0,2026-04-28 02:25:38.959140
PAY005400,CUST4440,22467,Net Banking,Monthly,FAILED,Insufficient Funds,3,Timeout,1,2026-05-02 16:33:38.959140
PAY005401,CUST3022,21378,UPI,Quarterly,SUCCESS,,1,Approved,0,2026-04-16 05:05:38.959140
PAY005402,CUST1442,20971,Credit Card,Monthly,SUCCESS,,0,Approved,0,2026-03-30 11:18:38.959140
PAY005403,CUST7586,16116,Wallet,Monthly,SUCCESS,,0,Approved,0,2026-04-23 22:05:38.959140
PAY005404,CUST3106,1181,Credit Card,Monthly,SUCCESS,,2,Approved,0,2026-08-15 09:18:38.959140
PAY005405,CUST5003,10233,Debit Card,Monthly,FAILED,Invalid CVV,2,Processing Error,0,2026-04-08 15:32:38.959140
PAY005406,CUST7953,22046,UPI,Monthly,SUCCESS,,1,Approved,0,2026-05-06 07:41:38.959140
PAY005407,CUST3321,3659,Net Banking,Annual,FAILED,Fraud Suspected,2,Timeout,0,2026-07-09 10:05:38.959140
PAY005408,CUST4434,9117,Net Banking,Quarterly,SUCCESS,,2,Approved,0,2026-05-06 01:40:38.959140
PAY005409,CUST3084,5152,Wallet,Quarterly,SUCCESS,,3,Approved,0,2026-06-14 06:41:38.959140
PAY005410,CUST6094,3587,UPI,Monthly,SUCCESS,,2,Approved,0,2026-08-11 19:33:38.959140
PAY005411,CUST4768,4475,Debit Card,Annual,FAILED,User Cancelled,1,Blocked,0,2026-05-12 00:46:38.959140
PAY005412,CUST3808,6857,Wallet,Annual,SUCCESS,,2,Approved,0,2026-08-16 06:04:38.959140
PAY005413,CUST1746,1017,Net Banking,Annual,SUCCESS,,3,Approved,0,2026-05-06 08:31:38.959140
PAY005414,CUST4470,2983,Debit Card,Quarterly,SUCCESS,,3,Approved,0,2026-08-03 22:43:38.959140
PAY005415,CUST8755,9755,Net Banking,Quarterly,FAILED,Bank Timeout,1,Timeout,1,2026-05-13 23:55:38.959140
PAY005416,CUST7398,9446,Debit Card,Annual,SUCCESS,,2,Approved,0,2026-06-20 17:54:38.959140
PAY005417,CUST1866,10129,UPI,Quarterly,SUCCESS,,3,Approved,0,2026-04-30 04:40:38.959140
PAY005418,CUST5876,18721,Wallet,Quarterly,SUCCESS,,1,Approved,0,2026-05-19 19:55:38.959140
PAY005419,CUST6980,24403,Credit Card,Quarterly,SUCCESS,,3,Approved,0,2026-05-15 02:14:38.959140
PAY005420,CUST5755,7565,Net Banking,Monthly,SUCCESS,,2,Approved,0,2026-08-21 05:25:38.959140
PAY005421,CUST5164,4677,UPI,Quarterly,SUCCESS,,0,Approved,0,2026-03-13 19:57:38.959140
PAY005422,CUST6803,11910,Credit Card,Annual,SUCCESS,,2,Approved,0,2026-08-04 05:25:38.959140
PAY005423,CUST4646,3132,Credit Card,Annual,SUCCESS,,3,Approved,0,2026-03-20 19:19:38.959140
PAY005424,CUST3348,15458,Net Banking,Monthly,SUCCESS,,0,Approved,0,2026-05-28 23:11:38.959140
PAY005425,CUST4297,3511,UPI,Annual,SUCCESS,,3,Approved,0,2026-05-02 19:18:38.959140
PAY005426,CUST7090,1959,UPI,Annual,SUCCESS,,1,Approved,0,2026-04-02 18:37:38.959140
PAY005427,CUST3532,24659,Net Banking,Annual,FAILED,Fraud Suspected,2,Timeout,0,2026-04-23 16:19:38.959140
PAY005428,CUST2487,5187,Net Banking,Annual,SUCCESS,,1,Approved,0,2026-05-26 14:29:38.959140
PAY005429,CUST6018,18773,Wallet,Annual,FAILED,Fraud Suspected,3,Timeout,0,2026-07-19 22:46:38.959140
PAY005430,CUST8477,11710,Wallet,Monthly,SUCCESS,,2,Approved,0,2026-08-10 05:08:38.959140
PAY005431,CUST2789,23860,Net Banking,Annual,SUCCESS,,1,Approved,0,2026-07-19 21:38:38.959140
PAY005432,CUST4745,22415,Credit Card,Monthly,FAILED,Card Expired,1,Blocked,0,2026-05-28 19:12:38.959140
PAY005433,CUST4418,9269,Net Banking,Annual,FAILED,Network Error,0,Blocked,1,2026-04-08 04:24:38.959140
PAY005434,CUST5433,15689,UPI,Annual,FAILED,UPI Failure,3,Processing Error,1,2026-03-28 10:27:38.959140
PAY005435,CUST7380,1423,Debit Card,Annual,SUCCESS,,2,Approved,0,2026-07-20 09:39:38.959140
PAY005436,CUST7189,2745,Credit Card,Annual,SUCCESS,,1,Approved,0,2026-06-18 08:50:38.959140
PAY005437,CUST1107,4121,Credit Card,Annual,SUCCESS,,0,Approved,0,2026-05-12 13:20:38.959140
PAY005438,CUST6546,4400,Wallet,Quarterly,FAILED,UPI Failure,1,Timeout,1,2026-03-16 16:39:38.959140
PAY005439,CUST7881,17331,Net Banking,Quarterly,SUCCESS,,1,Approved,0,2026-05-29 07:54:38.959140
PAY005440,CUST5341,6081,Credit Card,Monthly,FAILED,Network Error,1,Timeout,1,2026-07-01 13:40:38.959140
PAY005441,CUST9520,15067,Credit Card,Annual,FAILED,Bank Timeout,1,Processing Error,1,2026-07-20 22:48:38.959140
PAY005442,CUST6647,24549,UPI,Monthly,SUCCESS,,1,Approved,0,2026-03-24 07:56:38.959140
PAY005443,CUST8225,12529,Credit Card,Monthly,SUCCESS,,0,Approved,0,2026-06-06 22:50:38.959140
PAY005444,CUST9551,20678,Net Banking,Annual,SUCCESS,,2,Approved,0,2026-07-14 16:04:38.959140
PAY005445,CUST9138,12637,UPI,Quarterly,SUCCESS,,2,Approved,0,2026-04-18 05:28:38.959140
PAY005446,CUST3973,15709,UPI,Annual,FAILED,Insufficient Funds,1,Timeout,1,2026-03-30 01:56:38.959140
PAY005447,CUST8424,6473,Credit Card,Monthly,SUCCESS,,0,Approved,0,2026-06-19 00:55:38.959140
PAY005448,CUST8803,18722,Wallet,Monthly,SUCCESS,,2,Approved,0,2026-03-19 05:17:38.959140
PAY005449,CUST3132,15404,Wallet,Quarterly,FAILED,Network Error,3,Approved,1,2026-08-11 12:54:38.959140
PAY005450,CUST6568,9115,UPI,Monthly,FAILED,Fraud Suspected,0,Blocked,0,2026-07-22 21:24:38.959140
PAY005451,CUST1439,14971,Wallet,Monthly,SUCCESS,,2,Approved,0,2026-06-28 05:14:38.959140
PAY005452,CUST1963,23566,Net Banking,Monthly,SUCCESS,,0,Approved,0,2026-03-09 20:21:38.959140
PAY005453,CUST3566,18474,UPI,Annual,SUCCESS,,3,Approved,0,2026-03-25 08:18:38.959140
PAY005454,CUST3948,24759,Credit Card,Annual,SUCCESS,,2,Approved,0,2026-05-12 00:02:38.959140
PAY005455,CUST3152,23025,Credit Card,Monthly,FAILED,Invalid CVV,2,Approved,0,2026-06-21 14:37:38.959140
PAY005456,CUST6747,10842,UPI,Quarterly,SUCCESS,,3,Approved,0,2026-08-29 00:42:38.959140
PAY005457,CUST3741,20449,Credit Card,Monthly,SUCCESS,,0,Approved,0,2026-04-14 19:00:38.959140
PAY005458,CUST5636,18147,UPI,Quarterly,FAILED,Invalid CVV,0,Approved,0,2026-08-01 09:52:38.959140
PAY005459,CUST4621,5646,UPI,Monthly,SUCCESS,,2,Approved,0,2026-03-31 23:13:38.959140
PAY005460,CUST6727,20587,Wallet,Annual,SUCCESS,,3,Approved,0,2026-06-07 15:54:38.959140
PAY005461,CUST6550,10733,Wallet,Monthly,FAILED,User Cancelled,2,Approved,0,2026-07-12 02:18:38.959140
PAY005462,CUST8171,1511,Credit Card,Monthly,SUCCESS,,2,Approved,0,2026-06-30 09:59:38.959140
PAY005463,CUST7444,20481,Credit Card,Quarterly,SUCCESS,,2,Approved,0,2026-07-11 01:46:38.959140
PAY005464,CUST9850,14164,UPI,Quarterly,SUCCESS,,2,Approved,0,2026-03-28 19:17:38.959140
PAY005465,CUST5430,4500,Debit Card,Monthly,FAILED,Network Error,0,Blocked,1,2026-05-04 22:56:38.959140
PAY005466,CUST7575,22668,Credit Card,Monthly,SUCCESS,,2,Approved,0,2026-08-21 20:30:38.959140
PAY005467,CUST4168,12749,Debit Card,Annual,SUCCESS,,2,Approved,0,2026-07-08 09:17:38.959140
PAY005468,CUST8358,18907,Debit Card,Monthly,FAILED,Invalid CVV,2,Processing Error,0,2026-03-29 05:03:38.959140
PAY005469,CUST9368,22341,Debit Card,Annual,SUCCESS,,3,Approved,0,2026-06-20 09:48:38.959140
PAY005470,CUST2409,8970,UPI,Quarterly,SUCCESS,,0,Approved,0,2026-07-24 14:19:38.959140
PAY005471,CUST3477,14410,Net Banking,Quarterly,SUCCESS,,3,Approved,0,2026-07-04 12:16:38.959140
PAY005472,CUST8373,16614,Wallet,Annual,FAILED,Network Error,3,Blocked,1,2026-07-01 13:05:38.959140
PAY005473,CUST3623,7197,Debit Card,Annual,FAILED,Insufficient Funds,3,Approved,1,2026-06-03 20:31:38.959140
PAY005474,CUST5357,3687,Debit Card,Annual,SUCCESS,,3,Approved,0,2026-07-22 14:40:38.959140
PAY005475,CUST5238,17188,Credit Card,Quarterly,SUCCESS,,1,Approved,0,2026-08-25 10:18:38.959140
PAY005476,CUST5796,8959,UPI,Quarterly,SUCCESS,,3,Approved,0,2026-03-10 07:13:38.959140
PAY005477,CUST2118,6682,Wallet,Quarterly,SUCCESS,,3,Approved,0,2026-05-11 12:38:38.959140
PAY005478,CUST3286,19101,UPI,Monthly,SUCCESS,,1,Approved,0,2026-05-27 11:08:38.959140
PAY005479,CUST4413,23864,Debit Card,Quarterly,SUCCESS,,1,Approved,0,2026-06-03 07:02:38.959140
PAY005480,CUST8926,12033,Credit Card,Monthly,SUCCESS,,3,Approved,0,2026-08-19 00:11:38.959140
PAY005481,CUST6593,8263,Net Banking,Annual,SUCCESS,,0,Approved,0,2026-03-14 16:36:38.959140
PAY005482,CUST2886,18976,Debit Card,Monthly,SUCCESS,,2,Approved,0,2026-07-31 04:37:38.959140
PAY005483,CUST7362,10091,Net Banking,Monthly,SUCCESS,,1,Approved,0,2026-05-10 18:32:38.959140
PAY005484,CUST6466,17782,Net Banking,Annual,SUCCESS,,0,Approved,0,2026-08-16 04:11:38.959140
PAY005485,CUST4367,21508,UPI,Monthly,SUCCESS,,0,Approved,0,2026-07-14 19:53:38.959140
PAY005486,CUST6543,8902,Credit Card,Monthly,FAILED,Network Error,0,Processing Error,1,2026-08-06 06:54:38.959140
PAY005487,CUST9783,10688,Debit Card,Annual,SUCCESS,,3,Approved,0,2026-07-21 02:35:38.959140
PAY005488,CUST9164,19827,UPI,Quarterly,FAILED,UPI Failure,3,Approved,1,2026-08-14 09:43:38.959140
PAY005489,CUST7182,16441,UPI,Quarterly,SUCCESS,,2,Approved,0,2026-08-27 16:13:38.959140
PAY005490,CUST2299,8209,Net Banking,Quarterly,FAILED,Insufficient Funds,3,Timeout,1,2026-03-15 12:21:38.959140
PAY005491,CUST7251,9395,Credit Card,Annual,FAILED,UPI Failure,1,Approved,1,2026-05-19 08:19:38.959140
PAY005492,CUST8831,15120,Net Banking,Quarterly,FAILED,Card Expired,3,Timeout,0,2026-04-12 17:52:38.959140
PAY005493,CUST8161,24316,Net Banking,Monthly,FAILED,User Cancelled,2,Blocked,0,2026-04-25 05:11:38.959140
PAY005494,CUST2098,9617,Debit Card,Monthly,SUCCESS,,3,Approved,0,2026-05-04 19:11:38.959140
PAY005495,CUST2040,11946,Debit Card,Monthly,SUCCESS,,1,Approved,0,2026-07-02 01:59:38.959140
PAY005496,CUST7852,19902,Credit Card,Annual,SUCCESS,,3,Approved,0,2026-04-10 07:36:38.959140
PAY005497,CUST3638,18840,Credit Card,Monthly,SUCCESS,,1,Approved,0,2026-03-24 18:11:38.959140
PAY005498,CUST6145,18981,Wallet,Monthly,SUCCESS,,1,Approved,0,2026-04-01 03:11:38.959140
PAY005499,CUST3271,22993,UPI,Quarterly,SUCCESS,,0,Approved,0,2026-04-17 07:49:38.959140
PAY005500,CUST6752,16858,Net Banking,Quarterly,SUCCESS,,2,Approved,0,2026-08-24 19:51:38.959140
PAY005501,CUST8612,15925,Net Banking,Quarterly,FAILED,Fraud Suspected,0,Approved,0,2026-05-14 22:51:38.959140
PAY005502,CUST4779,10442,Wallet,Monthly,SUCCESS,,3,Approved,0,2026-06-17 13:43:38.959140
PAY005503,CUST9053,13267,Net Banking,Quarterly,FAILED,UPI Failure,2,Processing Error,1,2026-05-16 06:20:38.959140
PAY005504,CUST8875,15625,Net Banking,Monthly,FAILED,Invalid CVV,3,Timeout,0,2026-05-18 20:44:38.959140
PAY005505,CUST6603,4218,Credit Card,Annual,SUCCESS,,0,Approved,0,2026-06-08 20:21:38.959140
PAY005506,CUST4031,10897,UPI,Quarterly,SUCCESS,,2,Approved,0,2026-08-25 11:29:38.959140
PAY005507,CUST3201,9520,Wallet,Annual,SUCCESS,,3,Approved,0,2026-06-14 03:25:38.959140
PAY005508,CUST5900,4804,Debit Card,Monthly,SUCCESS,,3,Approved,0,2026-05-14 10:41:38.959140
PAY005509,CUST6927,14226,UPI,Quarterly,SUCCESS,,0,Approved,0,2026-07-12 20:30:38.959140
PAY005510,CUST8074,5675,Debit Card,Monthly,FAILED,Network Error,3,Blocked,1,2026-07-30 10:59:38.959140
PAY005511,CUST7797,15793,Net Banking,Monthly,SUCCESS,,1,Approved,0,2026-05-04 09:03:38.959140
PAY005512,CUST2437,8151,Debit Card,Monthly,SUCCESS,,1,Approved,0,2026-08-02 10:55:38.959140
PAY005513,CUST4916,3014,Credit Card,Monthly,SUCCESS,,1,Approved,0,2026-06-20 23:03:38.959140
PAY005514,CUST7561,3654,Debit Card,Quarterly,FAILED,Fraud Suspected,0,Approved,0,2026-08-02 14:43:38.959140
PAY005515,CUST9161,10695,Debit Card,Quarterly,SUCCESS,,2,Approved,0,2026-06-13 00:33:38.959140
PAY005516,CUST7433,9586,UPI,Quarterly,SUCCESS,,2,Approved,0,2026-04-06 17:47:38.959140
PAY005517,CUST8495,6418,Debit Card,Quarterly,SUCCESS,,3,Approved,0,2026-06-28 14:18:38.959140
PAY005518,CUST2193,17245,Net Banking,Annual,SUCCESS,,1,Approved,0,2026-05-06 13:53:38.959140
PAY005519,CUST6376,6643,Debit Card,Quarterly,FAILED,Card Expired,3,Declined,0,2026-07-17 12:42:38.959140
PAY005520,CUST9890,20337,Wallet,Quarterly,FAILED,Network Error,3,Declined,1,2026-08-16 09:53:38.959140
PAY005521,CUST5101,24496,UPI,Quarterly,SUCCESS,,3,Approved,0,2026-07-08 17:34:38.959140
PAY005522,CUST7341,4714,UPI,Annual,SUCCESS,,2,Approved,0,2026-08-28 18:02:38.959140
PAY005523,CUST8080,20242,Credit Card,Quarterly,SUCCESS,,0,Approved,0,2026-07-28 20:52:38.959140
PAY005524,CUST3754,19850,Wallet,Monthly,FAILED,UPI Failure,2,Processing Error,1,2026-07-03 04:26:38.959140
PAY005525,CUST8071,22512,Wallet,Quarterly,SUCCESS,,2,Approved,0,2026-04-03 19:29:38.959140
PAY005526,CUST1796,15999,UPI,Monthly,FAILED,Invalid CVV,3,Processing Error,0,2026-04-13 14:46:38.959140
PAY005527,CUST1952,16301,Wallet,Quarterly,SUCCESS,,0,Approved,0,2026-06-28 06:01:38.959140
PAY005528,CUST9847,24386,Net Banking,Monthly,FAILED,Insufficient Funds,1,Declined,1,2026-08-09 02:45:38.959140
PAY005529,CUST6985,4313,UPI,Annual,SUCCESS,,0,Approved,0,2026-07-29 00:57:38.959140
PAY005530,CUST7270,9077,Credit Card,Quarterly,SUCCESS,,2,Approved,0,2026-07-20 21:03:38.959140
PAY005531,CUST1584,23794,UPI,Quarterly,FAILED,Bank Timeout,2,Declined,1,2026-05-24 17:27:38.959140
PAY005532,CUST4863,13469,Wallet,Monthly,SUCCESS,,1,Approved,0,2026-07-02 21:13:38.959140
PAY005533,CUST4090,11659,Credit Card,Quarterly,FAILED,Bank Timeout,0,Timeout,1,2026-06-12 19:33:38.959140
PAY005534,CUST1237,7982,Credit Card,Monthly,SUCCESS,,0,Approved,0,2026-04-29 03:20:38.959140
PAY005535,CUST9635,10384,Debit Card,Monthly,SUCCESS,,2,Approved,0,2026-08-28 17:22:38.959140
PAY005536,CUST5638,5329,Wallet,Quarterly,SUCCESS,,0,Approved,0,2026-04-04 11:53:38.959140
PAY005537,CUST5587,11453,Debit Card,Monthly,SUCCESS,,0,Approved,0,2026-06-06 14:43:38.959140
PAY005538,CUST9445,24531,UPI,Annual,FAILED,Network Error,1,Declined,1,2026-07-22 01:25:38.959140
PAY005539,CUST3289,18613,Debit Card,Quarterly,SUCCESS,,3,Approved,0,2026-03-14 06:01:38.959140
PAY005540,CUST1197,6725,Net Banking,Quarterly,SUCCESS,,0,Approved,0,2026-03-14 04:18:38.959140
PAY005541,CUST6382,18359,Credit Card,Monthly,SUCCESS,,1,Approved,0,2026-04-21 16:37:38.959140
PAY005542,CUST8146,16121,Debit Card,Quarterly,FAILED,Network Error,3,Processing Error,1,2026-07-02 09:59:38.959140
PAY005543,CUST3085,13135,Net Banking,Quarterly,SUCCESS,,0,Approved,0,2026-05-28 11:00:38.959140
PAY005544,CUST6078,7479,Wallet,Monthly,SUCCESS,,2,Approved,0,2026-05-07 03:28:38.959140
PAY005545,CUST7383,3288,Net Banking,Quarterly,SUCCESS,,1,Approved,0,2026-08-22 07:18:38.959140
PAY005546,CUST4557,22490,Wallet,Annual,SUCCESS,,1,Approved,0,2026-06-23 09:43:38.959140
PAY005547,CUST3274,19996,UPI,Quarterly,FAILED,UPI Failure,2,Approved,1,2026-04-11 10:18:38.959140
PAY005548,CUST5172,21125,Credit Card,Annual,SUCCESS,,0,Approved,0,2026-04-16 14:39:38.959140
PAY005549,CUST8742,1755,Wallet,Annual,SUCCESS,,3,Approved,0,2026-04-07 11:47:38.959140
PAY005550,CUST3964,20186,Debit Card,Quarterly,SUCCESS,,2,Approved,0,2026-06-09 14:19:38.959140
PAY005551,CUST3156,7151,Wallet,Annual,SUCCESS,,0,Approved,0,2026-08-08 03:26:38.959140
PAY005552,CUST2796,7342,Credit Card,Quarterly,FAILED,Card Expired,3,Blocked,0,2026-08-24 02:13:38.959140
PAY005553,CUST8568,8042,UPI,Quarterly,SUCCESS,,2,Approved,0,2026-05-06 03:44:38.959140
PAY005554,CUST1550,2860,Net Banking,Annual,FAILED,Bank Timeout,0,Declined,1,2026-05-25 12:27:38.959140
PAY005555,CUST1063,10755,Debit Card,Quarterly,SUCCESS,,0,Approved,0,2026-03-18 03:35:38.959140
PAY005556,CUST5375,8329,Debit Card,Quarterly,SUCCESS,,1,Approved,0,2026-05-20 05:12:38.959140
PAY005557,CUST2522,5353,Debit Card,Monthly,SUCCESS,,3,Approved,0,2026-06-24 21:17:38.959140
PAY005558,CUST1923,23283,Net Banking,Annual,SUCCESS,,0,Approved,0,2026-07-02 18:28:38.959140
PAY005559,CUST9195,14563,Credit Card,Quarterly,SUCCESS,,3,Approved,0,2026-07-18 11:21:38.959140
PAY005560,CUST9311,16765,Net Banking,Annual,SUCCESS,,0,Approved,0,2026-08-11 00:36:38.959140
PAY005561,CUST4576,15906,Credit Card,Annual,SUCCESS,,0,Approved,0,2026-03-20 01:33:38.959140
PAY005562,CUST1710,7243,UPI,Annual,FAILED,Insufficient Funds,0,Blocked,1,2026-03-12 09:33:38.959140
PAY005563,CUST9429,20878,Net Banking,Annual,SUCCESS,,1,Approved,0,2026-05-11 01:55:38.959140
PAY005564,CUST7769,14711,UPI,Quarterly,FAILED,Invalid CVV,2,Timeout,0,2026-04-30 10:40:38.959140
PAY005565,CUST1455,21662,Credit Card,Quarterly,SUCCESS,,2,Approved,0,2026-06-02 00:01:38.959140
PAY005566,CUST4011,13899,Debit Card,Quarterly,SUCCESS,,1,Approved,0,2026-04-18 21:23:38.959140
PAY005567,CUST9656,22058,Debit Card,Monthly,SUCCESS,,3,Approved,0,2026-08-12 13:42:38.959140
PAY005568,CUST4288,24627,Debit Card,Monthly,SUCCESS,,3,Approved,0,2026-07-21 13:49:38.959140
PAY005569,CUST2113,16321,Wallet,Quarterly,SUCCESS,,1,Approved,0,2026-05-05 21:17:38.959140
PAY005570,CUST7334,23989,Debit Card,Annual,SUCCESS,,3,Approved,0,2026-05-20 20:52:38.959140
PAY005571,CUST1684,11925,Credit Card,Annual,FAILED,Invalid CVV,3,Approved,0,2026-05-08 08:49:38.959140
PAY005572,CUST3987,24476,Wallet,Quarterly,SUCCESS,,2,Approved,0,2026-04-06 17:39:38.959140
PAY005573,CUST3288,17001,UPI,Monthly,SUCCESS,,2,Approved,0,2026-07-03 20:11:38.959140
PAY005574,CUST2516,6128,Debit Card,Quarterly,SUCCESS,,1,Approved,0,2026-05-08 03:50:38.959140
PAY005575,CUST4243,19362,Net Banking,Annual,SUCCESS,,2,Approved,0,2026-08-09 13:39:38.959140
PAY005576,CUST1738,15980,Debit Card,Monthly,SUCCESS,,3,Approved,0,2026-05-24 00:35:38.959140
PAY005577,CUST1940,14177,Credit Card,Annual,SUCCESS,,2,Approved,0,2026-04-17 18:13:38.959140
PAY005578,CUST3931,1614,Wallet,Annual,FAILED,UPI Failure,0,Declined,1,2026-04-18 23:23:38.959140
PAY005579,CUST3434,627,Debit Card,Annual,SUCCESS,,1,Approved,0,2026-05-14 15:32:38.959140
PAY005580,CUST7050,5106,UPI,Monthly,SUCCESS,,1,Approved,0,2026-06-28 08:48:38.959140
PAY005581,CUST7457,22175,Credit Card,Annual,SUCCESS,,2,Approved,0,2026-06-21 03:50:38.959140
PAY005582,CUST6380,15200,Credit Card,Annual,SUCCESS,,3,Approved,0,2026-07-11 00:31:38.959140
PAY005583,CUST4480,17982,Debit Card,Quarterly,SUCCESS,,3,Approved,0,2026-06-15 19:57:38.959140
PAY005584,CUST8181,22611,Wallet,Monthly,SUCCESS,,0,Approved,0,2026-03-18 22:59:38.959140
PAY005585,CUST7181,13181,Wallet,Quarterly,SUCCESS,,3,Approved,0,2026-05-20 04:29:38.959140
PAY005586,CUST1079,7372,Wallet,Annual,SUCCESS,,3,Approved,0,2026-08-25 23:20:38.959140
PAY005587,CUST3601,17074,Debit Card,Annual,SUCCESS,,3,Approved,0,2026-06-09 20:03:38.959140
PAY005588,CUST3961,10813,Debit Card,Annual,SUCCESS,,2,Approved,0,2026-06-23 06:09:38.959140
PAY005589,CUST4020,18805,Net Banking,Quarterly,SUCCESS,,3,Approved,0,2026-08-01 02:50:38.959140
PAY005590,CUST3338,4894,Debit Card,Quarterly,SUCCESS,,1,Approved,0,2026-08-03 17:55:38.959140
PAY005591,CUST5983,5303,Net Banking,Annual,SUCCESS,,3,Approved,0,2026-04-23 09:51:38.959140
PAY005592,CUST8659,19947,Credit Card,Monthly,FAILED,Insufficient Funds,1,Timeout,1,2026-06-04 00:19:38.959140
PAY005593,CUST7818,22379,Net Banking,Monthly,FAILED,Fraud Suspected,1,Processing Error,0,2026-04-24 21:59:38.959140
PAY005594,CUST7329,3380,UPI,Annual,SUCCESS,,2,Approved,0,2026-06-26 22:28:38.959140
PAY005595,CUST9227,12499,Wallet,Quarterly,SUCCESS,,3,Approved,0,2026-04-09 12:45:38.959140
PAY005596,CUST5105,24550,Wallet,Quarterly,FAILED,Bank Timeout,3,Timeout,1,2026-08-28 09:43:38.959140
PAY005597,CUST9521,24803,Net Banking,Annual,FAILED,User Cancelled,1,Approved,0,2026-07-11 14:59:38.959140
PAY005598,CUST5910,13766,Debit Card,Monthly,SUCCESS,,0,Approved,0,2026-04-20 14:08:38.959140
PAY005599,CUST9920,17801,Credit Card,Annual,FAILED,Network Error,1,Approved,1,2026-07-14 09:29:38.959140
PAY005600,CUST8682,13043,Net Banking,Annual,SUCCESS,,1,Approved,0,2026-04-27 13:30:38.959140
PAY005601,CUST9090,4529,Wallet,Monthly,SUCCESS,,1,Approved,0,2026-06-07 17:22:38.959140
PAY005602,CUST3584,20084,Credit Card,Monthly,SUCCESS,,0,Approved,0,2026-03-26 09:04:38.959140
PAY005603,CUST7013,7146,Credit Card,Monthly,SUCCESS,,0,Approved,0,2026-06-09 00:53:38.959140
PAY005604,CUST2628,5121,Debit Card,Monthly,SUCCESS,,1,Approved,0,2026-06-23 09:01:38.959140
PAY005605,CUST7471,6483,Credit Card,Annual,SUCCESS,,1,Approved,0,2026-08-04 22:17:38.959140
PAY005606,CUST3751,258,Net Banking,Monthly,SUCCESS,,1,Approved,0,2026-03-24 06:47:38.959140
PAY005607,CUST4068,4103,UPI,Monthly,SUCCESS,,3,Approved,0,2026-06-05 21:27:38.959140
PAY005608,CUST5012,11491,UPI,Annual,SUCCESS,,0,Approved,0,2026-08-20 04:45:38.959140
PAY005609,CUST1093,16022,UPI,Annual,FAILED,Insufficient Funds,2,Approved,1,2026-05-21 09:50:38.959140
PAY005610,CUST8584,24734,Net Banking,Quarterly,SUCCESS,,0,Approved,0,2026-08-29 23:09:38.959140
PAY005611,CUST9676,7064,Credit Card,Quarterly,FAILED,Fraud Suspected,1,Timeout,0,2026-08-27 17:50:38.959140
PAY005612,CUST6121,16820,Debit Card,Annual,FAILED,User Cancelled,3,Approved,0,2026-03-30 12:08:38.959140
PAY005613,CUST8621,14364,UPI,Annual,SUCCESS,,0,Approved,0,2026-03-30 11:24:38.959140
PAY005614,CUST8907,14916,Credit Card,Annual,SUCCESS,,0,Approved,0,2026-04-03 01:57:38.959140
PAY005615,CUST4889,1186,Wallet,Monthly,FAILED,Insufficient Funds,2,Blocked,1,2026-03-19 11:47:38.959140
PAY005616,CUST4357,17967,Credit Card,Monthly,FAILED,Card Expired,1,Declined,0,2026-04-30 07:49:38.959140
PAY005617,CUST7138,22422,Wallet,Annual,SUCCESS,,0,Approved,0,2026-03-14 08:29:38.959140
PAY005618,CUST4824,8792,Credit Card,Annual,SUCCESS,,0,Approved,0,2026-06-17 06:25:38.959140
PAY005619,CUST8387,11577,Net Banking,Monthly,SUCCESS,,1,Approved,0,2026-07-17 07:22:38.959140
PAY005620,CUST3687,21579,UPI,Monthly,SUCCESS,,0,Approved,0,2026-08-17 17:43:38.959140
PAY005621,CUST6674,14407,Debit Card,Monthly,SUCCESS,,3,Approved,0,2026-06-20 11:23:38.959140
PAY005622,CUST7328,24514,Net Banking,Annual,SUCCESS,,1,Approved,0,2026-04-09 06:54:38.959140
PAY005623,CUST8306,24652,Wallet,Monthly,SUCCESS,,0,Approved,0,2026-05-21 18:45:38.959140
PAY005624,CUST9798,14287,Net Banking,Annual,SUCCESS,,3,Approved,0,2026-08-01 11:10:38.959140
PAY005625,CUST6240,19687,UPI,Quarterly,SUCCESS,,0,Approved,0,2026-04-11 11:33:38.959140
PAY005626,CUST3773,13107,Net Banking,Quarterly,SUCCESS,,2,Approved,0,2026-07-25 01:33:38.959140
PAY005627,CUST1668,614,Wallet,Annual,SUCCESS,,1,Approved,0,2026-04-09 22:51:38.959140
PAY005628,CUST1379,15936,Debit Card,Annual,SUCCESS,,2,Approved,0,2026-04-16 19:07:38.959140
PAY005629,CUST9550,6566,Debit Card,Monthly,SUCCESS,,0,Approved,0,2026-06-28 13:05:38.959140
PAY005630,CUST6281,11329,Debit Card,Monthly,SUCCESS,,0,Approved,0,2026-05-30 05:46:38.959140
PAY005631,CUST9974,16542,Debit Card,Quarterly,SUCCESS,,2,Approved,0,2026-04-08 14:57:38.959140
PAY005632,CUST5104,14732,Net Banking,Quarterly,FAILED,UPI Failure,0,Blocked,1,2026-04-21 03:50:38.959140
PAY005633,CUST4722,1721,UPI,Annual,SUCCESS,,0,Approved,0,2026-06-19 14:07:38.959140
PAY005634,CUST1660,9031,Debit Card,Annual,SUCCESS,,2,Approved,0,2026-08-08 00:57:38.959140
PAY005635,CUST9151,10836,Credit Card,Quarterly,SUCCESS,,0,Approved,0,2026-03-25 03:09:38.959140
PAY005636,CUST3253,21111,Wallet,Monthly,SUCCESS,,3,Approved,0,2026-04-22 22:11:38.959140
PAY005637,CUST1178,3959,Debit Card,Monthly,SUCCESS,,1,Approved,0,2026-04-02 13:07:38.959140
PAY005638,CUST4166,5264,Debit Card,Monthly,SUCCESS,,0,Approved,0,2026-08-07 05:54:38.959140
PAY005639,CUST1508,6503,UPI,Annual,SUCCESS,,3,Approved,0,2026-06-15 01:01:38.959140
PAY005640,CUST5961,12022,UPI,Quarterly,SUCCESS,,0,Approved,0,2026-04-11 08:17:38.959140
PAY005641,CUST5475,2266,Net Banking,Monthly,SUCCESS,,3,Approved,0,2026-07-03 22:51:38.959140
PAY005642,CUST7436,15201,Debit Card,Annual,SUCCESS,,0,Approved,0,2026-07-09 11:03:38.959140
PAY005643,CUST9359,14514,Wallet,Quarterly,SUCCESS,,3,Approved,0,2026-08-22 21:23:38.959140
PAY005644,CUST8337,20767,Wallet,Monthly,FAILED,Fraud Suspected,0,Approved,0,2026-04-08 13:41:38.959140
PAY005645,CUST5037,9856,Wallet,Annual,SUCCESS,,0,Approved,0,2026-08-27 22:18:38.959140
PAY005646,CUST3036,19024,UPI,Quarterly,SUCCESS,,0,Approved,0,2026-08-23 04:11:38.959140
PAY005647,CUST8192,11085,Net Banking,Monthly,FAILED,Invalid CVV,3,Processing Error,0,2026-06-08 19:06:38.959140
PAY005648,CUST7538,11185,UPI,Monthly,SUCCESS,,1,Approved,0,2026-04-27 14:01:38.959140
PAY005649,CUST2549,18719,Net Banking,Quarterly,SUCCESS,,1,Approved,0,2026-07-31 15:26:38.959140
PAY005650,CUST8646,2559,UPI,Monthly,SUCCESS,,3,Approved,0,2026-08-15 04:19:38.959140
PAY005651,CUST6734,21905,Credit Card,Quarterly,FAILED,Insufficient Funds,1,Timeout,1,2026-06-18 20:35:38.959140
PAY005652,CUST3227,5412,Debit Card,Monthly,SUCCESS,,3,Approved,0,2026-06-01 14:57:38.959140
PAY005653,CUST3991,2042,Wallet,Quarterly,SUCCESS,,2,Approved,0,2026-07-03 14:26:38.959140
PAY005654,CUST4862,18305,Debit Card,Annual,SUCCESS,,3,Approved,0,2026-07-30 11:53:38.959140
PAY005655,CUST4115,5821,Credit Card,Annual,SUCCESS,,3,Approved,0,2026-04-10 00:04:38.959140
PAY005656,CUST1260,23055,Credit Card,Annual,SUCCESS,,3,Approved,0,2026-08-19 03:20:38.959140
PAY005657,CUST4202,1082,Wallet,Annual,FAILED,Invalid CVV,1,Processing Error,0,2026-06-22 12:52:38.959140
PAY005658,CUST5685,12685,Debit Card,Monthly,SUCCESS,,2,Approved,0,2026-06-14 23:04:38.959140
PAY005659,CUST7437,8240,Debit Card,Monthly,SUCCESS,,1,Approved,0,2026-05-06 21:22:38.959140
PAY005660,CUST7820,19851,Net Banking,Quarterly,SUCCESS,,0,Approved,0,2026-06-18 11:38:38.959140
PAY005661,CUST6463,5195,Credit Card,Monthly,SUCCESS,,3,Approved,0,2026-04-24 02:49:38.959140
PAY005662,CUST2709,196,Net Banking,Quarterly,FAILED,Bank Timeout,3,Approved,1,2026-07-02 15:06:38.959140
PAY005663,CUST5289,8951,Credit Card,Monthly,SUCCESS,,0,Approved,0,2026-03-31 01:03:38.959140
PAY005664,CUST6625,22699,Credit Card,Quarterly,SUCCESS,,1,Approved,0,2026-04-25 07:12:38.959140
PAY005665,CUST4557,5713,Credit Card,Quarterly,SUCCESS,,3,Approved,0,2026-04-11 22:10:38.959140
PAY005666,CUST6960,9382,Debit Card,Annual,SUCCESS,,2,Approved,0,2026-04-27 06:54:38.959140
PAY005667,CUST5438,21477,Debit Card,Monthly,SUCCESS,,2,Approved,0,2026-04-15 19:50:38.959140
PAY005668,CUST5344,3547,Wallet,Quarterly,SUCCESS,,3,Approved,0,2026-05-10 14:40:38.959140
PAY005669,CUST5732,18699,Credit Card,Monthly,SUCCESS,,2,Approved,0,2026-06-04 19:52:38.959140
PAY005670,CUST5919,17514,Net Banking,Monthly,SUCCESS,,2,Approved,0,2026-04-11 12:03:38.959140
PAY005671,CUST2822,12127,UPI,Quarterly,SUCCESS,,0,Approved,0,2026-04-08 04:29:38.959140
PAY005672,CUST5123,16191,Net Banking,Quarterly,SUCCESS,,1,Approved,0,2026-08-21 00:27:38.959140
PAY005673,CUST5148,19636,Net Banking,Annual,SUCCESS,,3,Approved,0,2026-04-10 09:23:38.959140
PAY005674,CUST2937,7124,Debit Card,Monthly,SUCCESS,,3,Approved,0,2026-05-17 00:08:38.959140
PAY005675,CUST7038,2102,UPI,Annual,FAILED,Card Expired,3,Timeout,0,2026-05-06 08:13:38.959140
PAY005676,CUST3906,9207,Credit Card,Monthly,SUCCESS,,3,Approved,0,2026-08-17 15:03:38.959140
PAY005677,CUST6313,15353,Credit Card,Monthly,SUCCESS,,1,Approved,0,2026-04-26 03:31:38.959140
PAY005678,CUST5112,16586,Net Banking,Quarterly,SUCCESS,,0,Approved,0,2026-04-04 08:16:38.959140
PAY005679,CUST6055,7917,Credit Card,Annual,FAILED,Invalid CVV,3,Declined,0,2026-06-15 05:00:38.959140
PAY005680,CUST5401,20929,Net Banking,Monthly,SUCCESS,,0,Approved,0,2026-08-24 10:46:38.959140
PAY005681,CUST1433,24228,Net Banking,Annual,SUCCESS,,3,Approved,0,2026-03-30 14:19:38.959140
PAY005682,CUST6071,8040,Wallet,Monthly,SUCCESS,,3,Approved,0,2026-08-23 00:46:38.959140
PAY005683,CUST1605,4917,Net Banking,Quarterly,FAILED,UPI Failure,0,Blocked,1,2026-06-12 06:13:38.959140
PAY005684,CUST2368,2639,Debit Card,Annual,SUCCESS,,2,Approved,0,2026-05-28 11:52:38.959140
PAY005685,CUST1036,3620,Credit Card,Annual,SUCCESS,,1,Approved,0,2026-05-06 18:26:38.959140
PAY005686,CUST1863,2766,Credit Card,Quarterly,FAILED,Insufficient Funds,3,Timeout,1,2026-03-17 19:54:38.959140
PAY005687,CUST9379,20447,Credit Card,Annual,SUCCESS,,3,Approved,0,2026-07-31 11:18:38.959140
PAY005688,CUST7407,5756,UPI,Quarterly,SUCCESS,,0,Approved,0,2026-06-18 16:30:38.959140
PAY005689,CUST7093,20320,UPI,Quarterly,SUCCESS,,2,Approved,0,2026-04-04 11:18:38.959140
PAY005690,CUST5280,12574,Credit Card,Monthly,SUCCESS,,3,Approved,0,2026-06-09 18:43:38.959140
PAY005691,CUST5418,21310,Credit Card,Quarterly,FAILED,Card Expired,0,Timeout,0,2026-04-30 20:25:38.959140
PAY005692,CUST9000,21124,Credit Card,Monthly,SUCCESS,,3,Approved,0,2026-04-19 08:49:38.959140
PAY005693,CUST6799,17572,Wallet,Quarterly,SUCCESS,,3,Approved,0,2026-03-22 03:08:38.959140
PAY005694,CUST5477,23188,Net Banking,Quarterly,SUCCESS,,2,Approved,0,2026-07-22 11:45:38.959140
PAY005695,CUST9024,22955,Wallet,Annual,SUCCESS,,3,Approved,0,2026-04-17 15:19:38.959140
PAY005696,CUST6150,7623,Net Banking,Quarterly,SUCCESS,,0,Approved,0,2026-05-10 16:46:38.959140
PAY005697,CUST8267,21728,Net Banking,Monthly,SUCCESS,,1,Approved,0,2026-05-19 18:57:38.959140
PAY005698,CUST7045,23688,Wallet,Monthly,SUCCESS,,0,Approved,0,2026-03-17 03:34:38.959140
PAY005699,CUST1072,24011,Debit Card,Monthly,SUCCESS,,0,Approved,0,2026-05-06 09:51:38.959140
PAY005700,CUST8104,7844,UPI,Monthly,SUCCESS,,2,Approved,0,2026-08-03 23:34:38.959140
PAY005701,CUST7276,18171,Net Banking,Annual,SUCCESS,,3,Approved,0,2026-06-30 11:33:38.959140
PAY005702,CUST6852,20330,Debit Card,Annual,SUCCESS,,3,Approved,0,2026-04-17 07:11:38.959140
PAY005703,CUST8965,12970,Debit Card,Monthly,SUCCESS,,0,Approved,0,2026-08-21 20:54:38.959140
PAY005704,CUST7380,2952,Credit Card,Annual,FAILED,Fraud Suspected,0,Declined,0,2026-03-25 22:20:38.959140
PAY005705,CUST2700,10283,Wallet,Monthly,SUCCESS,,2,Approved,0,2026-08-23 08:23:38.959140
PAY005706,CUST9220,4380,Debit Card,Annual,FAILED,Fraud Suspected,2,Approved,0,2026-05-11 15:34:38.959140
PAY005707,CUST4938,10638,Debit Card,Monthly,SUCCESS,,3,Approved,0,2026-05-16 19:05:38.959140
PAY005708,CUST6420,21100,UPI,Quarterly,FAILED,UPI Failure,1,Blocked,1,2026-06-03 11:26:38.959140
PAY005709,CUST6287,13774,Net Banking,Monthly,SUCCESS,,2,Approved,0,2026-07-28 14:26:38.959140
PAY005710,CUST3534,8356,Debit Card,Monthly,SUCCESS,,2,Approved,0,2026-07-20 05:22:38.959140
PAY005711,CUST8503,10943,Wallet,Annual,SUCCESS,,2,Approved,0,2026-05-25 03:13:38.959140
PAY005712,CUST6318,21715,Credit Card,Monthly,SUCCESS,,3,Approved,0,2026-08-03 10:13:38.959140
PAY005713,CUST8014,19398,Debit Card,Monthly,FAILED,Fraud Suspected,1,Blocked,0,2026-06-30 21:08:38.959140
PAY005714,CUST5174,20551,Wallet,Annual,SUCCESS,,3,Approved,0,2026-06-08 03:49:38.959140
PAY005715,CUST4671,4758,Wallet,Quarterly,SUCCESS,,0,Approved,0,2026-08-06 01:34:38.959140
PAY005716,CUST5296,14440,UPI,Quarterly,SUCCESS,,0,Approved,0,2026-03-20 12:21:38.959140
PAY005717,CUST3351,2790,Net Banking,Annual,SUCCESS,,1,Approved,0,2026-04-30 07:06:38.959140
PAY005718,CUST9902,15492,Debit Card,Monthly,SUCCESS,,2,Approved,0,2026-04-19 02:26:38.959140
PAY005719,CUST5057,6708,Debit Card,Monthly,SUCCESS,,3,Approved,0,2026-05-17 02:08:38.959140
PAY005720,CUST3143,13770,Net Banking,Annual,SUCCESS,,0,Approved,0,2026-05-05 15:39:38.959140
PAY005721,CUST6802,8983,Credit Card,Monthly,SUCCESS,,0,Approved,0,2026-06-10 20:21:38.959140
PAY005722,CUST7678,8162,UPI,Monthly,SUCCESS,,1,Approved,0,2026-04-26 18:18:38.959140
PAY005723,CUST8353,16423,Credit Card,Annual,SUCCESS,,3,Approved,0,2026-04-13 04:21:38.959140
PAY005724,CUST4089,12629,Credit Card,Annual,SUCCESS,,2,Approved,0,2026-06-27 14:47:38.959140
PAY005725,CUST2080,9498,Net Banking,Monthly,SUCCESS,,0,Approved,0,2026-07-17 09:33:38.959140
PAY005726,CUST2001,12701,Wallet,Quarterly,FAILED,Network Error,0,Declined,1,2026-04-23 10:34:38.959140
PAY005727,CUST7875,2944,Net Banking,Monthly,SUCCESS,,2,Approved,0,2026-04-24 06:37:38.959140
PAY005728,CUST4263,22282,UPI,Monthly,SUCCESS,,0,Approved,0,2026-07-02 13:45:38.959140
PAY005729,CUST3594,18230,UPI,Monthly,SUCCESS,,0,Approved,0,2026-07-20 21:43:38.959140
PAY005730,CUST7769,13714,Net Banking,Quarterly,SUCCESS,,3,Approved,0,2026-07-19 18:13:38.959140
PAY005731,CUST8473,15005,Net Banking,Quarterly,FAILED,Invalid CVV,1,Timeout,0,2026-08-12 03:24:38.959140
PAY005732,CUST1953,9889,Credit Card,Quarterly,SUCCESS,,2,Approved,0,2026-06-30 05:02:38.959140
PAY005733,CUST4310,16622,Debit Card,Annual,FAILED,User Cancelled,0,Timeout,0,2026-06-29 11:08:38.959140
PAY005734,CUST7255,3633,Wallet,Monthly,SUCCESS,,0,Approved,0,2026-04-04 05:38:38.959140
PAY005735,CUST1807,12271,Wallet,Annual,SUCCESS,,1,Approved,0,2026-04-21 14:08:38.959140
PAY005736,CUST5087,4532,Credit Card,Annual,SUCCESS,,1,Approved,0,2026-07-13 14:54:38.959140
PAY005737,CUST9520,2794,Debit Card,Quarterly,FAILED,Card Expired,1,Timeout,0,2026-05-15 06:55:38.959140
PAY005738,CUST3347,1032,Net Banking,Quarterly,SUCCESS,,3,Approved,0,2026-03-13 23:00:38.959140
PAY005739,CUST7316,4641,Net Banking,Quarterly,SUCCESS,,3,Approved,0,2026-03-12 09:17:38.959140
PAY005740,CUST5865,10579,Debit Card,Annual,SUCCESS,,0,Approved,0,2026-07-23 16:05:38.959140
PAY005741,CUST7882,5249,Debit Card,Annual,SUCCESS,,0,Approved,0,2026-08-26 13:35:38.959140
PAY005742,CUST8431,24175,Credit Card,Monthly,FAILED,Bank Timeout,2,Processing Error,1,2026-07-08 02:45:38.959140
PAY005743,CUST6360,9335,Net Banking,Monthly,SUCCESS,,0,Approved,0,2026-05-28 07:33:38.959140
PAY005744,CUST4750,21945,Debit Card,Annual,SUCCESS,,0,Approved,0,2026-04-07 12:09:38.959140
PAY005745,CUST2829,14974,Credit Card,Quarterly,SUCCESS,,3,Approved,0,2026-07-27 16:28:38.959140
PAY005746,CUST2386,17695,Wallet,Annual,SUCCESS,,2,Approved,0,2026-06-14 09:59:38.959140
PAY005747,CUST7292,23637,Debit Card,Annual,FAILED,User Cancelled,2,Approved,0,2026-08-07 22:13:38.959140
PAY005748,CUST7448,24646,Debit Card,Quarterly,SUCCESS,,2,Approved,0,2026-05-05 21:13:38.959140
PAY005749,CUST1096,10631,UPI,Quarterly,SUCCESS,,1,Approved,0,2026-04-22 04:11:38.959140
PAY005750,CUST3559,12236,Wallet,Quarterly,SUCCESS,,1,Approved,0,2026-05-03 23:45:38.959140
PAY005751,CUST9088,12074,UPI,Monthly,SUCCESS,,2,Approved,0,2026-04-25 08:10:38.959140
PAY005752,CUST6679,15497,UPI,Monthly,SUCCESS,,3,Approved,0,2026-06-26 20:48:38.959140
PAY005753,CUST4743,9970,Net Banking,Quarterly,FAILED,Insufficient Funds,3,Blocked,1,2026-05-30 23:32:38.959140
PAY005754,CUST1728,21125,Credit Card,Annual,SUCCESS,,2,Approved,0,2026-08-21 07:32:38.959140
PAY005755,CUST2256,1976,Net Banking,Quarterly,SUCCESS,,2,Approved,0,2026-07-09 01:10:38.959140
PAY005756,CUST1702,1162,Credit Card,Monthly,FAILED,Fraud Suspected,3,Processing Error,0,2026-04-22 17:32:38.959140
PAY005757,CUST8984,7359,Wallet,Annual,SUCCESS,,2,Approved,0,2026-03-12 02:10:38.959140
PAY005758,CUST5394,22552,Debit Card,Quarterly,SUCCESS,,0,Approved,0,2026-05-18 22:48:38.959140
PAY005759,CUST5728,5914,Credit Card,Annual,SUCCESS,,3,Approved,0,2026-05-11 15:55:38.959140
PAY005760,CUST3056,21943,Wallet,Quarterly,SUCCESS,,1,Approved,0,2026-08-15 00:50:38.959140
PAY005761,CUST2479,16552,Debit Card,Annual,SUCCESS,,2,Approved,0,2026-08-24 08:38:38.959140
PAY005762,CUST6874,12919,Net Banking,Monthly,SUCCESS,,0,Approved,0,2026-05-12 01:35:38.959140
PAY005763,CUST7822,12052,UPI,Quarterly,SUCCESS,,3,Approved,0,2026-07-11 02:35:38.959140
PAY005764,CUST4924,19178,Net Banking,Annual,SUCCESS,,2,Approved,0,2026-03-17 15:45:38.959140
PAY005765,CUST1231,8319,Debit Card,Annual,SUCCESS,,3,Approved,0,2026-07-04 04:03:38.959140
PAY005766,CUST2175,10374,Credit Card,Monthly,FAILED,Invalid CVV,0,Approved,0,2026-07-14 10:22:38.959140
PAY005767,CUST3157,13708,Debit Card,Quarterly,SUCCESS,,1,Approved,0,2026-04-12 21:50:38.959140
PAY005768,CUST7620,16835,UPI,Annual,FAILED,Invalid CVV,1,Blocked,0,2026-05-16 17:44:38.959140
PAY005769,CUST8389,4860,Debit Card,Annual,SUCCESS,,3,Approved,0,2026-08-21 06:51:38.959140
PAY005770,CUST5983,23027,Wallet,Quarterly,FAILED,UPI Failure,3,Blocked,1,2026-06-23 08:07:38.959140
PAY005771,CUST4247,16727,UPI,Annual,SUCCESS,,3,Approved,0,2026-07-22 10:16:38.959140
PAY005772,CUST3654,7454,Net Banking,Annual,SUCCESS,,0,Approved,0,2026-05-12 01:30:38.959140
PAY005773,CUST4001,23319,Credit Card,Quarterly,SUCCESS,,1,Approved,0,2026-05-19 13:24:38.959140
PAY005774,CUST4851,24077,UPI,Monthly,FAILED,Fraud Suspected,0,Declined,0,2026-05-25 14:47:38.959140
PAY005775,CUST1163,9325,UPI,Quarterly,SUCCESS,,3,Approved,0,2026-06-24 13:17:38.959140
PAY005776,CUST9231,3635,Net Banking,Monthly,SUCCESS,,0,Approved,0,2026-06-21 16:31:38.959140
PAY005777,CUST9587,22452,Debit Card,Annual,SUCCESS,,0,Approved,0,2026-08-09 03:30:38.959140
PAY005778,CUST3456,12823,Credit Card,Monthly,SUCCESS,,0,Approved,0,2026-05-25 06:30:38.959140
PAY005779,CUST8707,6277,Credit Card,Annual,SUCCESS,,2,Approved,0,2026-05-24 17:54:38.959140
PAY005780,CUST7415,16166,Wallet,Annual,SUCCESS,,3,Approved,0,2026-05-16 20:00:38.959140
PAY005781,CUST2063,20021,UPI,Quarterly,SUCCESS,,2,Approved,0,2026-08-02 12:10:38.959140
PAY005782,CUST4329,23362,UPI,Monthly,FAILED,Bank Timeout,0,Processing Error,1,2026-04-18 07:42:38.959140
PAY005783,CUST7241,10209,Credit Card,Annual,FAILED,UPI Failure,1,Timeout,1,2026-07-16 22:51:38.959140
PAY005784,CUST2324,4271,UPI,Annual,FAILED,User Cancelled,1,Processing Error,0,2026-07-31 01:53:38.959140
PAY005785,CUST4978,24766,Wallet,Monthly,SUCCESS,,1,Approved,0,2026-03-12 03:26:38.959140
PAY005786,CUST7767,14165,Credit Card,Annual,SUCCESS,,2,Approved,0,2026-06-09 20:07:38.959140
PAY005787,CUST2049,11071,UPI,Monthly,SUCCESS,,1,Approved,0,2026-08-24 00:07:38.959140
PAY005788,CUST8936,5459,Wallet,Monthly,SUCCESS,,0,Approved,0,2026-06-02 17:58:38.959140
PAY005789,CUST4744,6950,Net Banking,Annual,FAILED,Invalid CVV,3,Processing Error,0,2026-05-25 23:16:38.959140
PAY005790,CUST3870,20306,Wallet,Monthly,SUCCESS,,2,Approved,0,2026-06-05 05:05:38.959140
PAY005791,CUST6347,5288,Wallet,Annual,SUCCESS,,3,Approved,0,2026-08-30 01:05:38.959140
PAY005792,CUST9050,432,Wallet,Monthly,SUCCESS,,1,Approved,0,2026-04-15 09:38:38.959140
PAY005793,CUST4685,21982,Net Banking,Quarterly,SUCCESS,,2,Approved,0,2026-03-15 10:05:38.959140
PAY005794,CUST2763,20839,Credit Card,Monthly,SUCCESS,,1,Approved,0,2026-07-09 02:19:38.959140
PAY005795,CUST8343,24335,Debit Card,Quarterly,SUCCESS,,2,Approved,0,2026-04-01 18:21:38.959140
PAY005796,CUST5088,3314,UPI,Quarterly,SUCCESS,,2,Approved,0,2026-03-18 10:29:38.959140
PAY005797,CUST2098,15001,Credit Card,Annual,SUCCESS,,0,Approved,0,2026-05-31 19:52:38.959140
PAY005798,CUST5785,13141,Wallet,Annual,FAILED,Fraud Suspected,2,Blocked,0,2026-04-06 10:17:38.959140
PAY005799,CUST9279,11749,Credit Card,Annual,SUCCESS,,1,Approved,0,2026-08-02 07:31:38.959140
PAY005800,CUST2209,5644,Debit Card,Monthly,SUCCESS,,0,Approved,0,2026-08-21 21:41:38.959140
PAY005801,CUST7777,15395,Debit Card,Annual,SUCCESS,,3,Approved,0,2026-06-08 05:08:38.959140
PAY005802,CUST6767,13204,Net Banking,Quarterly,SUCCESS,,0,Approved,0,2026-05-23 02:43:38.959140
PAY005803,CUST6370,4610,Debit Card,Annual,FAILED,Invalid CVV,1,Approved,0,2026-04-03 04:09:38.959140
PAY005804,CUST5995,21935,Wallet,Quarterly,FAILED,Bank Timeout,0,Blocked,1,2026-08-18 16:57:38.959140
PAY005805,CUST5194,9814,Debit Card,Quarterly,SUCCESS,,1,Approved,0,2026-07-09 22:27:38.959140
PAY005806,CUST4894,13510,Wallet,Annual,SUCCESS,,3,Approved,0,2026-03-23 18:53:38.959140
PAY005807,CUST2481,11346,Debit Card,Annual,FAILED,Insufficient Funds,2,Blocked,1,2026-03-12 19:07:38.959140
PAY005808,CUST4072,13215,Credit Card,Monthly,SUCCESS,,3,Approved,0,2026-06-11 15:47:38.959140
PAY005809,CUST4084,21436,Net Banking,Monthly,SUCCESS,,2,Approved,0,2026-08-27 03:53:38.959140
PAY005810,CUST1502,19077,Net Banking,Quarterly,FAILED,Bank Timeout,2,Processing Error,1,2026-03-25 15:10:38.959140
PAY005811,CUST1562,10820,Wallet,Quarterly,SUCCESS,,1,Approved,0,2026-05-23 09:30:38.959140
PAY005812,CUST3291,14462,UPI,Monthly,SUCCESS,,1,Approved,0,2026-03-09 22:21:38.959140
PAY005813,CUST3587,23428,UPI,Annual,FAILED,Card Expired,1,Approved,0,2026-06-18 00:45:38.959140
PAY005814,CUST4601,13075,Net Banking,Monthly,SUCCESS,,3,Approved,0,2026-05-26 19:51:38.959140
PAY005815,CUST9245,6631,Credit Card,Quarterly,FAILED,Fraud Suspected,3,Timeout,0,2026-04-19 11:55:38.959140
PAY005816,CUST2648,15926,Wallet,Annual,SUCCESS,,0,Approved,0,2026-06-01 13:00:38.959140
PAY005817,CUST6340,11486,Net Banking,Quarterly,SUCCESS,,3,Approved,0,2026-07-07 19:59:38.959140
PAY005818,CUST6204,6449,Debit Card,Quarterly,FAILED,UPI Failure,3,Approved,1,2026-06-06 20:13:38.959140
PAY005819,CUST1092,6692,Wallet,Annual,FAILED,Invalid CVV,1,Timeout,0,2026-03-23 14:49:38.959140
PAY005820,CUST1820,8964,Debit Card,Annual,FAILED,UPI Failure,3,Declined,1,2026-08-19 14:20:38.959140
PAY005821,CUST4479,14148,UPI,Monthly,FAILED,Bank Timeout,0,Timeout,1,2026-03-20 09:13:38.959140
PAY005822,CUST6181,5869,Debit Card,Quarterly,FAILED,Invalid CVV,3,Declined,0,2026-08-09 13:24:38.959140
PAY005823,CUST1847,1694,Debit Card,Monthly,FAILED,User Cancelled,0,Blocked,0,2026-06-20 09:25:38.959140
PAY005824,CUST8648,9728,UPI,Monthly,FAILED,User Cancelled,3,Blocked,0,2026-04-01 00:54:38.959140
PAY005825,CUST1572,19101,Net Banking,Monthly,SUCCESS,,0,Approved,0,2026-08-18 15:12:38.959140
PAY005826,CUST8225,10592,Credit Card,Annual,SUCCESS,,2,Approved,0,2026-05-20 06:02:38.959140
PAY005827,CUST7584,16356,Wallet,Monthly,SUCCESS,,2,Approved,0,2026-04-23 05:20:38.959140
PAY005828,CUST4451,20946,UPI,Annual,FAILED,Fraud Suspected,0,Approved,0,2026-06-18 17:45:38.959140
PAY005829,CUST2108,18948,Wallet,Monthly,SUCCESS,,3,Approved,0,2026-06-08 10:12:38.959140
PAY005830,CUST5813,6689,Credit Card,Annual,SUCCESS,,0,Approved,0,2026-05-12 13:04:38.959140
PAY005831,CUST2110,8393,UPI,Monthly,SUCCESS,,1,Approved,0,2026-05-14 01:22:38.959140
PAY005832,CUST5918,19200,UPI,Annual,FAILED,User Cancelled,0,Blocked,0,2026-04-14 12:57:38.959140
PAY005833,CUST3972,21785,Debit Card,Annual,SUCCESS,,2,Approved,0,2026-03-21 06:43:38.959140
PAY005834,CUST4739,20574,Credit Card,Monthly,SUCCESS,,0,Approved,0,2026-07-20 10:57:38.959140
PAY005835,CUST7860,23354,Net Banking,Quarterly,SUCCESS,,3,Approved,0,2026-07-11 11:29:38.959140
PAY005836,CUST6245,1287,UPI,Monthly,FAILED,Bank Timeout,3,Blocked,1,2026-08-08 03:38:38.959140
PAY005837,CUST8706,10248,Wallet,Monthly,FAILED,Network Error,0,Blocked,1,2026-07-05 16:55:38.959140
PAY005838,CUST4185,9495,UPI,Annual,SUCCESS,,2,Approved,0,2026-07-09 14:40:38.959140
PAY005839,CUST3639,6539,Wallet,Annual,SUCCESS,,3,Approved,0,2026-04-22 06:38:38.959140
PAY005840,CUST1139,20529,Credit Card,Quarterly,SUCCESS,,3,Approved,0,2026-07-16 06:14:38.959140
PAY005841,CUST3005,8040,Debit Card,Quarterly,FAILED,Insufficient Funds,1,Processing Error,1,2026-08-16 12:54:38.959140
PAY005842,CUST4644,18151,Credit Card,Monthly,SUCCESS,,2,Approved,0,2026-03-31 03:22:38.959140
PAY005843,CUST6588,15496,Net Banking,Quarterly,SUCCESS,,3,Approved,0,2026-03-20 01:59:38.959140
PAY005844,CUST3237,14920,Wallet,Annual,SUCCESS,,3,Approved,0,2026-03-22 19:30:38.959140
PAY005845,CUST3557,1192,Wallet,Quarterly,SUCCESS,,1,Approved,0,2026-03-20 13:20:38.959140
PAY005846,CUST6857,14446,Wallet,Annual,SUCCESS,,2,Approved,0,2026-03-15 21:34:38.959140
PAY005847,CUST7842,6184,UPI,Quarterly,FAILED,Insufficient Funds,1,Declined,1,2026-07-11 12:20:38.959140
PAY005848,CUST3781,17461,Debit Card,Annual,SUCCESS,,3,Approved,0,2026-03-29 23:10:38.959140
PAY005849,CUST6596,5832,Net Banking,Monthly,SUCCESS,,3,Approved,0,2026-05-07 17:11:38.959140
PAY005850,CUST7786,13365,Net Banking,Quarterly,SUCCESS,,2,Approved,0,2026-06-22 16:38:38.959140
PAY005851,CUST4749,3203,Net Banking,Quarterly,SUCCESS,,2,Approved,0,2026-05-06 09:24:38.959140
PAY005852,CUST9490,11746,Wallet,Monthly,FAILED,Fraud Suspected,3,Timeout,0,2026-07-18 17:21:38.959140
PAY005853,CUST1795,10687,UPI,Annual,FAILED,Invalid CVV,1,Blocked,0,2026-07-18 22:16:38.959140
PAY005854,CUST2838,3514,Debit Card,Annual,SUCCESS,,0,Approved,0,2026-08-05 21:12:38.959140
PAY005855,CUST6641,8279,UPI,Quarterly,SUCCESS,,1,Approved,0,2026-06-16 17:35:38.959140
PAY005856,CUST1607,9498,Debit Card,Monthly,SUCCESS,,3,Approved,0,2026-06-07 19:29:38.959140
PAY005857,CUST9922,24704,Credit Card,Annual,SUCCESS,,0,Approved,0,2026-06-28 13:53:38.959140
PAY005858,CUST8109,2317,Debit Card,Annual,SUCCESS,,1,Approved,0,2026-04-25 23:35:38.959140
PAY005859,CUST9341,24983,Net Banking,Monthly,SUCCESS,,3,Approved,0,2026-05-07 01:30:38.959140
PAY005860,CUST6637,20598,Net Banking,Monthly,SUCCESS,,2,Approved,0,2026-07-23 16:58:38.959140
PAY005861,CUST5925,6867,Wallet,Quarterly,SUCCESS,,1,Approved,0,2026-04-23 06:12:38.959140
PAY005862,CUST6554,10618,UPI,Quarterly,SUCCESS,,3,Approved,0,2026-03-19 13:24:38.959140
PAY005863,CUST4151,11149,Wallet,Annual,FAILED,Bank Timeout,3,Processing Error,1,2026-08-12 03:03:38.959140
PAY005864,CUST3722,21065,Debit Card,Annual,SUCCESS,,1,Approved,0,2026-08-03 04:23:38.959140
PAY005865,CUST7185,4861,UPI,Annual,SUCCESS,,3,Approved,0,2026-03-25 22:39:38.959140
PAY005866,CUST3632,22109,Wallet,Annual,SUCCESS,,3,Approved,0,2026-07-28 12:04:38.959140
PAY005867,CUST7847,15260,Credit Card,Monthly,SUCCESS,,2,Approved,0,2026-06-05 10:30:38.959140
PAY005868,CUST6644,904,Debit Card,Quarterly,SUCCESS,,1,Approved,0,2026-07-12 09:59:38.959140
PAY005869,CUST9627,14644,UPI,Annual,SUCCESS,,1,Approved,0,2026-05-24 00:34:38.959140
PAY005870,CUST5596,6299,UPI,Annual,FAILED,Bank Timeout,0,Declined,1,2026-08-01 19:18:38.959140
PAY005871,CUST4038,23092,Debit Card,Monthly,FAILED,Insufficient Funds,1,Processing Error,1,2026-04-04 04:42:38.959140
PAY005872,CUST9221,8314,Debit Card,Quarterly,SUCCESS,,0,Approved,0,2026-08-22 17:21:38.959140
PAY005873,CUST9833,9215,Wallet,Monthly,SUCCESS,,0,Approved,0,2026-08-10 07:43:38.959140
PAY005874,CUST5280,17460,UPI,Monthly,SUCCESS,,1,Approved,0,2026-03-25 08:57:38.959140
PAY005875,CUST3597,11474,Wallet,Monthly,FAILED,Insufficient Funds,3,Declined,1,2026-04-19 16:46:38.959140
PAY005876,CUST5960,6350,Wallet,Monthly,SUCCESS,,2,Approved,0,2026-07-09 08:37:38.959140
PAY005877,CUST8258,14738,UPI,Quarterly,SUCCESS,,3,Approved,0,2026-05-14 09:21:38.959140
PAY005878,CUST4189,16605,Credit Card,Annual,FAILED,Bank Timeout,3,Approved,1,2026-07-06 21:40:38.959140
PAY005879,CUST6140,2054,Net Banking,Quarterly,FAILED,Invalid CVV,3,Blocked,0,2026-04-10 05:25:38.959140
PAY005880,CUST9582,6990,Wallet,Monthly,FAILED,Invalid CVV,2,Approved,0,2026-05-28 13:59:38.959140
PAY005881,CUST6922,18993,Wallet,Quarterly,SUCCESS,,1,Approved,0,2026-08-11 17:28:38.959140
PAY005882,CUST8648,19693,Credit Card,Quarterly,SUCCESS,,2,Approved,0,2026-05-20 17:16:38.959140
PAY005883,CUST1269,13095,Wallet,Quarterly,SUCCESS,,1,Approved,0,2026-04-23 05:39:38.959140
PAY005884,CUST7457,3478,Credit Card,Annual,SUCCESS,,3,Approved,0,2026-04-07 12:13:38.959140
PAY005885,CUST1804,7819,Wallet,Quarterly,FAILED,Invalid CVV,1,Timeout,0,2026-07-15 09:56:38.959140
PAY005886,CUST8096,21971,Credit Card,Quarterly,FAILED,Card Expired,3,Approved,0,2026-04-30 00:11:38.959140
PAY005887,CUST2556,23277,UPI,Annual,FAILED,Insufficient Funds,1,Declined,1,2026-08-13 01:50:38.959140
PAY005888,CUST8070,3307,Credit Card,Monthly,FAILED,Network Error,3,Processing Error,1,2026-05-23 19:30:38.959140
PAY005889,CUST2185,11988,Debit Card,Monthly,SUCCESS,,2,Approved,0,2026-05-04 12:17:38.959140
PAY005890,CUST7199,10954,Credit Card,Monthly,SUCCESS,,3,Approved,0,2026-06-29 19:36:38.959140
PAY005891,CUST9379,11633,Debit Card,Annual,FAILED,Card Expired,0,Approved,0,2026-07-26 20:21:38.959140
PAY005892,CUST7792,1291,UPI,Annual,SUCCESS,,3,Approved,0,2026-07-20 21:31:38.959140
PAY005893,CUST7381,2069,UPI,Quarterly,SUCCESS,,1,Approved,0,2026-08-14 12:10:38.959140
PAY005894,CUST5290,675,Wallet,Annual,SUCCESS,,0,Approved,0,2026-05-29 07:13:38.959140
PAY005895,CUST7221,16847,Credit Card,Quarterly,SUCCESS,,0,Approved,0,2026-08-22 06:46:38.959140
PAY005896,CUST9054,882,Wallet,Annual,SUCCESS,,3,Approved,0,2026-05-19 14:11:38.959140
PAY005897,CUST3416,15520,UPI,Quarterly,SUCCESS,,1,Approved,0,2026-08-11 05:49:38.959140
PAY005898,CUST4464,5921,Wallet,Annual,SUCCESS,,2,Approved,0,2026-04-06 15:09:38.959140
PAY005899,CUST1229,8817,Net Banking,Monthly,SUCCESS,,2,Approved,0,2026-08-11 00:26:38.959140
PAY005900,CUST9451,21143,Debit Card,Monthly,FAILED,UPI Failure,0,Declined,1,2026-07-12 20:51:38.959140
PAY005901,CUST1498,21765,Net Banking,Quarterly,SUCCESS,,0,Approved,0,2026-05-11 19:10:38.959140
PAY005902,CUST4643,8375,Credit Card,Monthly,SUCCESS,,2,Approved,0,2026-04-21 09:31:38.959140
PAY005903,CUST6190,2739,Debit Card,Quarterly,SUCCESS,,2,Approved,0,2026-05-31 15:30:38.959140
PAY005904,CUST3717,2261,Debit Card,Annual,SUCCESS,,1,Approved,0,2026-06-20 06:36:38.959140
PAY005905,CUST9992,288,UPI,Quarterly,SUCCESS,,1,Approved,0,2026-06-10 05:10:38.959140
PAY005906,CUST2813,6029,Net Banking,Quarterly,FAILED,User Cancelled,0,Declined,0,2026-06-10 11:08:38.959140
PAY005907,CUST8046,4037,Credit Card,Quarterly,SUCCESS,,1,Approved,0,2026-05-24 17:22:38.959140
PAY005908,CUST5563,10834,Wallet,Monthly,FAILED,Network Error,0,Declined,1,2026-06-04 16:16:38.959140
PAY005909,CUST1887,19785,Credit Card,Annual,SUCCESS,,2,Approved,0,2026-04-22 05:44:38.959140
PAY005910,CUST5105,12071,Wallet,Quarterly,FAILED,Bank Timeout,0,Processing Error,1,2026-07-22 20:30:38.959140
PAY005911,CUST1774,7953,Credit Card,Quarterly,FAILED,Fraud Suspected,1,Timeout,0,2026-06-09 21:13:38.959140
PAY005912,CUST5358,11724,Credit Card,Annual,SUCCESS,,2,Approved,0,2026-04-17 02:51:38.959140
PAY005913,CUST4682,11776,UPI,Annual,SUCCESS,,0,Approved,0,2026-04-13 14:03:38.959140
PAY005914,CUST7741,8443,Credit Card,Monthly,SUCCESS,,0,Approved,0,2026-05-01 03:15:38.959140
PAY005915,CUST1333,1632,Debit Card,Monthly,SUCCESS,,2,Approved,0,2026-08-04 15:31:38.959140
PAY005916,CUST1454,9024,Debit Card,Monthly,FAILED,Card Expired,3,Timeout,0,2026-07-08 02:16:38.959140
PAY005917,CUST3791,7026,UPI,Monthly,SUCCESS,,3,Approved,0,2026-06-06 16:19:38.959140
PAY005918,CUST5213,15935,Net Banking,Annual,SUCCESS,,2,Approved,0,2026-05-01 09:37:38.959140
PAY005919,CUST2175,18711,Net Banking,Monthly,SUCCESS,,0,Approved,0,2026-07-13 17:49:38.959140
PAY005920,CUST4283,8337,Debit Card,Quarterly,SUCCESS,,0,Approved,0,2026-03-15 04:23:38.959140
PAY005921,CUST9682,22368,Net Banking,Quarterly,SUCCESS,,2,Approved,0,2026-08-23 10:29:38.959140
PAY005922,CUST5813,16049,Debit Card,Annual,SUCCESS,,1,Approved,0,2026-06-04 23:25:38.959140
PAY005923,CUST3213,12453,Credit Card,Quarterly,SUCCESS,,0,Approved,0,2026-05-29 08:28:38.959140
PAY005924,CUST8699,2001,Debit Card,Monthly,SUCCESS,,2,Approved,0,2026-08-11 18:11:38.959140
PAY005925,CUST1025,18394,Credit Card,Quarterly,SUCCESS,,0,Approved,0,2026-06-16 16:38:38.959140
PAY005926,CUST3175,7003,Wallet,Annual,SUCCESS,,1,Approved,0,2026-05-13 12:49:38.959140
PAY005927,CUST5047,20583,Debit Card,Monthly,FAILED,Fraud Suspected,2,Declined,0,2026-03-10 15:58:38.959140
PAY005928,CUST6383,4579,Net Banking,Quarterly,SUCCESS,,3,Approved,0,2026-06-28 10:19:38.959140
PAY005929,CUST5745,22706,Wallet,Monthly,SUCCESS,,3,Approved,0,2026-05-25 00:43:38.959140
PAY005930,CUST4216,24365,Net Banking,Quarterly,SUCCESS,,0,Approved,0,2026-05-26 14:22:38.959140
PAY005931,CUST5286,15170,Wallet,Monthly,SUCCESS,,2,Approved,0,2026-04-06 00:16:38.959140
PAY005932,CUST5384,8097,Credit Card,Annual,SUCCESS,,3,Approved,0,2026-05-18 23:23:38.959140
PAY005933,CUST4427,16979,Wallet,Quarterly,FAILED,Network Error,1,Approved,1,2026-07-25 09:39:38.959140
PAY005934,CUST7506,12114,UPI,Annual,SUCCESS,,1,Approved,0,2026-07-22 14:30:38.959140
PAY005935,CUST8667,11427,Credit Card,Quarterly,SUCCESS,,1,Approved,0,2026-04-11 17:20:38.959140
PAY005936,CUST5160,1088,Wallet,Annual,SUCCESS,,0,Approved,0,2026-03-25 02:36:38.959140
PAY005937,CUST6391,23685,Debit Card,Annual,SUCCESS,,2,Approved,0,2026-05-31 16:27:38.959140
PAY005938,CUST8589,22117,UPI,Quarterly,SUCCESS,,3,Approved,0,2026-08-12 16:05:38.959140
PAY005939,CUST9749,20282,UPI,Annual,FAILED,Invalid CVV,0,Processing Error,0,2026-06-22 15:28:38.959140
PAY005940,CUST8852,12857,Net Banking,Monthly,SUCCESS,,2,Approved,0,2026-06-22 11:17:38.959140
PAY005941,CUST4286,3182,Debit Card,Monthly,SUCCESS,,0,Approved,0,2026-07-08 13:20:38.959140
PAY005942,CUST2582,6835,UPI,Annual,SUCCESS,,3,Approved,0,2026-06-16 08:47:38.959140
PAY005943,CUST6140,760,Net Banking,Annual,FAILED,Card Expired,2,Processing Error,0,2026-08-04 07:44:38.959140
PAY005944,CUST3646,7130,UPI,Annual,SUCCESS,,0,Approved,0,2026-06-04 01:18:38.959140
PAY005945,CUST8437,16687,UPI,Annual,SUCCESS,,3,Approved,0,2026-07-08 06:29:38.959140
PAY005946,CUST6247,18979,Wallet,Quarterly,SUCCESS,,0,Approved,0,2026-05-19 06:57:38.959140
PAY005947,CUST2149,13539,UPI,Monthly,SUCCESS,,1,Approved,0,2026-05-04 21:47:38.959140
PAY005948,CUST7874,10971,Net Banking,Monthly,SUCCESS,,3,Approved,0,2026-06-19 00:08:38.959140
PAY005949,CUST9998,12715,UPI,Annual,FAILED,UPI Failure,2,Declined,1,2026-08-04 02:45:38.959140
PAY005950,CUST9749,19328,Wallet,Quarterly,FAILED,UPI Failure,0,Blocked,1,2026-04-09 01:34:38.959140
PAY005951,CUST7624,5492,UPI,Annual,FAILED,Card Expired,2,Blocked,0,2026-06-22 22:09:38.959140
PAY005952,CUST6484,3373,Debit Card,Monthly,SUCCESS,,2,Approved,0,2026-07-11 02:46:38.959140
PAY005953,CUST5556,7534,Credit Card,Quarterly,SUCCESS,,0,Approved,0,2026-07-16 08:28:38.959140
PAY005954,CUST7611,6757,Net Banking,Monthly,FAILED,User Cancelled,0,Timeout,0,2026-06-14 05:08:38.959140
PAY005955,CUST5185,4137,Debit Card,Annual,SUCCESS,,3,Approved,0,2026-07-24 14:02:38.959140
PAY005956,CUST6004,3227,UPI,Monthly,SUCCESS,,2,Approved,0,2026-07-24 06:52:38.959140
PAY005957,CUST8283,24158,Debit Card,Quarterly,SUCCESS,,2,Approved,0,2026-03-16 09:26:38.959140
PAY005958,CUST7927,7912,Debit Card,Monthly,SUCCESS,,0,Approved,0,2026-03-19 01:41:38.959140
PAY005959,CUST7735,19997,Wallet,Annual,SUCCESS,,3,Approved,0,2026-04-07 17:30:38.959140
PAY005960,CUST6005,24117,Credit Card,Quarterly,SUCCESS,,2,Approved,0,2026-07-24 04:21:38.959140
PAY005961,CUST3444,24433,Debit Card,Monthly,FAILED,UPI Failure,2,Blocked,1,2026-04-25 21:10:38.959140
PAY005962,CUST7682,21138,Debit Card,Quarterly,FAILED,Network Error,3,Processing Error,1,2026-07-13 08:22:38.959140
PAY005963,CUST4987,12099,Net Banking,Monthly,SUCCESS,,3,Approved,0,2026-08-09 01:09:38.959140
PAY005964,CUST1903,23064,Net Banking,Annual,FAILED,Bank Timeout,2,Timeout,1,2026-04-12 22:29:38.959140
PAY005965,CUST7574,15158,UPI,Annual,FAILED,User Cancelled,0,Declined,0,2026-06-19 10:14:38.959140
PAY005966,CUST1328,9584,Debit Card,Monthly,SUCCESS,,1,Approved,0,2026-07-15 08:22:38.959140
PAY005967,CUST5808,5269,UPI,Monthly,FAILED,Insufficient Funds,2,Approved,1,2026-05-17 10:27:38.959140
PAY005968,CUST6769,13501,Credit Card,Quarterly,FAILED,UPI Failure,3,Processing Error,1,2026-08-10 22:37:38.959140
PAY005969,CUST8679,118,UPI,Quarterly,FAILED,Bank Timeout,3,Processing Error,1,2026-03-29 22:00:38.959140
PAY005970,CUST7724,24389,Debit Card,Monthly,SUCCESS,,2,Approved,0,2026-03-11 11:44:38.959140
PAY005971,CUST4451,15123,Wallet,Annual,FAILED,Insufficient Funds,1,Timeout,1,2026-06-21 11:17:38.959140
PAY005972,CUST7514,16059,Credit Card,Monthly,SUCCESS,,3,Approved,0,2026-06-01 21:06:38.959140
PAY005973,CUST5039,14464,UPI,Quarterly,FAILED,User Cancelled,0,Timeout,0,2026-04-04 23:39:38.959140
PAY005974,CUST9360,7705,Debit Card,Quarterly,SUCCESS,,0,Approved,0,2026-05-06 19:04:38.959140
PAY005975,CUST7857,15909,UPI,Quarterly,SUCCESS,,1,Approved,0,2026-05-09 20:53:38.959140
PAY005976,CUST1734,15414,Credit Card,Quarterly,SUCCESS,,1,Approved,0,2026-07-06 17:51:38.959140
PAY005977,CUST6749,12904,UPI,Annual,SUCCESS,,0,Approved,0,2026-05-07 02:31:38.959140
PAY005978,CUST8721,12972,Credit Card,Monthly,FAILED,Fraud Suspected,0,Approved,0,2026-04-22 01:08:38.959140
PAY005979,CUST8193,5169,Net Banking,Quarterly,FAILED,Invalid CVV,0,Processing Error,0,2026-08-05 06:22:38.959140
PAY005980,CUST5550,9486,Credit Card,Annual,FAILED,Network Error,0,Declined,1,2026-05-07 20:13:38.959140
PAY005981,CUST6487,3831,Credit Card,Annual,FAILED,Fraud Suspected,3,Declined,0,2026-06-20 16:36:38.959140
PAY005982,CUST2200,16501,Net Banking,Annual,SUCCESS,,3,Approved,0,2026-08-23 02:19:38.959140
PAY005983,CUST9508,12082,UPI,Quarterly,SUCCESS,,0,Approved,0,2026-04-22 10:45:38.959140
PAY005984,CUST7195,6219,Net Banking,Annual,SUCCESS,,0,Approved,0,2026-04-19 12:03:38.959140
PAY005985,CUST7099,21513,Credit Card,Quarterly,FAILED,User Cancelled,3,Timeout,0,2026-05-02 19:09:38.959140
PAY005986,CUST1182,4003,Debit Card,Annual,SUCCESS,,0,Approved,0,2026-05-28 23:39:38.959140
PAY005987,CUST3563,16408,Wallet,Quarterly,SUCCESS,,0,Approved,0,2026-05-15 02:19:38.959140
PAY005988,CUST5373,13156,Debit Card,Monthly,SUCCESS,,3,Approved,0,2026-08-18 17:26:38.959140
PAY005989,CUST9948,6356,Wallet,Quarterly,SUCCESS,,2,Approved,0,2026-08-25 19:24:38.959140
PAY005990,CUST3465,10518,Net Banking,Monthly,SUCCESS,,3,Approved,0,2026-06-26 10:15:38.959140
PAY005991,CUST4065,916,Debit Card,Annual,SUCCESS,,0,Approved,0,2026-05-18 12:02:38.959140
PAY005992,CUST8319,12098,Debit Card,Monthly,SUCCESS,,0,Approved,0,2026-06-05 15:36:38.959140
PAY005993,CUST6481,6677,Credit Card,Monthly,FAILED,Fraud Suspected,3,Blocked,0,2026-08-16 13:03:38.959140
PAY005994,CUST5115,5756,Debit Card,Annual,FAILED,Network Error,3,Timeout,1,2026-08-02 21:54:38.959140
PAY005995,CUST9069,22022,Net Banking,Annual,SUCCESS,,0,Approved,0,2026-07-01 11:19:38.959140
PAY005996,CUST2461,6566,Net Banking,Quarterly,SUCCESS,,2,Approved,0,2026-05-24 16:35:38.959140
PAY005997,CUST8070,2620,Debit Card,Monthly,SUCCESS,,2,Approved,0,2026-04-05 20:54:38.959140
PAY005998,CUST5287,4723,Net Banking,Monthly,SUCCESS,,1,Approved,0,2026-08-10 23:11:38.959140
PAY005999,CUST2756,16812,Debit Card,Annual,SUCCESS,,0,Approved,0,2026-03-10 05:46:38.959140
PAY006000,CUST9769,5598,Debit Card,Monthly,SUCCESS,,3,Approved,0,2026-03-22 23:07:38.959140
PAY006001,CUST2956,18303,Credit Card,Quarterly,FAILED,UPI Failure,2,Timeout,1,2026-04-23 15:09:38.959140
PAY006002,CUST1232,16074,Wallet,Monthly,SUCCESS,,1,Approved,0,2026-03-11 07:26:38.959140
PAY006003,CUST9320,17854,UPI,Annual,SUCCESS,,0,Approved,0,2026-05-08 19:42:38.959140
PAY006004,CUST5630,625,UPI,Quarterly,SUCCESS,,1,Approved,0,2026-04-18 05:42:38.959140
PAY006005,CUST7171,18215,Credit Card,Quarterly,FAILED,Insufficient Funds,0,Timeout,1,2026-07-14 07:12:38.959140
PAY006006,CUST2731,17079,Credit Card,Monthly,FAILED,Insufficient Funds,3,Declined,1,2026-08-04 07:44:38.959140
PAY006007,CUST5971,23090,Net Banking,Monthly,SUCCESS,,3,Approved,0,2026-06-21 06:35:38.959140
PAY006008,CUST8340,20951,Net Banking,Quarterly,FAILED,Fraud Suspected,0,Processing Error,0,2026-04-08 01:37:38.959140
PAY006009,CUST6680,3859,Wallet,Annual,SUCCESS,,1,Approved,0,2026-07-16 06:16:38.959140
PAY006010,CUST9343,13092,Wallet,Quarterly,FAILED,UPI Failure,1,Timeout,1,2026-03-19 04:33:38.959140
PAY006011,CUST2226,22716,Credit Card,Quarterly,SUCCESS,,2,Approved,0,2026-06-26 19:30:38.959140
PAY006012,CUST5009,19062,Credit Card,Monthly,SUCCESS,,1,Approved,0,2026-03-09 21:21:38.959140
PAY006013,CUST7836,8609,Debit Card,Quarterly,SUCCESS,,3,Approved,0,2026-05-16 01:21:38.959140
PAY006014,CUST6806,4030,Net Banking,Annual,SUCCESS,,3,Approved,0,2026-05-19 22:24:38.959140
PAY006015,CUST6658,7015,UPI,Quarterly,SUCCESS,,0,Approved,0,2026-04-30 18:12:38.959140
PAY006016,CUST2645,16525,Net Banking,Quarterly,SUCCESS,,3,Approved,0,2026-05-01 17:19:38.959140
PAY006017,CUST6291,17412,Credit Card,Monthly,SUCCESS,,3,Approved,0,2026-04-05 01:06:38.959140
PAY006018,CUST9015,7508,Net Banking,Quarterly,FAILED,Bank Timeout,0,Timeout,1,2026-06-03 16:24:38.959140
PAY006019,CUST4564,6205,Wallet,Quarterly,SUCCESS,,3,Approved,0,2026-03-27 18:37:38.959140
PAY006020,CUST7502,11995,UPI,Annual,FAILED,User Cancelled,3,Blocked,0,2026-04-24 13:09:38.959140
PAY006021,CUST9257,22637,Credit Card,Annual,SUCCESS,,2,Approved,0,2026-08-12 11:50:38.959140
PAY006022,CUST5444,1283,Debit Card,Monthly,SUCCESS,,1,Approved,0,2026-05-15 23:23:38.959140
PAY006023,CUST9941,15625,Wallet,Monthly,SUCCESS,,2,Approved,0,2026-06-20 14:00:38.959140
PAY006024,CUST7276,596,Debit Card,Quarterly,SUCCESS,,3,Approved,0,2026-06-29 04:43:38.959140
PAY006025,CUST7795,5924,Credit Card,Quarterly,SUCCESS,,2,Approved,0,2026-07-08 17:37:38.959140
PAY006026,CUST7788,5447,Wallet,Monthly,SUCCESS,,1,Approved,0,2026-04-22 11:46:38.959140
PAY006027,CUST4779,5801,Debit Card,Monthly,SUCCESS,,3,Approved,0,2026-05-10 18:42:38.959140
PAY006028,CUST8705,20186,Wallet,Annual,SUCCESS,,2,Approved,0,2026-05-10 13:17:38.959140
PAY006029,CUST1290,1171,UPI,Quarterly,FAILED,Bank Timeout,1,Blocked,1,2026-08-21 13:36:38.959140
PAY006030,CUST3129,22313,Wallet,Quarterly,SUCCESS,,0,Approved,0,2026-05-25 08:24:38.959140
PAY006031,CUST7333,679,Wallet,Quarterly,SUCCESS,,1,Approved,0,2026-07-24 03:13:38.959140
PAY006032,CUST4498,7413,Debit Card,Monthly,SUCCESS,,2,Approved,0,2026-07-09 05:09:38.959140
PAY006033,CUST2199,21153,UPI,Annual,FAILED,Network Error,2,Blocked,1,2026-07-14 14:21:38.959140
PAY006034,CUST9660,7908,Net Banking,Annual,SUCCESS,,0,Approved,0,2026-08-07 08:22:38.959140
PAY006035,CUST7955,15456,Net Banking,Annual,SUCCESS,,0,Approved,0,2026-08-18 12:52:38.959140
PAY006036,CUST8898,24500,Credit Card,Monthly,SUCCESS,,2,Approved,0,2026-06-03 11:43:38.959140
PAY006037,CUST2007,3296,Debit Card,Monthly,SUCCESS,,0,Approved,0,2026-07-08 06:58:38.959140
PAY006038,CUST8672,16787,Wallet,Monthly,SUCCESS,,2,Approved,0,2026-04-23 17:57:38.959140
PAY006039,CUST8793,2882,Wallet,Quarterly,SUCCESS,,3,Approved,0,2026-06-03 03:20:38.959140
PAY006040,CUST3183,6272,Debit Card,Monthly,SUCCESS,,2,Approved,0,2026-04-04 17:40:38.959140
PAY006041,CUST5320,20282,Credit Card,Quarterly,SUCCESS,,1,Approved,0,2026-04-03 04:23:38.959140
PAY006042,CUST8474,16238,Debit Card,Quarterly,FAILED,Bank Timeout,3,Processing Error,1,2026-05-30 21:44:38.959140
PAY006043,CUST2747,11209,Wallet,Annual,SUCCESS,,0,Approved,0,2026-04-08 19:29:38.959140
PAY006044,CUST6062,6216,Net Banking,Monthly,FAILED,Fraud Suspected,0,Blocked,0,2026-03-27 23:17:38.959140
PAY006045,CUST4773,12500,Wallet,Quarterly,SUCCESS,,1,Approved,0,2026-06-14 12:16:38.959140
PAY006046,CUST9282,17604,Debit Card,Monthly,SUCCESS,,3,Approved,0,2026-06-16 11:21:38.959140
PAY006047,CUST5040,617,Debit Card,Annual,FAILED,User Cancelled,2,Blocked,0,2026-06-01 22:16:38.959140
PAY006048,CUST8779,19565,UPI,Quarterly,SUCCESS,,2,Approved,0,2026-05-30 04:31:38.959140
PAY006049,CUST3910,23766,Wallet,Quarterly,SUCCESS,,1,Approved,0,2026-07-12 00:59:38.959140
PAY006050,CUST6197,21241,Debit Card,Quarterly,SUCCESS,,0,Approved,0,2026-04-06 03:31:38.959140
PAY006051,CUST5748,13851,Net Banking,Annual,SUCCESS,,3,Approved,0,2026-06-25 13:57:38.959140
PAY006052,CUST9466,21229,Net Banking,Monthly,FAILED,Card Expired,3,Blocked,0,2026-06-13 10:28:38.959140
PAY006053,CUST4683,24553,Wallet,Quarterly,SUCCESS,,0,Approved,0,2026-08-15 17:54:38.959140
PAY006054,CUST3212,9620,UPI,Monthly,SUCCESS,,2,Approved,0,2026-07-30 17:45:38.959140
PAY006055,CUST4762,11086,Debit Card,Annual,SUCCESS,,3,Approved,0,2026-04-10 06:43:38.959140
PAY006056,CUST4502,20374,Net Banking,Quarterly,SUCCESS,,2,Approved,0,2026-06-01 15:44:38.959140
PAY006057,CUST4222,4609,Wallet,Annual,SUCCESS,,3,Approved,0,2026-07-10 14:58:38.959140
PAY006058,CUST9084,11668,Net Banking,Annual,SUCCESS,,2,Approved,0,2026-07-27 05:01:38.959140
PAY006059,CUST3214,15784,UPI,Monthly,SUCCESS,,1,Approved,0,2026-08-04 06:34:38.959140
PAY006060,CUST1494,21227,UPI,Annual,SUCCESS,,0,Approved,0,2026-03-14 00:46:38.959140
PAY006061,CUST7819,16634,Wallet,Monthly,SUCCESS,,3,Approved,0,2026-07-09 08:55:38.959140
PAY006062,CUST9002,10576,Debit Card,Annual,SUCCESS,,0,Approved,0,2026-05-07 09:14:38.959140
PAY006063,CUST7513,8401,Net Banking,Monthly,SUCCESS,,0,Approved,0,2026-06-20 16:01:38.959140
PAY006064,CUST9376,22076,UPI,Monthly,SUCCESS,,0,Approved,0,2026-07-08 15:25:38.959140
PAY006065,CUST8925,20780,Credit Card,Quarterly,SUCCESS,,2,Approved,0,2026-06-11 12:37:38.959140
PAY006066,CUST5800,5816,Wallet,Quarterly,SUCCESS,,3,Approved,0,2026-08-12 23:03:38.959140
PAY006067,CUST5872,23160,Wallet,Monthly,SUCCESS,,1,Approved,0,2026-06-30 12:22:38.959140
PAY006068,CUST8614,11414,Credit Card,Annual,FAILED,Card Expired,0,Blocked,0,2026-05-31 22:18:38.959140
PAY006069,CUST5194,5998,Credit Card,Monthly,SUCCESS,,1,Approved,0,2026-08-14 04:55:38.959140
PAY006070,CUST8331,14255,Net Banking,Quarterly,SUCCESS,,3,Approved,0,2026-05-16 17:30:38.959140
PAY006071,CUST6485,8313,Wallet,Quarterly,SUCCESS,,1,Approved,0,2026-05-19 10:26:38.959140
PAY006072,CUST5907,6875,Wallet,Quarterly,SUCCESS,,0,Approved,0,2026-03-11 10:52:38.959140
PAY006073,CUST8821,8512,UPI,Annual,SUCCESS,,0,Approved,0,2026-06-03 10:03:38.959140
PAY006074,CUST2398,20669,Wallet,Annual,FAILED,Insufficient Funds,1,Processing Error,1,2026-08-14 17:11:38.959140
PAY006075,CUST7755,8756,Wallet,Quarterly,SUCCESS,,3,Approved,0,2026-05-20 08:26:38.959140
PAY006076,CUST2961,9043,Credit Card,Quarterly,FAILED,Card Expired,3,Processing Error,0,2026-04-06 09:24:38.959140
PAY006077,CUST4572,12165,Credit Card,Quarterly,FAILED,Network Error,3,Approved,1,2026-05-25 20:12:38.959140
PAY006078,CUST6339,12775,Wallet,Quarterly,FAILED,Bank Timeout,2,Timeout,1,2026-07-17 23:40:38.959140
PAY006079,CUST6245,12542,UPI,Quarterly,SUCCESS,,3,Approved,0,2026-04-16 11:06:38.959140
PAY006080,CUST3881,24978,Wallet,Annual,FAILED,Insufficient Funds,0,Processing Error,1,2026-07-23 15:04:38.959140
PAY006081,CUST8557,19608,Net Banking,Quarterly,SUCCESS,,2,Approved,0,2026-08-04 13:34:38.959140
PAY006082,CUST5264,13704,Wallet,Annual,FAILED,Invalid CVV,0,Approved,0,2026-04-12 04:34:38.959140
PAY006083,CUST7633,20005,Credit Card,Monthly,SUCCESS,,1,Approved,0,2026-07-07 06:28:38.959140
PAY006084,CUST7462,13037,Debit Card,Quarterly,FAILED,UPI Failure,1,Timeout,1,2026-08-13 11:23:38.959140
PAY006085,CUST6519,1352,Net Banking,Quarterly,SUCCESS,,2,Approved,0,2026-03-21 09:15:38.959140
PAY006086,CUST7453,639,Credit Card,Quarterly,SUCCESS,,0,Approved,0,2026-07-06 11:37:38.959140
PAY006087,CUST2265,3969,Net Banking,Quarterly,SUCCESS,,0,Approved,0,2026-05-14 02:25:38.959140
PAY006088,CUST1908,16824,Debit Card,Annual,SUCCESS,,3,Approved,0,2026-08-15 04:52:38.959140
PAY006089,CUST4201,6799,Net Banking,Annual,SUCCESS,,2,Approved,0,2026-07-27 02:12:38.959140
PAY006090,CUST7809,22080,Debit Card,Monthly,SUCCESS,,1,Approved,0,2026-06-27 19:41:38.959140
PAY006091,CUST6192,20697,Wallet,Annual,SUCCESS,,1,Approved,0,2026-07-27 03:24:38.959140
PAY006092,CUST2002,14538,Debit Card,Quarterly,SUCCESS,,3,Approved,0,2026-06-03 03:30:38.959140
PAY006093,CUST2460,19521,Credit Card,Annual,SUCCESS,,0,Approved,0,2026-06-04 03:03:38.959140
PAY006094,CUST2574,19928,Debit Card,Quarterly,SUCCESS,,3,Approved,0,2026-06-28 15:55:38.959140
PAY006095,CUST1813,6098,Credit Card,Annual,SUCCESS,,3,Approved,0,2026-03-11 12:35:38.959140
PAY006096,CUST3108,22886,Net Banking,Annual,SUCCESS,,0,Approved,0,2026-04-17 10:06:38.959140
PAY006097,CUST1322,15531,Credit Card,Monthly,SUCCESS,,2,Approved,0,2026-05-25 09:16:38.959140
PAY006098,CUST6893,24932,Net Banking,Quarterly,SUCCESS,,2,Approved,0,2026-03-23 14:09:38.959140
PAY006099,CUST5356,4536,Credit Card,Annual,SUCCESS,,0,Approved,0,2026-06-13 14:40:38.959140
PAY006100,CUST6786,12367,Net Banking,Monthly,SUCCESS,,0,Approved,0,2026-07-19 07:35:38.959140
PAY006101,CUST3564,21936,Credit Card,Monthly,SUCCESS,,2,Approved,0,2026-05-09 23:13:38.959140
PAY006102,CUST9958,11945,Debit Card,Annual,SUCCESS,,1,Approved,0,2026-07-13 13:23:38.959140
PAY006103,CUST1094,945,Credit Card,Monthly,SUCCESS,,3,Approved,0,2026-04-14 07:01:38.959140
PAY006104,CUST4650,23478,Credit Card,Quarterly,SUCCESS,,1,Approved,0,2026-06-28 13:10:38.959140
PAY006105,CUST7136,17897,Credit Card,Quarterly,FAILED,UPI Failure,3,Approved,1,2026-06-13 18:24:38.959140
PAY006106,CUST7726,19714,Wallet,Annual,FAILED,UPI Failure,3,Declined,1,2026-05-03 11:21:38.959140
PAY006107,CUST7756,24266,Debit Card,Annual,SUCCESS,,3,Approved,0,2026-04-27 05:45:38.959140
PAY006108,CUST3472,1207,Wallet,Monthly,SUCCESS,,3,Approved,0,2026-07-12 09:38:38.959140
PAY006109,CUST6790,420,UPI,Annual,SUCCESS,,0,Approved,0,2026-06-18 00:57:38.959140
PAY006110,CUST7604,17788,Debit Card,Quarterly,SUCCESS,,3,Approved,0,2026-05-06 08:15:38.959140
PAY006111,CUST6243,24582,Wallet,Monthly,FAILED,Card Expired,2,Approved,0,2026-06-16 15:21:38.959140
PAY006112,CUST9058,18515,Debit Card,Quarterly,SUCCESS,,3,Approved,0,2026-06-06 08:42:38.959140
PAY006113,CUST9706,2700,Wallet,Quarterly,SUCCESS,,1,Approved,0,2026-05-30 02:10:38.959140
PAY006114,CUST6414,12685,Credit Card,Monthly,SUCCESS,,2,Approved,0,2026-05-19 13:19:38.959140
PAY006115,CUST7691,14654,Credit Card,Monthly,SUCCESS,,3,Approved,0,2026-04-29 03:17:38.959140
PAY006116,CUST9224,19011,UPI,Annual,FAILED,Invalid CVV,1,Declined,0,2026-04-07 05:45:38.959140
PAY006117,CUST5754,11401,Credit Card,Annual,FAILED,Network Error,0,Processing Error,1,2026-04-11 19:25:38.959140
PAY006118,CUST6294,16441,Credit Card,Monthly,FAILED,User Cancelled,1,Approved,0,2026-05-01 06:49:38.959140
PAY006119,CUST1063,383,Debit Card,Quarterly,SUCCESS,,2,Approved,0,2026-08-22 03:35:38.959140
PAY006120,CUST8834,13753,Wallet,Quarterly,SUCCESS,,0,Approved,0,2026-07-01 10:54:38.959140
PAY006121,CUST8975,2590,Net Banking,Monthly,SUCCESS,,2,Approved,0,2026-05-13 12:00:38.959140
PAY006122,CUST2881,13523,Wallet,Annual,FAILED,User Cancelled,3,Blocked,0,2026-03-12 17:27:38.959140
PAY006123,CUST4798,24720,Net Banking,Quarterly,SUCCESS,,2,Approved,0,2026-06-06 00:52:38.959140
PAY006124,CUST9662,20218,Wallet,Quarterly,SUCCESS,,3,Approved,0,2026-07-05 07:39:38.959140
PAY006125,CUST6934,9911,Net Banking,Monthly,SUCCESS,,2,Approved,0,2026-08-21 05:11:38.959140
PAY006126,CUST5324,20800,Wallet,Quarterly,SUCCESS,,2,Approved,0,2026-04-26 13:52:38.959140
PAY006127,CUST6245,14357,Credit Card,Quarterly,SUCCESS,,1,Approved,0,2026-08-10 11:50:38.959140
PAY006128,CUST5549,15744,Credit Card,Quarterly,SUCCESS,,3,Approved,0,2026-06-05 19:07:38.959140
PAY006129,CUST9316,2699,Debit Card,Annual,SUCCESS,,1,Approved,0,2026-04-19 06:18:38.959140
PAY006130,CUST2191,12196,Wallet,Monthly,SUCCESS,,3,Approved,0,2026-08-21 02:09:38.959140
PAY006131,CUST9812,24870,Credit Card,Monthly,FAILED,User Cancelled,3,Processing Error,0,2026-05-09 06:14:38.959140
PAY006132,CUST1466,19584,UPI,Quarterly,SUCCESS,,0,Approved,0,2026-07-04 04:09:38.959140
PAY006133,CUST2856,10574,Net Banking,Monthly,SUCCESS,,2,Approved,0,2026-05-12 15:22:38.959140
PAY006134,CUST1531,18138,Debit Card,Annual,SUCCESS,,2,Approved,0,2026-04-30 13:43:38.959140
PAY006135,CUST5962,18830,Credit Card,Quarterly,SUCCESS,,1,Approved,0,2026-04-29 06:33:38.959140
PAY006136,CUST3207,21650,Credit Card,Annual,SUCCESS,,3,Approved,0,2026-03-28 13:53:38.959140
PAY006137,CUST4878,1911,Credit Card,Quarterly,SUCCESS,,3,Approved,0,2026-05-10 00:15:38.959140
PAY006138,CUST9875,6480,UPI,Annual,FAILED,UPI Failure,2,Timeout,1,2026-06-29 07:25:38.959140
PAY006139,CUST2966,5224,Wallet,Quarterly,SUCCESS,,1,Approved,0,2026-07-20 17:41:38.959140
PAY006140,CUST8711,17313,Wallet,Annual,FAILED,UPI Failure,3,Timeout,1,2026-06-19 18:31:38.959140
PAY006141,CUST5055,4892,UPI,Annual,FAILED,UPI Failure,3,Processing Error,1,2026-04-13 10:51:38.959140
PAY006142,CUST7304,15029,Net Banking,Monthly,FAILED,Network Error,1,Processing Error,1,2026-06-23 13:51:38.959140
PAY006143,CUST6339,21638,Debit Card,Monthly,SUCCESS,,3,Approved,0,2026-06-09 09:56:38.959140
PAY006144,CUST6960,24808,UPI,Quarterly,FAILED,Fraud Suspected,0,Timeout,0,2026-07-12 16:55:38.959140
PAY006145,CUST1445,19779,UPI,Monthly,SUCCESS,,3,Approved,0,2026-04-07 09:31:38.959140
PAY006146,CUST7631,20158,Debit Card,Monthly,FAILED,Bank Timeout,1,Declined,1,2026-07-17 04:11:38.959140
PAY006147,CUST7321,5287,Credit Card,Monthly,SUCCESS,,2,Approved,0,2026-05-01 12:43:38.959140
PAY006148,CUST6754,10069,Net Banking,Quarterly,SUCCESS,,0,Approved,0,2026-07-22 02:53:38.959140
PAY006149,CUST4330,15133,Wallet,Annual,SUCCESS,,3,Approved,0,2026-05-06 23:05:38.959140
PAY006150,CUST2483,23858,Wallet,Annual,FAILED,Fraud Suspected,3,Timeout,0,2026-04-08 18:20:38.959140
PAY006151,CUST9107,1222,Debit Card,Annual,SUCCESS,,2,Approved,0,2026-03-11 02:27:38.959140
PAY006152,CUST4207,6668,Net Banking,Quarterly,SUCCESS,,0,Approved,0,2026-05-15 04:02:38.959140
PAY006153,CUST9545,15736,Credit Card,Annual,SUCCESS,,1,Approved,0,2026-05-28 10:10:38.959140
PAY006154,CUST2344,1188,Credit Card,Monthly,FAILED,Insufficient Funds,3,Timeout,1,2026-07-22 15:39:38.959140
PAY006155,CUST2062,13711,Credit Card,Annual,SUCCESS,,3,Approved,0,2026-04-11 20:58:38.959140
PAY006156,CUST8371,12817,UPI,Monthly,SUCCESS,,1,Approved,0,2026-06-18 10:24:38.959140
PAY006157,CUST8369,17161,Wallet,Annual,SUCCESS,,2,Approved,0,2026-04-19 15:37:38.959140
PAY006158,CUST2383,3757,Credit Card,Quarterly,FAILED,Bank Timeout,2,Timeout,1,2026-07-19 19:00:38.959140
PAY006159,CUST7981,8007,Credit Card,Annual,SUCCESS,,0,Approved,0,2026-08-15 07:47:38.959140
PAY006160,CUST4534,17439,UPI,Quarterly,SUCCESS,,2,Approved,0,2026-06-14 09:52:38.959140
PAY006161,CUST7964,22494,Wallet,Monthly,SUCCESS,,1,Approved,0,2026-08-13 10:10:38.959140
PAY006162,CUST7466,5403,Net Banking,Quarterly,SUCCESS,,1,Approved,0,2026-06-15 07:52:38.959140
PAY006163,CUST8876,1603,Debit Card,Quarterly,SUCCESS,,3,Approved,0,2026-06-04 05:40:38.959140
PAY006164,CUST6359,14808,Debit Card,Monthly,SUCCESS,,1,Approved,0,2026-07-21 14:33:38.959140
PAY006165,CUST1195,10534,Debit Card,Monthly,FAILED,Bank Timeout,3,Timeout,1,2026-06-05 10:27:38.959140
PAY006166,CUST9856,22657,Debit Card,Quarterly,SUCCESS,,0,Approved,0,2026-03-14 11:54:38.959140
PAY006167,CUST8936,5055,Wallet,Quarterly,SUCCESS,,1,Approved,0,2026-05-11 04:07:38.959140
PAY006168,CUST5720,15586,UPI,Monthly,FAILED,Insufficient Funds,1,Declined,1,2026-03-18 06:14:38.959140
PAY006169,CUST5009,2905,UPI,Quarterly,FAILED,UPI Failure,2,Timeout,1,2026-03-20 14:10:38.959140
PAY006170,CUST2877,17236,UPI,Quarterly,SUCCESS,,0,Approved,0,2026-05-26 17:43:38.959140
PAY006171,CUST2463,20732,Credit Card,Annual,SUCCESS,,3,Approved,0,2026-05-28 07:19:38.959140
PAY006172,CUST6837,23188,UPI,Monthly,SUCCESS,,2,Approved,0,2026-05-28 23:35:38.959140
PAY006173,CUST5929,10318,UPI,Annual,SUCCESS,,2,Approved,0,2026-06-18 06:56:38.959140
PAY006174,CUST8824,4613,UPI,Quarterly,SUCCESS,,1,Approved,0,2026-07-01 19:06:38.959140
PAY006175,CUST6042,18799,Wallet,Monthly,FAILED,Invalid CVV,0,Timeout,0,2026-08-25 12:42:38.959140
PAY006176,CUST9293,21369,UPI,Annual,SUCCESS,,2,Approved,0,2026-07-22 08:25:38.959140
PAY006177,CUST4564,21575,Net Banking,Quarterly,SUCCESS,,3,Approved,0,2026-04-17 05:49:38.959140
PAY006178,CUST6328,5497,Wallet,Annual,SUCCESS,,2,Approved,0,2026-05-14 20:25:38.959140
PAY006179,CUST6725,1356,UPI,Quarterly,SUCCESS,,1,Approved,0,2026-04-21 17:04:38.959140
PAY006180,CUST7667,21984,Net Banking,Annual,FAILED,Fraud Suspected,1,Blocked,0,2026-04-26 05:57:38.959140
PAY006181,CUST1665,20004,UPI,Quarterly,SUCCESS,,0,Approved,0,2026-07-28 01:13:38.959140
PAY006182,CUST9908,19487,Net Banking,Quarterly,SUCCESS,,0,Approved,0,2026-04-28 12:58:38.959140
PAY006183,CUST1167,10459,Wallet,Quarterly,SUCCESS,,0,Approved,0,2026-05-03 16:54:38.959140
PAY006184,CUST9224,14435,Net Banking,Monthly,SUCCESS,,0,Approved,0,2026-06-20 14:08:38.959140
PAY006185,CUST7520,554,Net Banking,Annual,SUCCESS,,0,Approved,0,2026-08-18 08:57:38.959140
PAY006186,CUST9938,3462,Debit Card,Quarterly,FAILED,Insufficient Funds,1,Declined,1,2026-08-19 10:11:38.959140
PAY006187,CUST2571,22360,Debit Card,Monthly,SUCCESS,,1,Approved,0,2026-06-17 20:06:38.959140
PAY006188,CUST7698,8369,Net Banking,Monthly,SUCCESS,,2,Approved,0,2026-04-26 08:02:38.959140
PAY006189,CUST6720,7689,Credit Card,Quarterly,SUCCESS,,0,Approved,0,2026-04-06 23:30:38.959140
PAY006190,CUST9201,14561,Net Banking,Quarterly,SUCCESS,,3,Approved,0,2026-06-25 20:17:38.959140
PAY006191,CUST9162,5400,Wallet,Quarterly,SUCCESS,,2,Approved,0,2026-08-25 17:12:38.959140
PAY006192,CUST1981,12021,Wallet,Annual,SUCCESS,,0,Approved,0,2026-06-18 21:41:38.959140
PAY006193,CUST4793,14888,Credit Card,Monthly,SUCCESS,,0,Approved,0,2026-06-02 16:17:38.959140
PAY006194,CUST5550,16353,Credit Card,Quarterly,FAILED,Invalid CVV,0,Approved,0,2026-08-26 14:51:38.959140
PAY006195,CUST2434,2801,Net Banking,Quarterly,FAILED,Fraud Suspected,2,Processing Error,0,2026-08-08 16:14:38.959140
PAY006196,CUST2716,8779,Debit Card,Monthly,SUCCESS,,2,Approved,0,2026-07-27 06:12:38.959140
PAY006197,CUST9195,9402,Credit Card,Annual,SUCCESS,,2,Approved,0,2026-07-11 23:45:38.959140
PAY006198,CUST2414,13667,Wallet,Monthly,FAILED,User Cancelled,2,Timeout,0,2026-07-20 09:39:38.959140
PAY006199,CUST9290,24029,Net Banking,Quarterly,FAILED,Insufficient Funds,3,Timeout,1,2026-06-19 07:52:38.959140
PAY006200,CUST9971,19856,Credit Card,Quarterly,SUCCESS,,1,Approved,0,2026-08-04 08:43:38.959140
PAY006201,CUST3699,12949,Debit Card,Monthly,SUCCESS,,2,Approved,0,2026-07-21 18:36:38.959140
PAY006202,CUST2983,22057,Debit Card,Quarterly,FAILED,UPI Failure,3,Timeout,1,2026-03-10 05:51:38.959140
PAY006203,CUST3791,8954,Net Banking,Annual,SUCCESS,,0,Approved,0,2026-08-01 20:19:38.959140
PAY006204,CUST3538,11643,Debit Card,Quarterly,SUCCESS,,1,Approved,0,2026-04-30 05:07:38.959140
PAY006205,CUST8049,2927,Credit Card,Monthly,SUCCESS,,1,Approved,0,2026-04-04 21:39:38.959140
PAY006206,CUST6899,8482,Debit Card,Monthly,SUCCESS,,0,Approved,0,2026-08-13 22:07:38.959140
PAY006207,CUST3316,18961,Net Banking,Quarterly,FAILED,Bank Timeout,2,Timeout,1,2026-04-28 12:43:38.959140
PAY006208,CUST5487,13270,Wallet,Monthly,SUCCESS,,0,Approved,0,2026-06-10 17:52:38.959140
PAY006209,CUST2176,14471,Credit Card,Quarterly,SUCCESS,,1,Approved,0,2026-06-03 12:14:38.959140
PAY006210,CUST4020,10153,Wallet,Monthly,SUCCESS,,0,Approved,0,2026-07-13 19:47:38.959140
PAY006211,CUST7663,3550,Net Banking,Monthly,SUCCESS,,1,Approved,0,2026-04-06 08:54:38.959140
PAY006212,CUST7708,8089,Credit Card,Quarterly,SUCCESS,,1,Approved,0,2026-08-16 17:01:38.959140
PAY006213,CUST5774,23724,Net Banking,Annual,SUCCESS,,3,Approved,0,2026-05-28 17:06:38.959140
PAY006214,CUST5798,16699,Net Banking,Annual,SUCCESS,,0,Approved,0,2026-06-23 12:03:38.959140
PAY006215,CUST3474,21075,Wallet,Quarterly,FAILED,Fraud Suspected,3,Blocked,0,2026-07-24 19:13:38.959140
PAY006216,CUST2194,20106,Credit Card,Quarterly,SUCCESS,,1,Approved,0,2026-07-31 03:17:38.959140
PAY006217,CUST7607,20978,Net Banking,Annual,SUCCESS,,3,Approved,0,2026-04-07 09:06:38.959140
PAY006218,CUST6412,19875,Credit Card,Quarterly,SUCCESS,,0,Approved,0,2026-08-22 10:19:38.959140
PAY006219,CUST4059,14488,UPI,Monthly,SUCCESS,,1,Approved,0,2026-07-26 17:57:38.959140
PAY006220,CUST2758,4143,Net Banking,Quarterly,SUCCESS,,1,Approved,0,2026-08-15 23:05:38.959140
PAY006221,CUST1675,11290,Credit Card,Annual,SUCCESS,,1,Approved,0,2026-05-03 20:28:38.959140
PAY006222,CUST2668,7360,Debit Card,Annual,SUCCESS,,1,Approved,0,2026-04-15 03:45:38.959140
PAY006223,CUST7521,23956,Net Banking,Quarterly,FAILED,Insufficient Funds,0,Approved,1,2026-06-11 00:35:38.959140
PAY006224,CUST7936,470,Credit Card,Annual,SUCCESS,,1,Approved,0,2026-04-24 05:27:38.959140
PAY006225,CUST9659,4006,Wallet,Annual,SUCCESS,,1,Approved,0,2026-06-08 22:58:38.959140
PAY006226,CUST4948,6454,Wallet,Quarterly,FAILED,User Cancelled,0,Timeout,0,2026-03-29 21:21:38.959140
PAY006227,CUST5031,3187,Debit Card,Monthly,SUCCESS,,2,Approved,0,2026-06-06 00:51:38.959140
PAY006228,CUST1201,19097,Wallet,Quarterly,FAILED,Invalid CVV,0,Processing Error,0,2026-03-13 17:07:38.959140
PAY006229,CUST7507,7821,UPI,Monthly,FAILED,Insufficient Funds,3,Timeout,1,2026-05-13 02:27:38.959140
PAY006230,CUST3351,21497,Debit Card,Quarterly,SUCCESS,,1,Approved,0,2026-08-04 05:02:38.959140
PAY006231,CUST6519,19927,UPI,Annual,SUCCESS,,1,Approved,0,2026-04-05 03:01:38.959140
PAY006232,CUST5009,22915,Debit Card,Monthly,FAILED,Invalid CVV,1,Approved,0,2026-08-14 23:11:38.959140
PAY006233,CUST2267,4207,Debit Card,Quarterly,FAILED,Fraud Suspected,0,Approved,0,2026-03-20 18:53:38.959140
PAY006234,CUST3227,19167,Wallet,Annual,FAILED,Insufficient Funds,3,Processing Error,1,2026-08-24 20:53:38.959140
PAY006235,CUST6796,18591,Credit Card,Quarterly,SUCCESS,,3,Approved,0,2026-07-04 18:39:38.959140
PAY006236,CUST9739,13809,Credit Card,Quarterly,SUCCESS,,2,Approved,0,2026-03-18 20:00:38.959140
PAY006237,CUST5766,12922,UPI,Quarterly,SUCCESS,,1,Approved,0,2026-03-30 12:02:38.959140
PAY006238,CUST5596,15534,Credit Card,Annual,FAILED,UPI Failure,1,Approved,1,2026-03-19 14:47:38.959140
PAY006239,CUST3540,20386,UPI,Monthly,SUCCESS,,0,Approved,0,2026-06-27 12:47:38.959140
PAY006240,CUST7517,24312,UPI,Quarterly,SUCCESS,,3,Approved,0,2026-04-11 00:55:38.959140
PAY006241,CUST5676,5907,Wallet,Quarterly,SUCCESS,,2,Approved,0,2026-06-07 10:43:38.959140
PAY006242,CUST8566,14808,Credit Card,Annual,FAILED,Network Error,1,Declined,1,2026-03-21 06:58:38.959140
PAY006243,CUST4394,10918,Credit Card,Monthly,SUCCESS,,1,Approved,0,2026-04-06 14:17:38.959140
PAY006244,CUST6373,22073,Debit Card,Monthly,SUCCESS,,1,Approved,0,2026-07-28 03:08:38.959140
PAY006245,CUST5845,19519,Net Banking,Quarterly,SUCCESS,,1,Approved,0,2026-06-18 01:08:38.959140
PAY006246,CUST9798,21099,Net Banking,Quarterly,SUCCESS,,0,Approved,0,2026-06-09 21:22:38.959140
PAY006247,CUST1853,8889,UPI,Quarterly,SUCCESS,,3,Approved,0,2026-06-17 05:05:38.959140
PAY006248,CUST4550,18907,Net Banking,Quarterly,FAILED,Fraud Suspected,1,Processing Error,0,2026-07-21 20:48:38.959140
PAY006249,CUST6988,17244,UPI,Quarterly,FAILED,User Cancelled,1,Timeout,0,2026-06-04 19:49:38.959140
PAY006250,CUST1633,11115,UPI,Annual,FAILED,UPI Failure,1,Timeout,1,2026-06-16 01:03:38.959140
PAY006251,CUST1888,15328,Credit Card,Monthly,SUCCESS,,0,Approved,0,2026-06-30 03:15:38.959140
PAY006252,CUST2274,4844,Credit Card,Quarterly,SUCCESS,,0,Approved,0,2026-07-02 12:23:38.959140
PAY006253,CUST4874,23253,UPI,Quarterly,FAILED,Network Error,0,Declined,1,2026-04-30 06:35:38.959140
PAY006254,CUST1301,19126,UPI,Monthly,SUCCESS,,3,Approved,0,2026-04-26 23:28:38.959140
PAY006255,CUST4275,13393,Credit Card,Quarterly,SUCCESS,,0,Approved,0,2026-03-26 07:13:38.959140
PAY006256,CUST7278,14345,UPI,Annual,SUCCESS,,1,Approved,0,2026-04-10 12:06:38.959140
PAY006257,CUST5527,2630,Credit Card,Quarterly,SUCCESS,,3,Approved,0,2026-07-23 02:30:38.959140
PAY006258,CUST7211,7528,UPI,Quarterly,SUCCESS,,1,Approved,0,2026-03-31 02:17:38.959140
PAY006259,CUST2726,18112,UPI,Monthly,SUCCESS,,1,Approved,0,2026-04-13 10:40:38.959140
PAY006260,CUST5834,22744,Debit Card,Quarterly,SUCCESS,,3,Approved,0,2026-03-31 20:13:38.959140
PAY006261,CUST6930,8292,UPI,Annual,FAILED,Card Expired,0,Blocked,0,2026-05-09 16:27:38.959140
PAY006262,CUST6451,23356,Net Banking,Quarterly,SUCCESS,,0,Approved,0,2026-03-10 20:02:38.959140
PAY006263,CUST6976,7725,Wallet,Quarterly,FAILED,Invalid CVV,2,Declined,0,2026-04-07 10:28:38.959140
PAY006264,CUST3983,14261,Debit Card,Monthly,SUCCESS,,1,Approved,0,2026-05-14 14:41:38.959140
PAY006265,CUST4042,1020,Wallet,Quarterly,SUCCESS,,1,Approved,0,2026-07-16 01:21:38.959140
PAY006266,CUST7786,3304,Debit Card,Annual,SUCCESS,,0,Approved,0,2026-05-21 01:06:38.959140
PAY006267,CUST3746,5621,Credit Card,Quarterly,SUCCESS,,2,Approved,0,2026-06-23 14:10:38.959140
PAY006268,CUST1718,14526,Debit Card,Quarterly,FAILED,Card Expired,3,Timeout,0,2026-05-01 03:33:38.959140
PAY006269,CUST3105,11146,Net Banking,Annual,SUCCESS,,1,Approved,0,2026-04-06 07:39:38.959140
PAY006270,CUST6699,20354,Credit Card,Quarterly,SUCCESS,,3,Approved,0,2026-07-14 03:47:38.959140
PAY006271,CUST5084,10450,UPI,Quarterly,FAILED,Card Expired,3,Processing Error,0,2026-08-28 15:05:38.959140
PAY006272,CUST3662,10494,Debit Card,Monthly,FAILED,Card Expired,0,Timeout,0,2026-03-26 20:14:38.959140
PAY006273,CUST6002,23092,Net Banking,Quarterly,SUCCESS,,2,Approved,0,2026-05-15 02:42:38.959140
PAY006274,CUST2218,22145,Net Banking,Annual,SUCCESS,,1,Approved,0,2026-05-29 13:39:38.959140
PAY006275,CUST7715,18887,Net Banking,Annual,SUCCESS,,0,Approved,0,2026-07-12 00:39:38.959140
PAY006276,CUST6765,10502,Net Banking,Annual,SUCCESS,,0,Approved,0,2026-06-16 14:32:38.959140
PAY006277,CUST9076,6392,Net Banking,Monthly,FAILED,Card Expired,2,Approved,0,2026-03-11 03:44:38.959140
PAY006278,CUST1602,12778,UPI,Monthly,SUCCESS,,0,Approved,0,2026-04-16 08:33:38.959140
PAY006279,CUST4631,14908,UPI,Annual,SUCCESS,,1,Approved,0,2026-06-14 16:42:38.959140
PAY006280,CUST5004,20790,Debit Card,Quarterly,FAILED,Bank Timeout,0,Approved,1,2026-05-31 15:29:38.959140
PAY006281,CUST1200,11818,UPI,Monthly,SUCCESS,,3,Approved,0,2026-04-26 01:07:38.959140
PAY006282,CUST3127,21912,Net Banking,Annual,SUCCESS,,2,Approved,0,2026-05-01 17:37:38.959140
PAY006283,CUST5766,14441,UPI,Monthly,SUCCESS,,1,Approved,0,2026-08-11 20:48:38.959140
PAY006284,CUST3826,9279,Debit Card,Annual,SUCCESS,,1,Approved,0,2026-04-28 04:16:38.959140
PAY006285,CUST8750,2383,Debit Card,Quarterly,SUCCESS,,0,Approved,0,2026-04-24 22:41:38.959140
PAY006286,CUST9653,14402,Credit Card,Monthly,SUCCESS,,1,Approved,0,2026-04-28 19:38:38.959140
PAY006287,CUST5814,2145,Credit Card,Annual,SUCCESS,,3,Approved,0,2026-08-19 15:36:38.959140
PAY006288,CUST9375,2695,Debit Card,Quarterly,SUCCESS,,3,Approved,0,2026-08-24 09:14:38.959140
PAY006289,CUST6536,17089,Wallet,Monthly,SUCCESS,,2,Approved,0,2026-03-27 14:30:38.959140
PAY006290,CUST6219,22690,Credit Card,Monthly,SUCCESS,,3,Approved,0,2026-05-19 23:08:38.959140
PAY006291,CUST4085,16327,Credit Card,Monthly,FAILED,Fraud Suspected,2,Timeout,0,2026-05-26 02:43:38.959140
PAY006292,CUST8047,24742,UPI,Quarterly,FAILED,User Cancelled,2,Approved,0,2026-06-23 11:25:38.959140
PAY006293,CUST4492,9535,Net Banking,Annual,SUCCESS,,0,Approved,0,2026-03-27 07:13:38.959140
PAY006294,CUST7967,7431,Credit Card,Annual,SUCCESS,,2,Approved,0,2026-07-04 10:47:38.959140
PAY006295,CUST9132,22499,Wallet,Annual,SUCCESS,,0,Approved,0,2026-08-29 02:27:38.959140
PAY006296,CUST6263,1590,Net Banking,Annual,FAILED,Invalid CVV,3,Blocked,0,2026-06-15 06:59:38.959140
PAY006297,CUST5493,3751,UPI,Annual,SUCCESS,,1,Approved,0,2026-03-12 07:02:38.959140
PAY006298,CUST5644,20873,Net Banking,Quarterly,SUCCESS,,2,Approved,0,2026-07-04 01:52:38.959140
PAY006299,CUST8680,7977,Credit Card,Quarterly,FAILED,Network Error,1,Timeout,1,2026-04-27 11:48:38.959140
PAY006300,CUST6902,15756,Credit Card,Quarterly,FAILED,Invalid CVV,0,Blocked,0,2026-03-26 20:57:38.959140
PAY006301,CUST5163,2605,UPI,Annual,FAILED,User Cancelled,3,Approved,0,2026-08-01 21:27:38.959140
PAY006302,CUST2893,706,Wallet,Quarterly,SUCCESS,,0,Approved,0,2026-08-22 19:32:38.959140
PAY006303,CUST1292,18351,Wallet,Quarterly,SUCCESS,,3,Approved,0,2026-04-27 17:03:38.959140
PAY006304,CUST6804,795,UPI,Annual,SUCCESS,,2,Approved,0,2026-07-19 15:34:38.959140
PAY006305,CUST2104,18793,Wallet,Quarterly,SUCCESS,,1,Approved,0,2026-06-09 05:20:38.959140
PAY006306,CUST9279,5122,UPI,Quarterly,SUCCESS,,3,Approved,0,2026-05-21 07:05:38.959140
PAY006307,CUST2554,24380,UPI,Annual,FAILED,Card Expired,1,Processing Error,0,2026-05-01 05:36:38.959140
PAY006308,CUST7246,8926,Credit Card,Annual,SUCCESS,,0,Approved,0,2026-08-04 17:05:38.959140
PAY006309,CUST9728,21269,UPI,Quarterly,SUCCESS,,0,Approved,0,2026-06-10 17:44:38.959140
PAY006310,CUST3010,6697,Credit Card,Annual,SUCCESS,,0,Approved,0,2026-07-26 13:03:38.959140
PAY006311,CUST3433,15183,Credit Card,Monthly,FAILED,Bank Timeout,2,Blocked,1,2026-06-27 12:21:38.959140
PAY006312,CUST7392,2763,Net Banking,Quarterly,SUCCESS,,1,Approved,0,2026-05-08 18:04:38.959140
PAY006313,CUST6636,174,Net Banking,Monthly,SUCCESS,,1,Approved,0,2026-06-12 07:13:38.959140
PAY006314,CUST2902,22678,Debit Card,Monthly,SUCCESS,,3,Approved,0,2026-07-15 02:32:38.959140
PAY006315,CUST9102,5815,Credit Card,Monthly,SUCCESS,,3,Approved,0,2026-07-06 14:57:38.959140
PAY006316,CUST9029,21416,Debit Card,Monthly,SUCCESS,,3,Approved,0,2026-04-21 03:08:38.959140
PAY006317,CUST5139,3416,Credit Card,Monthly,FAILED,Bank Timeout,2,Approved,1,2026-07-19 07:34:38.959140
PAY006318,CUST2833,7912,Debit Card,Annual,SUCCESS,,3,Approved,0,2026-04-26 07:08:38.959140
PAY006319,CUST6609,2245,UPI,Annual,SUCCESS,,2,Approved,0,2026-04-04 22:04:38.959140
PAY006320,CUST6406,18664,Credit Card,Annual,SUCCESS,,1,Approved,0,2026-07-08 12:18:38.959140
PAY006321,CUST4665,170,Net Banking,Quarterly,FAILED,UPI Failure,2,Processing Error,1,2026-05-14 03:15:38.959140
PAY006322,CUST8542,6067,Wallet,Quarterly,SUCCESS,,3,Approved,0,2026-04-17 04:28:38.959140
PAY006323,CUST2170,7390,Credit Card,Annual,SUCCESS,,0,Approved,0,2026-05-25 16:10:38.959140
PAY006324,CUST2670,7942,UPI,Monthly,SUCCESS,,2,Approved,0,2026-03-28 16:10:38.959140
PAY006325,CUST8789,1761,Debit Card,Monthly,SUCCESS,,0,Approved,0,2026-03-15 03:36:38.959140
PAY006326,CUST5262,22263,Net Banking,Annual,SUCCESS,,0,Approved,0,2026-04-11 05:27:38.959140
PAY006327,CUST2697,17311,Credit Card,Monthly,SUCCESS,,2,Approved,0,2026-07-17 07:40:38.959140
PAY006328,CUST4737,23996,Credit Card,Monthly,SUCCESS,,1,Approved,0,2026-04-11 19:36:38.959140
PAY006329,CUST8774,8267,UPI,Annual,SUCCESS,,2,Approved,0,2026-08-18 04:20:38.959140
PAY006330,CUST8864,6888,UPI,Annual,SUCCESS,,0,Approved,0,2026-04-24 01:10:38.959140
PAY006331,CUST3776,18509,UPI,Monthly,FAILED,Network Error,3,Processing Error,1,2026-06-12 07:33:38.959140
PAY006332,CUST7156,3756,UPI,Annual,FAILED,Bank Timeout,3,Declined,1,2026-08-05 07:20:38.959140
PAY006333,CUST2107,19630,Debit Card,Monthly,SUCCESS,,1,Approved,0,2026-05-30 01:28:38.959140
PAY006334,CUST9903,2540,Debit Card,Quarterly,SUCCESS,,3,Approved,0,2026-08-10 03:57:38.959140
PAY006335,CUST1051,17940,Credit Card,Quarterly,SUCCESS,,1,Approved,0,2026-06-16 03:53:38.959140
PAY006336,CUST4789,21398,Wallet,Monthly,SUCCESS,,3,Approved,0,2026-08-18 10:30:38.959140
PAY006337,CUST5099,6943,Wallet,Quarterly,SUCCESS,,3,Approved,0,2026-03-20 22:37:38.959140
PAY006338,CUST6055,10132,UPI,Quarterly,SUCCESS,,2,Approved,0,2026-05-05 19:26:38.959140
PAY006339,CUST6274,598,Wallet,Annual,FAILED,Network Error,0,Timeout,1,2026-05-07 05:08:38.959140
PAY006340,CUST2656,6798,UPI,Annual,SUCCESS,,2,Approved,0,2026-06-18 05:57:38.959140
PAY006341,CUST4806,18298,Wallet,Quarterly,SUCCESS,,1,Approved,0,2026-06-20 14:13:38.959140
PAY006342,CUST8884,4564,Wallet,Annual,SUCCESS,,2,Approved,0,2026-06-07 09:29:38.959140
PAY006343,CUST8610,11260,UPI,Quarterly,FAILED,User Cancelled,3,Declined,0,2026-07-21 20:16:38.959140
PAY006344,CUST4847,9758,Credit Card,Annual,SUCCESS,,0,Approved,0,2026-05-07 06:15:38.959140
PAY006345,CUST7817,627,Net Banking,Monthly,SUCCESS,,3,Approved,0,2026-05-23 14:46:38.959140
PAY006346,CUST4816,21807,UPI,Monthly,SUCCESS,,3,Approved,0,2026-04-17 14:33:38.959140
PAY006347,CUST2528,2362,UPI,Annual,SUCCESS,,3,Approved,0,2026-07-14 16:18:38.959140
PAY006348,CUST5012,24464,Net Banking,Monthly,SUCCESS,,1,Approved,0,2026-03-14 10:54:38.959140
PAY006349,CUST1935,6335,Credit Card,Quarterly,SUCCESS,,2,Approved,0,2026-07-12 12:49:38.959140
PAY006350,CUST4521,2627,Net Banking,Annual,SUCCESS,,3,Approved,0,2026-03-11 08:01:38.959140
PAY006351,CUST2597,7019,Wallet,Annual,SUCCESS,,0,Approved,0,2026-05-24 04:45:38.959140
PAY006352,CUST7079,1765,Wallet,Monthly,SUCCESS,,0,Approved,0,2026-05-01 00:15:38.959140
PAY006353,CUST3990,4813,Debit Card,Quarterly,SUCCESS,,0,Approved,0,2026-05-20 00:12:38.959140
PAY006354,CUST5423,9882,Net Banking,Monthly,FAILED,Invalid CVV,1,Blocked,0,2026-05-03 03:38:38.959140
PAY006355,CUST7956,10626,Debit Card,Monthly,SUCCESS,,0,Approved,0,2026-07-27 13:40:38.959140
PAY006356,CUST4585,19953,Net Banking,Quarterly,SUCCESS,,0,Approved,0,2026-05-09 20:07:38.959140
PAY006357,CUST8377,4019,Credit Card,Annual,SUCCESS,,1,Approved,0,2026-03-14 05:05:38.959140
PAY006358,CUST9990,20460,Wallet,Monthly,SUCCESS,,2,Approved,0,2026-06-04 13:54:38.959140
PAY006359,CUST7789,10380,Wallet,Annual,FAILED,Card Expired,2,Blocked,0,2026-03-11 20:03:38.959140
PAY006360,CUST8318,10644,Wallet,Monthly,SUCCESS,,3,Approved,0,2026-05-08 06:21:38.959140
PAY006361,CUST6154,14754,Debit Card,Monthly,FAILED,Bank Timeout,2,Approved,1,2026-05-02 09:35:38.959140
PAY006362,CUST6338,20934,Net Banking,Quarterly,FAILED,Card Expired,2,Timeout,0,2026-08-21 09:40:38.959140
PAY006363,CUST2917,9293,Net Banking,Annual,FAILED,Bank Timeout,0,Approved,1,2026-06-20 11:17:38.959140
PAY006364,CUST1393,10452,UPI,Monthly,SUCCESS,,1,Approved,0,2026-03-16 06:03:38.959140
PAY006365,CUST9828,20666,UPI,Quarterly,FAILED,Insufficient Funds,0,Timeout,1,2026-05-04 00:01:38.959140
PAY006366,CUST5175,725,Debit Card,Quarterly,SUCCESS,,0,Approved,0,2026-08-10 05:56:38.959140
PAY006367,CUST1803,17110,UPI,Monthly,SUCCESS,,2,Approved,0,2026-03-10 19:30:38.959140
PAY006368,CUST6878,1324,Debit Card,Annual,FAILED,Invalid CVV,0,Timeout,0,2026-05-02 02:53:38.959140
PAY006369,CUST9773,17414,Net Banking,Quarterly,SUCCESS,,1,Approved,0,2026-05-02 15:07:38.959140
PAY006370,CUST3326,13412,Debit Card,Quarterly,SUCCESS,,0,Approved,0,2026-04-30 03:32:38.959140
PAY006371,CUST1991,10462,UPI,Monthly,SUCCESS,,3,Approved,0,2026-05-25 15:12:38.959140
PAY006372,CUST6429,22927,UPI,Monthly,SUCCESS,,3,Approved,0,2026-06-27 11:19:38.959140
PAY006373,CUST6781,3772,Credit Card,Annual,FAILED,Card Expired,1,Processing Error,0,2026-07-09 07:58:38.959140
PAY006374,CUST6405,2061,Wallet,Monthly,SUCCESS,,0,Approved,0,2026-05-15 19:38:38.959140
PAY006375,CUST1352,3665,Net Banking,Monthly,SUCCESS,,2,Approved,0,2026-08-27 22:31:38.959140
PAY006376,CUST8881,8511,Net Banking,Annual,FAILED,Invalid CVV,0,Timeout,0,2026-07-02 20:16:38.959140
PAY006377,CUST1653,6282,Credit Card,Monthly,SUCCESS,,0,Approved,0,2026-07-01 17:35:38.959140
PAY006378,CUST8730,4084,UPI,Monthly,SUCCESS,,3,Approved,0,2026-05-21 23:36:38.959140
PAY006379,CUST9354,12411,Debit Card,Quarterly,SUCCESS,,0,Approved,0,2026-05-24 00:56:38.959140
PAY006380,CUST6987,19553,Wallet,Annual,SUCCESS,,3,Approved,0,2026-04-30 07:03:38.959140
PAY006381,CUST9884,5997,Credit Card,Monthly,FAILED,Fraud Suspected,2,Approved,0,2026-07-12 04:06:38.959140
PAY006382,CUST4966,2304,Net Banking,Annual,SUCCESS,,0,Approved,0,2026-08-12 15:55:38.959140
PAY006383,CUST9079,24540,Wallet,Annual,SUCCESS,,2,Approved,0,2026-07-27 12:09:38.959140
PAY006384,CUST6318,19047,Wallet,Monthly,SUCCESS,,3,Approved,0,2026-07-24 00:01:38.959140
PAY006385,CUST6009,8820,UPI,Monthly,SUCCESS,,2,Approved,0,2026-06-14 08:01:38.959140
PAY006386,CUST9919,10241,Debit Card,Quarterly,SUCCESS,,3,Approved,0,2026-05-10 15:39:38.959140
PAY006387,CUST5738,19105,Wallet,Annual,SUCCESS,,1,Approved,0,2026-07-05 02:29:38.959140
PAY006388,CUST4996,16585,Net Banking,Quarterly,FAILED,Insufficient Funds,3,Processing Error,1,2026-06-19 18:33:38.959140
PAY006389,CUST5172,22170,Wallet,Quarterly,SUCCESS,,3,Approved,0,2026-05-24 21:46:38.959140
PAY006390,CUST3425,14935,Debit Card,Monthly,FAILED,Network Error,0,Timeout,1,2026-05-07 08:27:38.959140
PAY006391,CUST7937,17728,Credit Card,Annual,SUCCESS,,3,Approved,0,2026-04-01 02:57:38.959140
PAY006392,CUST8499,10146,Net Banking,Quarterly,SUCCESS,,3,Approved,0,2026-05-28 00:43:38.959140
PAY006393,CUST2337,13215,Wallet,Monthly,SUCCESS,,0,Approved,0,2026-07-13 18:56:38.959140
PAY006394,CUST5147,12052,Credit Card,Quarterly,SUCCESS,,1,Approved,0,2026-05-18 01:52:38.959140
PAY006395,CUST8345,21353,Net Banking,Annual,SUCCESS,,1,Approved,0,2026-03-30 09:54:38.959140
PAY006396,CUST8331,606,Debit Card,Annual,SUCCESS,,2,Approved,0,2026-05-25 08:15:38.959140
PAY006397,CUST8144,20688,Credit Card,Annual,SUCCESS,,2,Approved,0,2026-08-10 18:13:38.959140
PAY006398,CUST1760,22083,Debit Card,Quarterly,SUCCESS,,3,Approved,0,2026-06-06 01:57:38.959140
PAY006399,CUST1557,15744,Debit Card,Quarterly,FAILED,Card Expired,3,Timeout,0,2026-08-23 16:21:38.959140
PAY006400,CUST2401,15436,Debit Card,Quarterly,FAILED,User Cancelled,0,Approved,0,2026-04-03 08:02:38.959140
PAY006401,CUST6304,8489,Credit Card,Quarterly,FAILED,User Cancelled,2,Processing Error,0,2026-03-16 07:33:38.959140
PAY006402,CUST5232,20740,Debit Card,Annual,SUCCESS,,1,Approved,0,2026-06-07 02:44:38.959140
PAY006403,CUST6518,11795,Net Banking,Quarterly,SUCCESS,,2,Approved,0,2026-07-21 03:50:38.959140
PAY006404,CUST5448,24767,Credit Card,Monthly,FAILED,Network Error,3,Timeout,1,2026-04-17 03:00:38.959140
PAY006405,CUST6594,11042,Credit Card,Monthly,SUCCESS,,0,Approved,0,2026-06-20 17:02:38.959140
PAY006406,CUST8702,5359,Credit Card,Annual,SUCCESS,,3,Approved,0,2026-08-25 20:04:38.959140
PAY006407,CUST7374,22889,Wallet,Quarterly,SUCCESS,,1,Approved,0,2026-06-04 05:40:38.959140
PAY006408,CUST5467,18328,Credit Card,Annual,SUCCESS,,3,Approved,0,2026-03-20 18:12:38.959140
PAY006409,CUST7941,14070,Wallet,Annual,FAILED,Network Error,3,Processing Error,1,2026-03-13 23:04:38.959140
PAY006410,CUST8613,20946,Net Banking,Annual,SUCCESS,,1,Approved,0,2026-07-29 09:47:38.959140
PAY006411,CUST6904,8756,UPI,Monthly,FAILED,Fraud Suspected,1,Declined,0,2026-07-04 13:39:38.959140
PAY006412,CUST6814,19863,Credit Card,Quarterly,FAILED,Card Expired,3,Processing Error,0,2026-08-02 19:05:38.959140
PAY006413,CUST5557,15402,Net Banking,Monthly,SUCCESS,,2,Approved,0,2026-04-04 05:00:38.959140
PAY006414,CUST2830,9533,Net Banking,Monthly,SUCCESS,,0,Approved,0,2026-06-24 13:20:38.959140
PAY006415,CUST6621,14134,Wallet,Monthly,FAILED,UPI Failure,2,Declined,1,2026-03-13 18:04:38.959140
PAY006416,CUST2211,3346,Debit Card,Quarterly,SUCCESS,,3,Approved,0,2026-06-28 04:48:38.959140
PAY006417,CUST9349,17471,Credit Card,Monthly,SUCCESS,,0,Approved,0,2026-06-05 05:57:38.959140
PAY006418,CUST9583,22049,UPI,Monthly,SUCCESS,,0,Approved,0,2026-03-13 15:34:38.959140
PAY006419,CUST1301,24659,Credit Card,Monthly,SUCCESS,,2,Approved,0,2026-08-06 22:57:38.959140
PAY006420,CUST3876,15838,Debit Card,Annual,FAILED,Bank Timeout,2,Processing Error,1,2026-04-20 23:32:38.959140
PAY006421,CUST7215,18193,Wallet,Annual,SUCCESS,,0,Approved,0,2026-03-26 05:42:38.959140
PAY006422,CUST3859,20113,Wallet,Quarterly,SUCCESS,,0,Approved,0,2026-03-31 06:42:38.959140
PAY006423,CUST2116,8711,UPI,Annual,SUCCESS,,0,Approved,0,2026-04-23 19:36:38.959140
PAY006424,CUST8121,15242,Debit Card,Annual,SUCCESS,,0,Approved,0,2026-04-26 17:01:38.959140
PAY006425,CUST4089,2789,Credit Card,Annual,SUCCESS,,1,Approved,0,2026-03-14 19:21:38.959140
PAY006426,CUST8089,24653,Wallet,Quarterly,FAILED,Invalid CVV,0,Processing Error,0,2026-05-15 16:36:38.959140
PAY006427,CUST4094,18906,Wallet,Annual,SUCCESS,,2,Approved,0,2026-08-07 08:51:38.959140
PAY006428,CUST5702,15882,Credit Card,Annual,SUCCESS,,2,Approved,0,2026-08-17 02:20:38.959140
PAY006429,CUST8853,12711,Credit Card,Quarterly,SUCCESS,,1,Approved,0,2026-06-04 02:21:38.959140
PAY006430,CUST4991,20740,UPI,Annual,SUCCESS,,2,Approved,0,2026-03-19 13:53:38.959140
PAY006431,CUST3238,14797,UPI,Quarterly,SUCCESS,,3,Approved,0,2026-07-31 16:17:38.959140
PAY006432,CUST6861,2544,UPI,Quarterly,SUCCESS,,3,Approved,0,2026-04-07 15:13:38.959140
PAY006433,CUST3386,5274,Debit Card,Annual,SUCCESS,,3,Approved,0,2026-05-29 12:58:38.959140
PAY006434,CUST8632,22236,Credit Card,Quarterly,SUCCESS,,1,Approved,0,2026-07-13 14:08:38.959140
PAY006435,CUST4941,23649,Wallet,Annual,FAILED,UPI Failure,3,Blocked,1,2026-07-26 13:45:38.959140
PAY006436,CUST3809,8893,Wallet,Quarterly,SUCCESS,,0,Approved,0,2026-08-02 16:19:38.959140
PAY006437,CUST5212,16693,Net Banking,Annual,SUCCESS,,3,Approved,0,2026-06-05 04:56:38.959140
PAY006438,CUST5826,20302,UPI,Quarterly,SUCCESS,,0,Approved,0,2026-03-19 06:27:38.959140
PAY006439,CUST7240,5518,Debit Card,Monthly,SUCCESS,,3,Approved,0,2026-08-14 11:43:38.959140
PAY006440,CUST4611,9329,UPI,Annual,FAILED,User Cancelled,0,Processing Error,0,2026-07-23 04:18:38.959140
PAY006441,CUST1330,4710,Debit Card,Monthly,SUCCESS,,0,Approved,0,2026-04-30 19:18:38.959140
PAY006442,CUST2675,359,Wallet,Monthly,SUCCESS,,3,Approved,0,2026-08-03 11:16:38.959140
PAY006443,CUST5071,9268,Net Banking,Monthly,SUCCESS,,1,Approved,0,2026-07-31 00:26:38.959140
PAY006444,CUST2633,5998,Debit Card,Annual,FAILED,UPI Failure,3,Blocked,1,2026-05-15 03:22:38.959140
PAY006445,CUST2293,11816,Wallet,Monthly,SUCCESS,,2,Approved,0,2026-03-15 06:08:38.959140
PAY006446,CUST2864,2166,Debit Card,Annual,SUCCESS,,0,Approved,0,2026-03-15 07:50:38.959140
PAY006447,CUST4690,13064,UPI,Monthly,SUCCESS,,3,Approved,0,2026-08-10 07:51:38.959140
PAY006448,CUST2074,22853,Net Banking,Quarterly,SUCCESS,,0,Approved,0,2026-07-19 13:59:38.959140
PAY006449,CUST7796,3122,UPI,Quarterly,SUCCESS,,3,Approved,0,2026-05-14 05:44:38.959140
PAY006450,CUST4491,322,Net Banking,Monthly,FAILED,Card Expired,1,Processing Error,0,2026-08-28 14:24:38.959140
PAY006451,CUST1725,19614,UPI,Monthly,SUCCESS,,3,Approved,0,2026-08-04 11:47:38.959140
PAY006452,CUST3563,9582,UPI,Annual,SUCCESS,,1,Approved,0,2026-05-24 02:51:38.959140
PAY006453,CUST5277,5278,UPI,Monthly,SUCCESS,,1,Approved,0,2026-08-29 14:46:38.959140
PAY006454,CUST5422,6938,Wallet,Quarterly,SUCCESS,,3,Approved,0,2026-05-09 17:17:38.959140
PAY006455,CUST5437,1835,Credit Card,Quarterly,FAILED,User Cancelled,1,Approved,0,2026-08-23 11:19:38.959140
PAY006456,CUST8716,1456,UPI,Monthly,SUCCESS,,2,Approved,0,2026-08-07 15:45:38.959140
PAY006457,CUST6553,23404,UPI,Monthly,FAILED,Insufficient Funds,0,Timeout,1,2026-07-30 22:05:38.959140
PAY006458,CUST6373,24555,Wallet,Annual,FAILED,Card Expired,1,Approved,0,2026-08-24 18:40:38.959140
PAY006459,CUST4121,5050,Debit Card,Quarterly,SUCCESS,,3,Approved,0,2026-05-22 18:05:38.959140
PAY006460,CUST5205,19987,Wallet,Quarterly,FAILED,Insufficient Funds,3,Timeout,1,2026-05-24 17:44:38.959140
PAY006461,CUST1134,10480,Debit Card,Monthly,SUCCESS,,3,Approved,0,2026-05-12 12:08:38.959140
PAY006462,CUST1932,13229,Net Banking,Annual,SUCCESS,,2,Approved,0,2026-07-25 15:08:38.959140
PAY006463,CUST6529,21821,Debit Card,Monthly,FAILED,Card Expired,3,Processing Error,0,2026-07-25 14:03:38.959140
PAY006464,CUST9175,5320,UPI,Monthly,SUCCESS,,3,Approved,0,2026-07-29 06:45:38.959140
PAY006465,CUST1909,18386,Debit Card,Annual,SUCCESS,,0,Approved,0,2026-05-18 11:11:38.959140
PAY006466,CUST6411,2577,Debit Card,Quarterly,SUCCESS,,3,Approved,0,2026-07-09 23:35:38.959140
PAY006467,CUST9985,5682,Net Banking,Quarterly,SUCCESS,,3,Approved,0,2026-06-07 08:23:38.959140
PAY006468,CUST5898,8705,Debit Card,Annual,FAILED,Fraud Suspected,2,Approved,0,2026-07-21 10:39:38.959140
PAY006469,CUST7625,8637,Net Banking,Annual,SUCCESS,,1,Approved,0,2026-07-24 02:26:38.959140
PAY006470,CUST6677,17754,UPI,Monthly,SUCCESS,,0,Approved,0,2026-07-15 05:28:38.959140
PAY006471,CUST9385,4157,Net Banking,Monthly,SUCCESS,,1,Approved,0,2026-05-28 13:59:38.959140
PAY006472,CUST5805,8358,Credit Card,Quarterly,SUCCESS,,3,Approved,0,2026-03-17 15:06:38.959140
PAY006473,CUST3455,23876,UPI,Quarterly,SUCCESS,,0,Approved,0,2026-05-02 11:17:38.959140
PAY006474,CUST8031,21708,Wallet,Monthly,FAILED,Insufficient Funds,0,Approved,1,2026-05-28 17:51:38.959140
PAY006475,CUST4696,7306,Wallet,Annual,FAILED,UPI Failure,3,Declined,1,2026-05-14 07:52:38.959140
PAY006476,CUST2716,15418,UPI,Quarterly,SUCCESS,,3,Approved,0,2026-05-23 15:25:38.959140
PAY006477,CUST1618,15139,UPI,Quarterly,SUCCESS,,0,Approved,0,2026-05-07 12:01:38.959140
PAY006478,CUST2816,2731,Wallet,Monthly,SUCCESS,,3,Approved,0,2026-05-12 03:04:38.959140
PAY006479,CUST5102,14804,Credit Card,Annual,SUCCESS,,3,Approved,0,2026-06-18 13:56:38.959140
PAY006480,CUST8156,12148,UPI,Annual,SUCCESS,,2,Approved,0,2026-05-31 21:56:38.959140
PAY006481,CUST1749,15932,Net Banking,Quarterly,SUCCESS,,3,Approved,0,2026-08-02 06:45:38.959140
PAY006482,CUST3610,22645,Credit Card,Annual,SUCCESS,,0,Approved,0,2026-06-27 18:38:38.959140
PAY006483,CUST3474,9909,UPI,Quarterly,FAILED,Network Error,0,Approved,1,2026-04-25 22:34:38.959140
PAY006484,CUST8950,5889,Wallet,Monthly,SUCCESS,,2,Approved,0,2026-07-01 01:29:38.959140
PAY006485,CUST1891,15298,Wallet,Annual,SUCCESS,,2,Approved,0,2026-07-30 17:35:38.959140
PAY006486,CUST5384,5688,Debit Card,Annual,SUCCESS,,0,Approved,0,2026-05-11 15:50:38.959140
PAY006487,CUST3889,12913,Credit Card,Quarterly,SUCCESS,,0,Approved,0,2026-03-26 07:05:38.959140
PAY006488,CUST2573,4327,UPI,Annual,FAILED,Network Error,0,Processing Error,1,2026-06-14 16:05:38.959140
PAY006489,CUST1630,4972,UPI,Quarterly,SUCCESS,,2,Approved,0,2026-06-07 03:57:38.959140
PAY006490,CUST8498,5617,UPI,Monthly,FAILED,Invalid CVV,0,Declined,0,2026-07-21 15:28:38.959140
PAY006491,CUST3019,11143,Net Banking,Quarterly,FAILED,Card Expired,2,Timeout,0,2026-08-17 21:50:38.959140
PAY006492,CUST7649,24782,Debit Card,Annual,FAILED,Invalid CVV,0,Declined,0,2026-05-28 02:22:38.959140
PAY006493,CUST6894,24550,Credit Card,Quarterly,FAILED,Insufficient Funds,1,Declined,1,2026-05-19 00:38:38.959140
PAY006494,CUST1993,6259,Wallet,Monthly,SUCCESS,,1,Approved,0,2026-08-04 03:29:38.959140
PAY006495,CUST1321,9139,Net Banking,Annual,SUCCESS,,2,Approved,0,2026-03-18 04:12:38.959140
PAY006496,CUST8587,20170,Credit Card,Annual,SUCCESS,,3,Approved,0,2026-06-19 14:11:38.959140
PAY006497,CUST2921,16418,UPI,Monthly,FAILED,Network Error,0,Timeout,1,2026-08-05 13:44:38.959140
PAY006498,CUST9845,14419,Debit Card,Annual,SUCCESS,,3,Approved,0,2026-05-07 12:45:38.959140
PAY006499,CUST1095,7991,Debit Card,Quarterly,SUCCESS,,1,Approved,0,2026-03-14 18:35:38.959140
PAY006500,CUST7784,23087,UPI,Annual,SUCCESS,,2,Approved,0,2026-08-09 02:08:38.959140
PAY006501,CUST1625,22915,Net Banking,Quarterly,SUCCESS,,3,Approved,0,2026-08-18 09:08:38.959140
PAY006502,CUST7110,22487,Wallet,Monthly,SUCCESS,,1,Approved,0,2026-06-03 10:03:38.959140
PAY006503,CUST6159,15417,Wallet,Monthly,SUCCESS,,0,Approved,0,2026-07-03 11:34:38.959140
PAY006504,CUST9004,15496,Wallet,Annual,SUCCESS,,0,Approved,0,2026-04-01 19:52:38.959140
PAY006505,CUST7034,15023,UPI,Monthly,SUCCESS,,3,Approved,0,2026-04-26 15:47:38.959140
PAY006506,CUST1818,1664,UPI,Annual,SUCCESS,,2,Approved,0,2026-08-24 11:43:38.959140
PAY006507,CUST5895,10839,Net Banking,Monthly,SUCCESS,,3,Approved,0,2026-05-08 14:02:38.959140
PAY006508,CUST8941,16743,Debit Card,Monthly,FAILED,Fraud Suspected,0,Declined,0,2026-06-16 11:00:38.959140
PAY006509,CUST6333,16827,UPI,Quarterly,SUCCESS,,1,Approved,0,2026-06-09 01:46:38.959140
PAY006510,CUST1215,10412,Debit Card,Annual,SUCCESS,,1,Approved,0,2026-04-12 06:11:38.959140
PAY006511,CUST6236,17670,Debit Card,Monthly,SUCCESS,,2,Approved,0,2026-03-23 02:01:38.959140
PAY006512,CUST8669,10895,UPI,Monthly,SUCCESS,,1,Approved,0,2026-04-24 20:08:38.959140
PAY006513,CUST6921,18215,UPI,Monthly,FAILED,User Cancelled,3,Approved,0,2026-07-10 05:22:38.959140
PAY006514,CUST9403,20492,UPI,Quarterly,FAILED,Fraud Suspected,0,Approved,0,2026-08-16 11:57:38.959140
PAY006515,CUST1361,9585,UPI,Quarterly,SUCCESS,,0,Approved,0,2026-04-01 22:52:38.959140
PAY006516,CUST7122,1465,UPI,Quarterly,SUCCESS,,2,Approved,0,2026-07-21 14:23:38.959140
PAY006517,CUST3523,19881,Net Banking,Quarterly,SUCCESS,,1,Approved,0,2026-04-18 04:07:38.959140
PAY006518,CUST5345,4863,Net Banking,Monthly,SUCCESS,,3,Approved,0,2026-06-20 01:34:38.959140
PAY006519,CUST3471,20144,Debit Card,Monthly,SUCCESS,,1,Approved,0,2026-03-17 10:55:38.959140
PAY006520,CUST7762,19849,Credit Card,Quarterly,FAILED,Insufficient Funds,0,Timeout,1,2026-05-17 03:42:38.959140
PAY006521,CUST4335,14482,Net Banking,Monthly,FAILED,Fraud Suspected,0,Approved,0,2026-04-05 20:57:38.959140
PAY006522,CUST6127,9833,Wallet,Monthly,SUCCESS,,0,Approved,0,2026-04-03 17:22:38.959140
PAY006523,CUST5704,14197,Credit Card,Quarterly,SUCCESS,,3,Approved,0,2026-06-23 03:11:38.959140
PAY006524,CUST4194,14108,UPI,Annual,SUCCESS,,2,Approved,0,2026-07-11 05:24:38.959140
PAY006525,CUST5586,24322,Debit Card,Quarterly,SUCCESS,,2,Approved,0,2026-07-13 22:55:38.959140
PAY006526,CUST9897,3944,Wallet,Quarterly,SUCCESS,,2,Approved,0,2026-03-15 13:51:38.959140
PAY006527,CUST9750,9717,Net Banking,Annual,FAILED,Network Error,3,Approved,1,2026-07-15 10:59:38.959140
PAY006528,CUST4739,15792,Credit Card,Annual,SUCCESS,,3,Approved,0,2026-07-29 23:43:38.959140
PAY006529,CUST4443,4317,Credit Card,Monthly,FAILED,Fraud Suspected,1,Declined,0,2026-03-11 05:27:38.959140
PAY006530,CUST7333,17307,UPI,Monthly,SUCCESS,,1,Approved,0,2026-03-28 16:03:38.959140
PAY006531,CUST1264,20106,Debit Card,Monthly,SUCCESS,,1,Approved,0,2026-06-08 00:48:38.959140
PAY006532,CUST9950,10268,Net Banking,Quarterly,SUCCESS,,1,Approved,0,2026-07-28 20:18:38.959140
PAY006533,CUST9186,10034,Credit Card,Quarterly,SUCCESS,,3,Approved,0,2026-03-17 02:27:38.959140
PAY006534,CUST8809,5348,Wallet,Annual,SUCCESS,,3,Approved,0,2026-05-06 01:12:38.959140
PAY006535,CUST9248,14078,UPI,Quarterly,SUCCESS,,1,Approved,0,2026-05-24 01:04:38.959140
PAY006536,CUST1948,16008,Wallet,Annual,SUCCESS,,1,Approved,0,2026-06-14 06:28:38.959140
PAY006537,CUST8543,4923,UPI,Monthly,FAILED,Insufficient Funds,1,Blocked,1,2026-04-13 08:57:38.959140
PAY006538,CUST8604,19130,Net Banking,Monthly,SUCCESS,,1,Approved,0,2026-05-02 10:22:38.959140
PAY006539,CUST9579,15392,Net Banking,Monthly,SUCCESS,,2,Approved,0,2026-03-27 20:58:38.959140
PAY006540,CUST4082,18561,Net Banking,Quarterly,SUCCESS,,3,Approved,0,2026-08-09 15:02:38.959140
PAY006541,CUST2114,22564,Net Banking,Annual,SUCCESS,,1,Approved,0,2026-06-09 19:44:38.959140
PAY006542,CUST9260,12787,Wallet,Monthly,FAILED,Invalid CVV,0,Processing Error,0,2026-03-12 07:24:38.959140
PAY006543,CUST3677,5329,Debit Card,Monthly,FAILED,Insufficient Funds,3,Timeout,1,2026-06-24 20:12:38.959140
PAY006544,CUST9250,8823,UPI,Quarterly,SUCCESS,,3,Approved,0,2026-05-07 12:22:38.959140
PAY006545,CUST3198,2559,Credit Card,Annual,SUCCESS,,3,Approved,0,2026-06-26 10:37:38.959140
PAY006546,CUST8255,21916,UPI,Monthly,SUCCESS,,3,Approved,0,2026-06-27 20:21:38.959140
PAY006547,CUST4475,18370,Debit Card,Annual,SUCCESS,,0,Approved,0,2026-06-14 11:57:38.959140
PAY006548,CUST5234,20343,Debit Card,Annual,SUCCESS,,2,Approved,0,2026-08-17 21:59:38.959140
PAY006549,CUST5041,18153,Credit Card,Quarterly,FAILED,Fraud Suspected,0,Blocked,0,2026-08-28 16:10:38.959140
PAY006550,CUST8501,10529,Credit Card,Quarterly,SUCCESS,,3,Approved,0,2026-08-23 21:45:38.959140
PAY006551,CUST9263,3374,UPI,Quarterly,SUCCESS,,1,Approved,0,2026-03-22 14:08:38.959140
PAY006552,CUST1919,24599,Debit Card,Annual,SUCCESS,,3,Approved,0,2026-05-02 23:39:38.959140
PAY006553,CUST5975,19037,Credit Card,Annual,SUCCESS,,3,Approved,0,2026-07-03 11:23:38.959140
PAY006554,CUST4467,16440,Net Banking,Annual,SUCCESS,,0,Approved,0,2026-08-10 01:23:38.959140
PAY006555,CUST4951,21149,Net Banking,Monthly,SUCCESS,,2,Approved,0,2026-07-16 07:57:38.959140
PAY006556,CUST5707,24181,UPI,Quarterly,SUCCESS,,3,Approved,0,2026-03-14 00:15:38.959140
PAY006557,CUST8202,10585,Credit Card,Annual,FAILED,Card Expired,3,Declined,0,2026-06-16 04:46:38.959140
PAY006558,CUST8831,5574,Debit Card,Quarterly,SUCCESS,,0,Approved,0,2026-08-09 20:26:38.959140
PAY006559,CUST5034,8949,Credit Card,Monthly,FAILED,Fraud Suspected,3,Timeout,0,2026-06-25 23:20:38.959140
PAY006560,CUST4703,17945,UPI,Quarterly,SUCCESS,,1,Approved,0,2026-05-30 15:29:38.959140
PAY006561,CUST8122,20305,Credit Card,Monthly,SUCCESS,,3,Approved,0,2026-05-23 04:00:38.959140
PAY006562,CUST5493,558,Net Banking,Quarterly,SUCCESS,,3,Approved,0,2026-06-12 14:52:38.959140
PAY006563,CUST7656,3865,Net Banking,Monthly,FAILED,UPI Failure,2,Timeout,1,2026-05-29 07:18:38.959140
PAY006564,CUST6187,20233,Net Banking,Quarterly,SUCCESS,,3,Approved,0,2026-06-10 19:49:38.959140
PAY006565,CUST5926,10456,Credit Card,Quarterly,SUCCESS,,2,Approved,0,2026-07-08 16:14:38.959140
PAY006566,CUST3859,13924,Wallet,Monthly,SUCCESS,,3,Approved,0,2026-05-31 12:36:38.959140
PAY006567,CUST3216,1895,Net Banking,Quarterly,SUCCESS,,3,Approved,0,2026-04-08 07:05:38.959140
PAY006568,CUST1384,1530,UPI,Quarterly,SUCCESS,,3,Approved,0,2026-07-09 01:56:38.959140
PAY006569,CUST4823,8611,Wallet,Quarterly,FAILED,Bank Timeout,0,Processing Error,1,2026-04-20 05:54:38.959140
PAY006570,CUST3211,17322,Credit Card,Annual,SUCCESS,,1,Approved,0,2026-04-21 20:56:38.959140
PAY006571,CUST3541,19950,Debit Card,Annual,SUCCESS,,3,Approved,0,2026-04-03 21:24:38.959140
PAY006572,CUST2423,13966,UPI,Monthly,FAILED,Invalid CVV,3,Processing Error,0,2026-04-12 19:00:38.959140
PAY006573,CUST1848,12319,Wallet,Quarterly,SUCCESS,,3,Approved,0,2026-04-27 17:08:38.959140
PAY006574,CUST6003,21457,Wallet,Monthly,SUCCESS,,0,Approved,0,2026-07-16 07:56:38.959140
PAY006575,CUST6990,15861,UPI,Annual,SUCCESS,,1,Approved,0,2026-07-01 22:11:38.959140
PAY006576,CUST8011,1812,Net Banking,Quarterly,SUCCESS,,0,Approved,0,2026-04-05 20:40:38.959140
PAY006577,CUST5665,20962,Wallet,Monthly,FAILED,Invalid CVV,0,Approved,0,2026-06-24 09:11:38.959140
PAY006578,CUST2742,2837,Net Banking,Quarterly,SUCCESS,,0,Approved,0,2026-03-18 08:23:38.959140
PAY006579,CUST6567,21922,Debit Card,Annual,SUCCESS,,2,Approved,0,2026-05-05 00:51:38.959140
PAY006580,CUST9502,1890,Debit Card,Quarterly,SUCCESS,,0,Approved,0,2026-06-04 04:39:38.959140
PAY006581,CUST5884,24189,Credit Card,Monthly,SUCCESS,,3,Approved,0,2026-07-20 04:19:38.959140
PAY006582,CUST9297,10414,Net Banking,Annual,FAILED,Bank Timeout,1,Timeout,1,2026-08-06 07:44:38.959140
PAY006583,CUST2785,6570,Net Banking,Quarterly,FAILED,Network Error,0,Declined,1,2026-06-08 15:43:38.959140
PAY006584,CUST8330,13201,UPI,Annual,SUCCESS,,0,Approved,0,2026-03-18 03:33:38.959140
PAY006585,CUST2076,21982,UPI,Quarterly,SUCCESS,,3,Approved,0,2026-07-24 12:26:38.959140
PAY006586,CUST3405,22019,Debit Card,Monthly,SUCCESS,,2,Approved,0,2026-03-09 23:17:38.959140
PAY006587,CUST7889,13440,Debit Card,Monthly,FAILED,Bank Timeout,2,Processing Error,1,2026-04-10 20:49:38.959140
PAY006588,CUST7781,18950,Debit Card,Monthly,SUCCESS,,2,Approved,0,2026-07-26 15:53:38.959140
PAY006589,CUST5660,22174,Net Banking,Quarterly,FAILED,User Cancelled,2,Declined,0,2026-03-20 21:11:38.959140
PAY006590,CUST7737,8729,UPI,Monthly,SUCCESS,,0,Approved,0,2026-03-24 16:09:38.959140
PAY006591,CUST9806,23073,Net Banking,Quarterly,SUCCESS,,2,Approved,0,2026-04-13 19:10:38.959140
PAY006592,CUST6184,21048,Wallet,Annual,SUCCESS,,3,Approved,0,2026-08-24 20:03:38.959140
PAY006593,CUST6640,8629,Debit Card,Monthly,SUCCESS,,0,Approved,0,2026-07-10 08:04:38.959140
PAY006594,CUST2621,17446,Net Banking,Quarterly,FAILED,Network Error,1,Approved,1,2026-07-26 15:31:38.959140
PAY006595,CUST3193,769,Wallet,Quarterly,SUCCESS,,1,Approved,0,2026-07-01 23:25:38.959140
PAY006596,CUST5706,9249,Credit Card,Monthly,SUCCESS,,2,Approved,0,2026-07-04 22:08:38.959140
PAY006597,CUST8021,4866,Net Banking,Annual,FAILED,UPI Failure,2,Blocked,1,2026-05-11 14:47:38.959140
PAY006598,CUST8740,9351,Net Banking,Monthly,SUCCESS,,0,Approved,0,2026-05-02 11:49:38.959140
PAY006599,CUST5488,20954,Wallet,Quarterly,SUCCESS,,3,Approved,0,2026-07-18 18:12:38.959140
PAY006600,CUST5846,24306,UPI,Annual,SUCCESS,,1,Approved,0,2026-07-08 05:21:38.959140
PAY006601,CUST1527,13536,Wallet,Annual,FAILED,Card Expired,3,Approved,0,2026-07-02 02:12:38.959140
PAY006602,CUST9320,9653,Credit Card,Annual,SUCCESS,,2,Approved,0,2026-04-10 10:19:38.959140
PAY006603,CUST5254,2262,Credit Card,Monthly,SUCCESS,,3,Approved,0,2026-07-03 14:11:38.959140
PAY006604,CUST9289,4248,Debit Card,Annual,SUCCESS,,3,Approved,0,2026-05-13 12:25:38.959140
PAY006605,CUST9449,1747,Wallet,Monthly,SUCCESS,,1,Approved,0,2026-04-30 12:51:38.959140
PAY006606,CUST2451,21177,Debit Card,Annual,SUCCESS,,2,Approved,0,2026-06-03 06:49:38.959140
PAY006607,CUST6746,7589,Net Banking,Quarterly,SUCCESS,,2,Approved,0,2026-07-11 07:50:38.959140
PAY006608,CUST4351,21419,Debit Card,Quarterly,FAILED,Network Error,1,Timeout,1,2026-07-28 01:57:38.959140
PAY006609,CUST1329,15414,Net Banking,Annual,SUCCESS,,0,Approved,0,2026-06-11 09:25:38.959140
PAY006610,CUST6386,24142,Wallet,Annual,SUCCESS,,1,Approved,0,2026-06-25 09:00:38.959140
PAY006611,CUST5415,10672,Debit Card,Annual,SUCCESS,,3,Approved,0,2026-06-16 01:59:38.959140
PAY006612,CUST3023,15584,Credit Card,Annual,SUCCESS,,1,Approved,0,2026-07-13 14:07:38.959140
PAY006613,CUST2169,20977,Credit Card,Quarterly,SUCCESS,,0,Approved,0,2026-08-01 08:55:38.959140
PAY006614,CUST9370,5085,UPI,Quarterly,SUCCESS,,0,Approved,0,2026-07-07 22:50:38.959140
PAY006615,CUST8608,16344,Net Banking,Monthly,SUCCESS,,1,Approved,0,2026-07-27 11:14:38.959140
PAY006616,CUST1411,12220,Wallet,Quarterly,SUCCESS,,0,Approved,0,2026-05-29 14:52:38.959140
PAY006617,CUST7305,23742,Credit Card,Monthly,FAILED,Invalid CVV,0,Declined,0,2026-07-04 00:42:38.959140
PAY006618,CUST4312,5974,Credit Card,Quarterly,SUCCESS,,2,Approved,0,2026-07-17 17:50:38.959140
PAY006619,CUST9126,5109,Wallet,Annual,SUCCESS,,0,Approved,0,2026-07-27 19:01:38.959140
PAY006620,CUST8885,24305,Wallet,Annual,SUCCESS,,3,Approved,0,2026-03-17 02:24:38.959140
PAY006621,CUST6387,24429,Credit Card,Annual,FAILED,UPI Failure,1,Processing Error,1,2026-05-29 01:40:38.959140
PAY006622,CUST2783,6351,Wallet,Quarterly,FAILED,Network Error,3,Processing Error,1,2026-08-08 22:54:38.959140
PAY006623,CUST9934,8871,Credit Card,Annual,SUCCESS,,0,Approved,0,2026-08-14 12:26:38.959140
PAY006624,CUST3405,14922,Wallet,Monthly,FAILED,Bank Timeout,1,Processing Error,1,2026-06-13 19:04:38.959140
PAY006625,CUST6138,11630,Credit Card,Quarterly,SUCCESS,,0,Approved,0,2026-05-06 06:27:38.959140
PAY006626,CUST4668,14724,Credit Card,Monthly,FAILED,User Cancelled,3,Timeout,0,2026-03-27 19:09:38.959140
PAY006627,CUST4730,21319,UPI,Annual,SUCCESS,,3,Approved,0,2026-06-22 07:39:38.959140
PAY006628,CUST7273,9888,UPI,Annual,SUCCESS,,3,Approved,0,2026-05-08 18:42:38.959140
PAY006629,CUST6910,24656,UPI,Monthly,FAILED,UPI Failure,0,Processing Error,1,2026-08-13 05:52:38.959140
PAY006630,CUST1710,767,Credit Card,Quarterly,SUCCESS,,0,Approved,0,2026-07-30 20:51:38.959140
PAY006631,CUST9549,10181,Net Banking,Monthly,SUCCESS,,2,Approved,0,2026-08-18 10:06:38.959140
PAY006632,CUST4724,11601,Wallet,Annual,FAILED,Bank Timeout,0,Timeout,1,2026-07-03 16:08:38.959140
PAY006633,CUST2565,21387,Wallet,Annual,SUCCESS,,3,Approved,0,2026-04-13 23:41:38.959140
PAY006634,CUST7276,7169,Wallet,Monthly,SUCCESS,,3,Approved,0,2026-08-08 18:01:38.959140
PAY006635,CUST3748,18327,Net Banking,Quarterly,SUCCESS,,3,Approved,0,2026-07-03 03:53:38.959140
PAY006636,CUST7475,12708,Wallet,Annual,SUCCESS,,1,Approved,0,2026-04-11 09:14:38.959140
PAY006637,CUST2256,10494,Debit Card,Monthly,SUCCESS,,1,Approved,0,2026-03-25 23:24:38.959140
PAY006638,CUST9060,24991,Credit Card,Annual,SUCCESS,,1,Approved,0,2026-06-15 22:25:38.959140
PAY006639,CUST4159,10754,UPI,Quarterly,SUCCESS,,3,Approved,0,2026-06-27 11:59:38.959140
PAY006640,CUST7153,9922,Debit Card,Quarterly,FAILED,Fraud Suspected,2,Approved,0,2026-07-06 21:12:38.959140
PAY006641,CUST5553,18930,UPI,Annual,FAILED,Fraud Suspected,3,Declined,0,2026-04-10 19:21:38.959140
PAY006642,CUST2219,23579,Debit Card,Quarterly,FAILED,UPI Failure,1,Processing Error,1,2026-07-27 09:56:38.959140
PAY006643,CUST8285,7587,UPI,Quarterly,FAILED,User Cancelled,3,Approved,0,2026-06-13 21:50:38.959140
PAY006644,CUST2452,17847,UPI,Monthly,SUCCESS,,1,Approved,0,2026-05-12 10:32:38.959140
PAY006645,CUST8812,3036,Debit Card,Annual,FAILED,Bank Timeout,3,Approved,1,2026-05-31 06:07:38.959140
PAY006646,CUST8039,9202,UPI,Annual,SUCCESS,,2,Approved,0,2026-05-24 05:07:38.959140
PAY006647,CUST7167,13285,UPI,Monthly,SUCCESS,,3,Approved,0,2026-07-12 17:42:38.959140
PAY006648,CUST5458,1887,UPI,Monthly,SUCCESS,,2,Approved,0,2026-04-21 12:10:38.959140
PAY006649,CUST7095,6173,Debit Card,Quarterly,SUCCESS,,3,Approved,0,2026-07-06 20:48:38.959140
PAY006650,CUST7869,10063,Net Banking,Quarterly,SUCCESS,,3,Approved,0,2026-05-16 04:24:38.959140
PAY006651,CUST8808,6409,Net Banking,Quarterly,SUCCESS,,1,Approved,0,2026-06-24 20:01:38.959140
PAY006652,CUST8097,2021,Wallet,Quarterly,SUCCESS,,2,Approved,0,2026-03-10 07:05:38.959140
PAY006653,CUST4992,24750,UPI,Annual,SUCCESS,,1,Approved,0,2026-04-22 17:30:38.959140
PAY006654,CUST1383,14065,Net Banking,Monthly,FAILED,Fraud Suspected,1,Processing Error,0,2026-03-31 03:38:38.959140
PAY006655,CUST1207,11057,Debit Card,Monthly,FAILED,UPI Failure,1,Declined,1,2026-08-11 11:54:38.959140
PAY006656,CUST9653,9809,UPI,Annual,FAILED,Insufficient Funds,1,Processing Error,1,2026-06-16 16:23:38.959140
PAY006657,CUST7190,13791,UPI,Quarterly,FAILED,Network Error,1,Approved,1,2026-06-23 03:58:38.959140
PAY006658,CUST7522,15794,UPI,Quarterly,FAILED,Insufficient Funds,0,Processing Error,1,2026-08-13 02:35:38.959140
PAY006659,CUST8530,7316,UPI,Quarterly,SUCCESS,,3,Approved,0,2026-08-11 01:25:38.959140
PAY006660,CUST8538,8919,Wallet,Annual,SUCCESS,,0,Approved,0,2026-03-31 13:52:38.959140
PAY006661,CUST2702,15476,Wallet,Annual,FAILED,Invalid CVV,3,Declined,0,2026-06-28 15:02:38.959140
PAY006662,CUST8556,13612,Debit Card,Annual,FAILED,Invalid CVV,3,Approved,0,2026-03-15 16:15:38.959140
PAY006663,CUST9376,2367,Credit Card,Monthly,SUCCESS,,1,Approved,0,2026-04-06 00:44:38.959140
PAY006664,CUST9471,24706,Debit Card,Annual,SUCCESS,,3,Approved,0,2026-06-16 07:08:38.959140
PAY006665,CUST4551,18553,Net Banking,Quarterly,SUCCESS,,1,Approved,0,2026-04-25 09:33:38.959140
PAY006666,CUST8058,17499,Credit Card,Quarterly,SUCCESS,,3,Approved,0,2026-06-15 17:19:38.959140
PAY006667,CUST1585,16555,Wallet,Annual,FAILED,Network Error,1,Approved,1,2026-08-27 16:58:38.959140
PAY006668,CUST6455,10730,Wallet,Quarterly,SUCCESS,,2,Approved,0,2026-06-06 15:53:38.959140
PAY006669,CUST8410,6469,Credit Card,Annual,SUCCESS,,1,Approved,0,2026-05-18 19:46:38.959140
PAY006670,CUST8308,2249,Wallet,Monthly,SUCCESS,,2,Approved,0,2026-05-18 07:35:38.959140
PAY006671,CUST9760,17652,Credit Card,Quarterly,SUCCESS,,1,Approved,0,2026-08-21 18:53:38.959140
PAY006672,CUST8362,13393,UPI,Quarterly,FAILED,Card Expired,2,Declined,0,2026-08-27 14:17:38.959140
PAY006673,CUST2733,1931,Debit Card,Annual,FAILED,Bank Timeout,2,Declined,1,2026-07-09 18:58:38.959140
PAY006674,CUST2405,7826,Credit Card,Monthly,SUCCESS,,3,Approved,0,2026-06-15 20:46:38.959140
PAY006675,CUST2221,20128,Credit Card,Quarterly,FAILED,Card Expired,0,Blocked,0,2026-05-15 04:05:38.959140
PAY006676,CUST1789,866,Debit Card,Quarterly,FAILED,UPI Failure,0,Blocked,1,2026-04-29 00:04:38.959140
PAY006677,CUST6687,9320,Wallet,Monthly,SUCCESS,,2,Approved,0,2026-03-20 17:18:38.959140
PAY006678,CUST5177,19918,Credit Card,Quarterly,SUCCESS,,1,Approved,0,2026-06-29 23:34:38.959140
PAY006679,CUST3630,3150,Net Banking,Annual,SUCCESS,,0,Approved,0,2026-07-01 01:53:38.959140
PAY006680,CUST1818,790,Net Banking,Annual,SUCCESS,,3,Approved,0,2026-07-11 06:08:38.959140
PAY006681,CUST2322,9650,Net Banking,Annual,SUCCESS,,2,Approved,0,2026-08-13 09:13:38.959140
PAY006682,CUST2684,23774,Net Banking,Quarterly,SUCCESS,,3,Approved,0,2026-03-27 06:44:38.959140
PAY006683,CUST1032,20065,Net Banking,Quarterly,SUCCESS,,2,Approved,0,2026-04-08 12:13:38.959140
PAY006684,CUST9501,1075,Debit Card,Annual,SUCCESS,,2,Approved,0,2026-07-22 14:00:38.959140
PAY006685,CUST8858,22326,Net Banking,Annual,SUCCESS,,0,Approved,0,2026-04-25 05:06:38.959140
PAY006686,CUST8932,23109,Credit Card,Quarterly,SUCCESS,,2,Approved,0,2026-07-15 12:51:38.959140
PAY006687,CUST6988,1196,UPI,Annual,FAILED,Network Error,1,Approved,1,2026-03-20 11:47:38.959140
PAY006688,CUST8130,13652,Credit Card,Monthly,FAILED,User Cancelled,0,Blocked,0,2026-05-30 05:37:38.959140
PAY006689,CUST8671,20112,Net Banking,Quarterly,SUCCESS,,2,Approved,0,2026-07-03 03:46:38.959140
PAY006690,CUST6672,3393,Wallet,Monthly,SUCCESS,,2,Approved,0,2026-06-25 04:05:38.959140
PAY006691,CUST1620,11990,UPI,Monthly,SUCCESS,,0,Approved,0,2026-06-26 20:40:38.959140
PAY006692,CUST5298,13321,Wallet,Monthly,SUCCESS,,1,Approved,0,2026-04-17 10:34:38.959140
PAY006693,CUST9708,14617,Debit Card,Annual,FAILED,UPI Failure,3,Approved,1,2026-07-14 18:02:38.959140
PAY006694,CUST9292,22348,Credit Card,Monthly,SUCCESS,,1,Approved,0,2026-05-25 17:47:38.959140
PAY006695,CUST7074,24463,Debit Card,Monthly,SUCCESS,,2,Approved,0,2026-07-22 18:26:38.959140
PAY006696,CUST4949,8489,Wallet,Annual,SUCCESS,,1,Approved,0,2026-03-26 10:34:38.959140
PAY006697,CUST6552,4054,Net Banking,Quarterly,SUCCESS,,2,Approved,0,2026-07-05 18:11:38.959140
PAY006698,CUST2681,3364,Credit Card,Annual,SUCCESS,,2,Approved,0,2026-08-15 04:44:38.959140
PAY006699,CUST5070,11977,Credit Card,Monthly,SUCCESS,,2,Approved,0,2026-08-03 12:38:38.959140
PAY006700,CUST9109,555,Credit Card,Monthly,SUCCESS,,1,Approved,0,2026-06-28 19:27:38.959140
PAY006701,CUST4610,5565,Credit Card,Quarterly,SUCCESS,,2,Approved,0,2026-04-06 01:04:38.959140
PAY006702,CUST4350,22992,Wallet,Quarterly,SUCCESS,,1,Approved,0,2026-03-27 06:40:38.959140
PAY006703,CUST1106,15911,Net Banking,Monthly,FAILED,Invalid CVV,3,Declined,0,2026-05-08 03:05:38.959140
PAY006704,CUST6336,12347,Debit Card,Annual,FAILED,Invalid CVV,0,Timeout,0,2026-03-12 01:02:38.959140
PAY006705,CUST5794,10087,UPI,Quarterly,SUCCESS,,1,Approved,0,2026-06-29 09:54:38.959140
PAY006706,CUST6985,17828,Debit Card,Annual,FAILED,Invalid CVV,1,Declined,0,2026-06-12 08:29:38.959140
PAY006707,CUST8402,5987,UPI,Quarterly,SUCCESS,,1,Approved,0,2026-08-14 16:29:38.959140
PAY006708,CUST7234,5251,UPI,Annual,FAILED,UPI Failure,2,Declined,1,2026-08-14 23:39:38.959140
PAY006709,CUST3226,11635,Net Banking,Monthly,SUCCESS,,1,Approved,0,2026-08-07 05:55:38.959140
PAY006710,CUST1329,23257,UPI,Monthly,FAILED,UPI Failure,0,Timeout,1,2026-05-23 05:10:38.959140
PAY006711,CUST1400,4544,Credit Card,Quarterly,SUCCESS,,3,Approved,0,2026-07-23 20:05:38.959140
PAY006712,CUST9926,9457,Wallet,Annual,FAILED,User Cancelled,3,Processing Error,0,2026-06-04 14:24:38.959140
PAY006713,CUST4872,7030,Net Banking,Annual,SUCCESS,,3,Approved,0,2026-03-26 03:21:38.959140
PAY006714,CUST1508,15583,Debit Card,Monthly,SUCCESS,,0,Approved,0,2026-06-13 09:03:38.959140
PAY006715,CUST3880,17781,Credit Card,Annual,SUCCESS,,0,Approved,0,2026-08-02 02:09:38.959140
PAY006716,CUST6959,7406,Credit Card,Annual,FAILED,User Cancelled,3,Processing Error,0,2026-08-02 15:04:38.959140
PAY006717,CUST5721,24991,Debit Card,Monthly,SUCCESS,,3,Approved,0,2026-04-27 22:08:38.959140
PAY006718,CUST3769,10836,Credit Card,Monthly,SUCCESS,,3,Approved,0,2026-04-06 23:04:38.959140
PAY006719,CUST5597,21621,Net Banking,Quarterly,SUCCESS,,1,Approved,0,2026-07-30 16:37:38.959140
PAY006720,CUST4435,4408,Wallet,Monthly,SUCCESS,,3,Approved,0,2026-04-01 00:21:38.959140
PAY006721,CUST8086,18416,Wallet,Annual,SUCCESS,,3,Approved,0,2026-03-17 21:03:38.959140
PAY006722,CUST7296,6731,Wallet,Monthly,FAILED,Card Expired,2,Approved,0,2026-05-10 16:08:38.959140
PAY006723,CUST7244,5078,Credit Card,Annual,SUCCESS,,1,Approved,0,2026-03-22 15:42:38.959140
PAY006724,CUST6015,24040,Credit Card,Quarterly,SUCCESS,,3,Approved,0,2026-03-12 11:30:38.959140
PAY006725,CUST2733,23072,UPI,Monthly,SUCCESS,,3,Approved,0,2026-08-01 12:36:38.959140
PAY006726,CUST7170,6346,Wallet,Quarterly,SUCCESS,,0,Approved,0,2026-05-14 09:22:38.959140
PAY006727,CUST3886,21414,Debit Card,Annual,SUCCESS,,3,Approved,0,2026-08-22 23:49:38.959140
PAY006728,CUST5916,19146,UPI,Monthly,SUCCESS,,3,Approved,0,2026-06-29 11:39:38.959140
PAY006729,CUST9985,5607,Wallet,Annual,SUCCESS,,0,Approved,0,2026-07-11 02:40:38.959140
PAY006730,CUST2629,1116,Debit Card,Annual,FAILED,Insufficient Funds,0,Processing Error,1,2026-03-26 12:08:38.959140
PAY006731,CUST5005,6794,Net Banking,Annual,SUCCESS,,3,Approved,0,2026-03-14 11:22:38.959140
PAY006732,CUST9283,21403,Debit Card,Quarterly,SUCCESS,,2,Approved,0,2026-06-19 10:42:38.959140
PAY006733,CUST2850,9011,Credit Card,Monthly,FAILED,UPI Failure,1,Declined,1,2026-08-02 20:10:38.959140
PAY006734,CUST7826,23493,Credit Card,Annual,SUCCESS,,3,Approved,0,2026-06-08 01:20:38.959140
PAY006735,CUST1898,7427,Debit Card,Monthly,FAILED,Card Expired,0,Blocked,0,2026-07-17 23:34:38.959140
PAY006736,CUST8683,9832,Wallet,Quarterly,SUCCESS,,1,Approved,0,2026-03-18 07:04:38.959140
PAY006737,CUST2920,12413,Wallet,Monthly,SUCCESS,,2,Approved,0,2026-04-10 22:42:38.959140
PAY006738,CUST9611,1178,Net Banking,Quarterly,SUCCESS,,0,Approved,0,2026-08-04 09:23:38.959140
PAY006739,CUST4742,19706,UPI,Monthly,SUCCESS,,0,Approved,0,2026-07-17 16:07:38.959140
PAY006740,CUST8221,12762,Debit Card,Quarterly,SUCCESS,,2,Approved,0,2026-06-30 12:11:38.959140
PAY006741,CUST4481,1975,UPI,Monthly,SUCCESS,,1,Approved,0,2026-07-12 16:34:38.959140
PAY006742,CUST1277,17394,Debit Card,Monthly,SUCCESS,,0,Approved,0,2026-05-30 07:34:38.959140
PAY006743,CUST6156,4704,Wallet,Annual,SUCCESS,,3,Approved,0,2026-08-12 15:13:38.959140
PAY006744,CUST3732,2699,UPI,Quarterly,SUCCESS,,2,Approved,0,2026-06-29 00:52:38.959140
PAY006745,CUST6637,8674,Credit Card,Quarterly,SUCCESS,,0,Approved,0,2026-05-18 04:05:38.959140
PAY006746,CUST2686,13083,UPI,Annual,SUCCESS,,0,Approved,0,2026-06-18 12:21:38.959140
PAY006747,CUST2137,3273,Net Banking,Annual,SUCCESS,,0,Approved,0,2026-03-13 04:30:38.959140
PAY006748,CUST4694,6025,Net Banking,Annual,SUCCESS,,2,Approved,0,2026-03-21 12:45:38.959140
PAY006749,CUST4527,6487,Net Banking,Monthly,SUCCESS,,0,Approved,0,2026-03-23 11:37:38.959140
PAY006750,CUST6107,18635,UPI,Monthly,SUCCESS,,0,Approved,0,2026-08-08 08:34:38.959140
PAY006751,CUST4870,24857,Net Banking,Monthly,FAILED,Invalid CVV,2,Approved,0,2026-05-19 11:09:38.959140
PAY006752,CUST1595,16330,Debit Card,Quarterly,FAILED,UPI Failure,1,Declined,1,2026-08-19 15:17:38.959140
PAY006753,CUST4353,23462,Debit Card,Monthly,SUCCESS,,0,Approved,0,2026-05-27 18:59:38.959140
PAY006754,CUST2835,6875,Net Banking,Annual,SUCCESS,,2,Approved,0,2026-03-14 18:10:38.959140
PAY006755,CUST1584,4425,Debit Card,Annual,SUCCESS,,2,Approved,0,2026-03-22 05:21:38.959140
PAY006756,CUST1581,4015,Debit Card,Annual,SUCCESS,,3,Approved,0,2026-04-23 06:23:38.959140
PAY006757,CUST4390,23994,Credit Card,Annual,SUCCESS,,2,Approved,0,2026-03-28 02:18:38.959140
PAY006758,CUST4326,19487,UPI,Annual,SUCCESS,,3,Approved,0,2026-05-29 11:17:38.959140
PAY006759,CUST2529,5008,Credit Card,Quarterly,FAILED,UPI Failure,2,Timeout,1,2026-03-09 19:45:38.959140
PAY006760,CUST6528,22390,Credit Card,Monthly,SUCCESS,,3,Approved,0,2026-05-24 07:50:38.959140
PAY006761,CUST9478,7383,Debit Card,Quarterly,SUCCESS,,3,Approved,0,2026-04-19 19:31:38.959140
PAY006762,CUST6244,7350,Wallet,Monthly,SUCCESS,,0,Approved,0,2026-06-24 20:26:38.959140
PAY006763,CUST7420,1005,Credit Card,Annual,SUCCESS,,2,Approved,0,2026-03-28 08:45:38.959140
PAY006764,CUST6080,11914,Net Banking,Annual,SUCCESS,,0,Approved,0,2026-03-26 15:28:38.959140
PAY006765,CUST6942,4073,UPI,Monthly,SUCCESS,,2,Approved,0,2026-05-20 00:58:38.959140
PAY006766,CUST6910,8476,Wallet,Annual,SUCCESS,,2,Approved,0,2026-08-14 16:17:38.959140
PAY006767,CUST5711,23644,Credit Card,Monthly,SUCCESS,,2,Approved,0,2026-05-19 12:39:38.959140
PAY006768,CUST4499,3557,Credit Card,Monthly,SUCCESS,,0,Approved,0,2026-04-04 08:50:38.959140
PAY006769,CUST9557,11504,Wallet,Annual,SUCCESS,,0,Approved,0,2026-06-27 00:52:38.959140
PAY006770,CUST2836,24482,Net Banking,Quarterly,SUCCESS,,0,Approved,0,2026-08-10 06:40:38.959140
PAY006771,CUST3646,11356,Net Banking,Quarterly,SUCCESS,,0,Approved,0,2026-08-24 03:01:38.959140
PAY006772,CUST7573,11709,UPI,Quarterly,SUCCESS,,0,Approved,0,2026-04-29 21:02:38.959140
PAY006773,CUST9441,21787,Debit Card,Monthly,SUCCESS,,1,Approved,0,2026-07-10 10:24:38.959140
PAY006774,CUST7962,22180,Wallet,Annual,SUCCESS,,3,Approved,0,2026-05-11 17:57:38.959140
PAY006775,CUST3329,18386,UPI,Quarterly,FAILED,Bank Timeout,3,Approved,1,2026-07-30 15:07:38.959140
PAY006776,CUST7282,18308,Debit Card,Monthly,FAILED,Insufficient Funds,3,Declined,1,2026-03-24 10:12:38.959140
PAY006777,CUST5137,12439,Debit Card,Monthly,SUCCESS,,2,Approved,0,2026-03-25 21:24:38.959140
PAY006778,CUST8173,23387,Debit Card,Quarterly,SUCCESS,,3,Approved,0,2026-03-30 17:39:38.959140
PAY006779,CUST7032,9817,Debit Card,Monthly,SUCCESS,,2,Approved,0,2026-06-23 11:20:38.959140
PAY006780,CUST6735,1767,Debit Card,Quarterly,FAILED,Insufficient Funds,0,Processing Error,1,2026-04-05 05:23:38.959140
PAY006781,CUST5166,10425,Credit Card,Quarterly,SUCCESS,,3,Approved,0,2026-08-22 16:38:38.959140
PAY006782,CUST7763,19546,UPI,Monthly,SUCCESS,,2,Approved,0,2026-04-15 18:42:38.959140
PAY006783,CUST6298,20094,UPI,Annual,FAILED,Bank Timeout,0,Timeout,1,2026-06-20 17:54:38.959140
PAY006784,CUST5868,8753,Net Banking,Monthly,SUCCESS,,3,Approved,0,2026-07-08 20:43:38.959140
PAY006785,CUST8203,6590,Debit Card,Monthly,SUCCESS,,3,Approved,0,2026-03-10 21:34:38.959140
PAY006786,CUST3841,14120,Debit Card,Monthly,SUCCESS,,0,Approved,0,2026-04-09 06:39:38.959140
PAY006787,CUST5171,6723,UPI,Quarterly,SUCCESS,,0,Approved,0,2026-04-13 01:31:38.959140
PAY006788,CUST6675,6217,Debit Card,Monthly,SUCCESS,,0,Approved,0,2026-08-22 00:04:38.959140
PAY006789,CUST7363,8812,Credit Card,Quarterly,SUCCESS,,0,Approved,0,2026-03-27 07:36:38.959140
PAY006790,CUST3698,11600,Wallet,Monthly,SUCCESS,,2,Approved,0,2026-06-18 17:44:38.959140
PAY006791,CUST7653,20204,Wallet,Annual,SUCCESS,,1,Approved,0,2026-04-17 06:21:38.959140
PAY006792,CUST8111,960,UPI,Monthly,FAILED,Invalid CVV,1,Timeout,0,2026-08-02 16:23:38.959140
PAY006793,CUST8856,12641,Net Banking,Quarterly,FAILED,Fraud Suspected,2,Processing Error,0,2026-05-19 03:43:38.959140
PAY006794,CUST6421,11751,UPI,Annual,SUCCESS,,3,Approved,0,2026-04-09 16:06:38.959140
PAY006795,CUST2273,11665,Debit Card,Monthly,SUCCESS,,0,Approved,0,2026-07-23 08:47:38.959140
PAY006796,CUST3795,18894,Wallet,Quarterly,FAILED,UPI Failure,1,Approved,1,2026-05-13 15:25:38.959140
PAY006797,CUST6487,4825,UPI,Quarterly,SUCCESS,,2,Approved,0,2026-07-02 05:48:38.959140
PAY006798,CUST6465,22256,Credit Card,Monthly,SUCCESS,,1,Approved,0,2026-05-07 11:31:38.959140
PAY006799,CUST2930,22138,Wallet,Monthly,SUCCESS,,3,Approved,0,2026-05-10 05:07:38.959140
PAY006800,CUST9684,18540,Credit Card,Annual,FAILED,User Cancelled,0,Declined,0,2026-07-29 14:31:38.959140
PAY006801,CUST9011,1498,Credit Card,Monthly,FAILED,Insufficient Funds,2,Processing Error,1,2026-04-14 06:09:38.959140
PAY006802,CUST1869,17835,Credit Card,Annual,SUCCESS,,1,Approved,0,2026-08-04 14:17:38.959140
PAY006803,CUST8600,9585,Net Banking,Annual,FAILED,Invalid CVV,0,Processing Error,0,2026-03-28 20:15:38.959140
PAY006804,CUST3015,22664,UPI,Quarterly,SUCCESS,,0,Approved,0,2026-06-23 16:36:38.959140
PAY006805,CUST8507,16142,UPI,Annual,SUCCESS,,0,Approved,0,2026-06-23 03:20:38.959140
PAY006806,CUST6022,15992,Debit Card,Annual,SUCCESS,,2,Approved,0,2026-08-22 16:45:38.959140
PAY006807,CUST6069,14402,Credit Card,Annual,SUCCESS,,0,Approved,0,2026-08-18 18:04:38.959140
PAY006808,CUST6000,14319,Credit Card,Monthly,SUCCESS,,3,Approved,0,2026-04-16 12:45:38.959140
PAY006809,CUST9115,20865,Net Banking,Annual,FAILED,User Cancelled,2,Processing Error,0,2026-07-23 10:40:38.959140
PAY006810,CUST7178,15232,Credit Card,Annual,SUCCESS,,1,Approved,0,2026-06-20 07:52:38.959140
PAY006811,CUST3742,5475,Debit Card,Monthly,SUCCESS,,3,Approved,0,2026-04-18 13:36:38.959140
PAY006812,CUST2291,1504,Wallet,Annual,SUCCESS,,1,Approved,0,2026-07-10 22:25:38.959140
PAY006813,CUST5350,10796,UPI,Annual,FAILED,User Cancelled,3,Approved,0,2026-05-22 14:53:38.959140
PAY006814,CUST8345,6364,Net Banking,Annual,SUCCESS,,0,Approved,0,2026-08-19 07:51:38.959140
PAY006815,CUST9306,7657,Net Banking,Quarterly,SUCCESS,,1,Approved,0,2026-08-29 14:53:38.959140
PAY006816,CUST6803,18033,UPI,Annual,FAILED,Invalid CVV,0,Approved,0,2026-07-04 11:32:38.959140
PAY006817,CUST5391,342,Credit Card,Monthly,SUCCESS,,1,Approved,0,2026-07-11 17:17:38.959140
PAY006818,CUST4522,7973,Net Banking,Monthly,SUCCESS,,3,Approved,0,2026-04-24 09:02:38.959140
PAY006819,CUST9610,2306,Debit Card,Monthly,SUCCESS,,1,Approved,0,2026-03-23 11:59:38.959140
PAY006820,CUST8889,6273,UPI,Quarterly,SUCCESS,,2,Approved,0,2026-08-13 06:23:38.959140
PAY006821,CUST2071,4781,UPI,Annual,SUCCESS,,3,Approved,0,2026-04-01 10:27:38.959140
PAY006822,CUST8294,15213,Credit Card,Quarterly,FAILED,Bank Timeout,3,Approved,1,2026-08-25 05:30:38.959140
PAY006823,CUST6632,15876,Debit Card,Monthly,SUCCESS,,1,Approved,0,2026-07-21 05:41:38.959140
PAY006824,CUST7841,10703,Debit Card,Quarterly,SUCCESS,,2,Approved,0,2026-08-01 06:05:38.959140
PAY006825,CUST9386,6455,Wallet,Quarterly,FAILED,Card Expired,0,Processing Error,0,2026-07-06 11:27:38.959140
PAY006826,CUST8756,13354,UPI,Monthly,SUCCESS,,3,Approved,0,2026-04-20 22:12:38.959140
PAY006827,CUST9991,21303,Credit Card,Monthly,SUCCESS,,2,Approved,0,2026-04-19 12:07:38.959140
PAY006828,CUST9308,18023,UPI,Quarterly,SUCCESS,,2,Approved,0,2026-06-04 01:49:38.959140
PAY006829,CUST9675,14306,UPI,Annual,SUCCESS,,0,Approved,0,2026-06-12 07:08:38.959140
PAY006830,CUST5608,8769,Debit Card,Quarterly,FAILED,Insufficient Funds,0,Declined,1,2026-06-10 07:50:38.959140
PAY006831,CUST4362,6147,Debit Card,Annual,FAILED,Card Expired,1,Processing Error,0,2026-05-27 11:40:38.959140
PAY006832,CUST8109,17961,Credit Card,Monthly,SUCCESS,,3,Approved,0,2026-04-18 09:38:38.959140
PAY006833,CUST2398,6493,Credit Card,Quarterly,SUCCESS,,0,Approved,0,2026-06-11 18:53:38.959140
PAY006834,CUST6560,5070,UPI,Annual,FAILED,Insufficient Funds,1,Timeout,1,2026-06-12 11:34:38.959140
PAY006835,CUST2834,21142,UPI,Quarterly,SUCCESS,,1,Approved,0,2026-04-29 06:16:38.959140
PAY006836,CUST4029,13613,Net Banking,Monthly,SUCCESS,,2,Approved,0,2026-06-23 12:02:38.959140
PAY006837,CUST4831,13439,Net Banking,Annual,SUCCESS,,0,Approved,0,2026-04-15 20:11:38.959140
PAY006838,CUST8985,22992,Wallet,Monthly,SUCCESS,,1,Approved,0,2026-07-03 12:25:38.959140
PAY006839,CUST4400,12019,Wallet,Monthly,SUCCESS,,2,Approved,0,2026-08-20 06:58:38.959140
PAY006840,CUST3865,16609,UPI,Monthly,SUCCESS,,1,Approved,0,2026-03-16 00:33:38.959140
PAY006841,CUST4907,2178,Credit Card,Annual,SUCCESS,,3,Approved,0,2026-03-19 03:35:38.959140
PAY006842,CUST9537,23887,Net Banking,Quarterly,SUCCESS,,3,Approved,0,2026-07-26 00:20:38.959140
PAY006843,CUST1235,16840,Net Banking,Monthly,SUCCESS,,3,Approved,0,2026-05-05 04:38:38.959140
PAY006844,CUST9336,22739,UPI,Monthly,SUCCESS,,2,Approved,0,2026-06-14 10:07:38.959140
PAY006845,CUST2443,1091,Net Banking,Quarterly,SUCCESS,,1,Approved,0,2026-06-24 18:45:38.959140
PAY006846,CUST4627,5788,Wallet,Annual,SUCCESS,,1,Approved,0,2026-05-29 16:06:38.959140
PAY006847,CUST1948,20880,Wallet,Monthly,SUCCESS,,1,Approved,0,2026-08-28 05:52:38.959140
PAY006848,CUST7974,6122,Wallet,Quarterly,FAILED,Card Expired,3,Timeout,0,2026-07-05 10:44:38.959140
PAY006849,CUST7909,10476,Wallet,Annual,SUCCESS,,1,Approved,0,2026-08-07 10:47:38.959140
PAY006850,CUST8187,8060,Credit Card,Annual,SUCCESS,,1,Approved,0,2026-03-17 13:57:38.959140
PAY006851,CUST2400,16865,Debit Card,Quarterly,SUCCESS,,3,Approved,0,2026-03-27 20:21:38.959140
PAY006852,CUST9164,22120,Wallet,Monthly,FAILED,Insufficient Funds,1,Processing Error,1,2026-04-20 21:21:38.959140
PAY006853,CUST9048,18973,UPI,Monthly,SUCCESS,,2,Approved,0,2026-05-19 00:27:38.959140
PAY006854,CUST1014,2637,Debit Card,Quarterly,SUCCESS,,1,Approved,0,2026-06-19 23:51:38.959140
PAY006855,CUST4302,5291,Net Banking,Monthly,SUCCESS,,0,Approved,0,2026-06-20 01:57:38.959140
PAY006856,CUST6402,14727,Net Banking,Monthly,SUCCESS,,2,Approved,0,2026-06-09 12:19:38.959140
PAY006857,CUST2150,14801,Net Banking,Monthly,SUCCESS,,3,Approved,0,2026-07-15 17:05:38.959140
PAY006858,CUST7815,4356,Credit Card,Annual,FAILED,Invalid CVV,3,Approved,0,2026-06-01 09:28:38.959140
PAY006859,CUST7678,22596,Wallet,Annual,FAILED,Card Expired,2,Declined,0,2026-07-04 10:09:38.959140
PAY006860,CUST2219,1712,Net Banking,Annual,FAILED,UPI Failure,3,Timeout,1,2026-05-14 06:56:38.959140
PAY006861,CUST7802,21215,Net Banking,Annual,SUCCESS,,1,Approved,0,2026-08-18 09:42:38.959140
PAY006862,CUST7087,8179,Net Banking,Monthly,SUCCESS,,3,Approved,0,2026-07-22 18:11:38.959140
PAY006863,CUST8894,16718,Net Banking,Quarterly,FAILED,Network Error,2,Timeout,1,2026-05-13 03:53:38.959140
PAY006864,CUST3262,17288,Wallet,Quarterly,SUCCESS,,2,Approved,0,2026-06-20 06:23:38.959140
PAY006865,CUST9405,16650,Credit Card,Quarterly,FAILED,Card Expired,1,Blocked,0,2026-05-24 04:01:38.959140
PAY006866,CUST7182,17837,UPI,Quarterly,SUCCESS,,1,Approved,0,2026-04-13 09:49:38.959140
PAY006867,CUST3988,8847,Debit Card,Quarterly,SUCCESS,,2,Approved,0,2026-03-10 14:13:38.959140
PAY006868,CUST8854,2138,Wallet,Monthly,SUCCESS,,1,Approved,0,2026-03-31 17:53:38.959140
PAY006869,CUST7520,19357,UPI,Annual,SUCCESS,,0,Approved,0,2026-08-23 00:47:38.959140
PAY006870,CUST7734,7771,Credit Card,Monthly,SUCCESS,,3,Approved,0,2026-07-19 00:19:38.959140
PAY006871,CUST9321,182,UPI,Quarterly,SUCCESS,,1,Approved,0,2026-08-08 15:11:38.959140
PAY006872,CUST3568,8469,Net Banking,Annual,SUCCESS,,0,Approved,0,2026-07-01 14:29:38.959140
PAY006873,CUST6226,18086,UPI,Monthly,FAILED,Invalid CVV,0,Timeout,0,2026-06-11 02:24:38.959140
PAY006874,CUST1050,3430,Net Banking,Annual,SUCCESS,,3,Approved,0,2026-08-23 21:46:38.959140
PAY006875,CUST2311,6881,Credit Card,Monthly,SUCCESS,,1,Approved,0,2026-07-11 07:16:38.959140
PAY006876,CUST8716,1156,Debit Card,Annual,SUCCESS,,1,Approved,0,2026-07-10 21:48:38.959140
PAY006877,CUST7611,11861,Debit Card,Quarterly,SUCCESS,,0,Approved,0,2026-03-21 19:24:38.959140
PAY006878,CUST9543,10563,Net Banking,Monthly,SUCCESS,,3,Approved,0,2026-05-03 15:32:38.959140
PAY006879,CUST9116,18293,UPI,Quarterly,SUCCESS,,0,Approved,0,2026-03-11 18:13:38.959140
PAY006880,CUST4443,11154,Wallet,Annual,SUCCESS,,2,Approved,0,2026-06-04 23:20:38.959140
PAY006881,CUST7631,9400,UPI,Monthly,SUCCESS,,0,Approved,0,2026-03-19 01:09:38.959140
PAY006882,CUST2095,12535,Debit Card,Monthly,SUCCESS,,0,Approved,0,2026-05-23 01:54:38.959140
PAY006883,CUST5805,14533,Debit Card,Annual,FAILED,Insufficient Funds,3,Declined,1,2026-05-22 16:31:38.959140
PAY006884,CUST2497,19786,Wallet,Monthly,SUCCESS,,3,Approved,0,2026-07-15 15:58:38.959140
PAY006885,CUST8398,7640,Debit Card,Quarterly,SUCCESS,,3,Approved,0,2026-08-14 14:22:38.959140
PAY006886,CUST1273,11959,Net Banking,Annual,SUCCESS,,2,Approved,0,2026-05-20 09:08:38.959140
PAY006887,CUST7106,6018,Credit Card,Monthly,SUCCESS,,3,Approved,0,2026-03-13 16:43:38.959140
PAY006888,CUST8130,18008,Wallet,Quarterly,FAILED,Fraud Suspected,1,Blocked,0,2026-08-04 18:43:38.959140
PAY006889,CUST8639,1743,Debit Card,Annual,SUCCESS,,0,Approved,0,2026-06-11 08:28:38.959140
PAY006890,CUST1321,9550,Credit Card,Quarterly,SUCCESS,,0,Approved,0,2026-05-01 10:26:38.959140
PAY006891,CUST3262,10119,Net Banking,Monthly,FAILED,User Cancelled,3,Approved,0,2026-04-26 03:37:38.959140
PAY006892,CUST3591,8000,Wallet,Monthly,FAILED,Insufficient Funds,3,Declined,1,2026-06-29 07:08:38.959140
PAY006893,CUST3675,19781,UPI,Monthly,FAILED,Network Error,2,Approved,1,2026-05-02 09:04:38.959140
PAY006894,CUST8201,23461,Wallet,Annual,SUCCESS,,2,Approved,0,2026-05-08 22:35:38.959140
PAY006895,CUST6613,1439,Net Banking,Quarterly,SUCCESS,,3,Approved,0,2026-04-12 13:51:38.959140
PAY006896,CUST7251,24864,Credit Card,Quarterly,FAILED,Network Error,3,Approved,1,2026-04-02 16:06:38.959140
PAY006897,CUST2207,17363,Debit Card,Monthly,SUCCESS,,1,Approved,0,2026-05-29 06:37:38.959140
PAY006898,CUST8957,1822,Net Banking,Quarterly,FAILED,Network Error,2,Processing Error,1,2026-03-27 19:57:38.959140
PAY006899,CUST3172,16044,Debit Card,Annual,FAILED,Network Error,2,Declined,1,2026-08-03 06:19:38.959140
PAY006900,CUST7908,7246,Net Banking,Quarterly,SUCCESS,,3,Approved,0,2026-03-24 06:51:38.959140
PAY006901,CUST3165,14895,UPI,Annual,SUCCESS,,0,Approved,0,2026-08-04 02:03:38.959140
PAY006902,CUST3674,8748,Wallet,Annual,SUCCESS,,0,Approved,0,2026-08-24 18:03:38.959140
PAY006903,CUST5884,22635,Credit Card,Annual,SUCCESS,,2,Approved,0,2026-08-21 00:49:38.959140
PAY006904,CUST5568,17411,UPI,Monthly,FAILED,UPI Failure,1,Processing Error,1,2026-05-17 10:40:38.959140
PAY006905,CUST9944,12776,Wallet,Quarterly,SUCCESS,,3,Approved,0,2026-04-27 20:51:38.959140
PAY006906,CUST8846,19901,Wallet,Quarterly,FAILED,Insufficient Funds,3,Blocked,1,2026-06-27 11:41:38.959140
PAY006907,CUST9834,2678,Credit Card,Quarterly,SUCCESS,,2,Approved,0,2026-04-01 01:08:38.959140
PAY006908,CUST1867,24540,Debit Card,Quarterly,SUCCESS,,2,Approved,0,2026-06-28 19:56:38.959140
PAY006909,CUST1873,9235,Net Banking,Monthly,SUCCESS,,1,Approved,0,2026-06-01 04:26:38.959140
PAY006910,CUST3466,9034,Net Banking,Annual,SUCCESS,,2,Approved,0,2026-07-20 00:40:38.959140
PAY006911,CUST8537,2094,Credit Card,Annual,SUCCESS,,2,Approved,0,2026-04-24 18:37:38.959140
PAY006912,CUST2480,1895,Wallet,Monthly,SUCCESS,,3,Approved,0,2026-05-06 14:52:38.959140
PAY006913,CUST1119,8374,Credit Card,Quarterly,SUCCESS,,3,Approved,0,2026-08-02 01:04:38.959140
PAY006914,CUST6146,18411,Net Banking,Annual,SUCCESS,,0,Approved,0,2026-04-20 09:04:38.959140
PAY006915,CUST7096,20064,Wallet,Quarterly,FAILED,Insufficient Funds,0,Blocked,1,2026-07-10 20:34:38.959140
PAY006916,CUST1481,112,UPI,Monthly,SUCCESS,,3,Approved,0,2026-05-14 00:21:38.959140
PAY006917,CUST3840,22130,Debit Card,Quarterly,SUCCESS,,1,Approved,0,2026-08-09 08:40:38.959140
PAY006918,CUST5011,14905,UPI,Quarterly,FAILED,Fraud Suspected,3,Processing Error,0,2026-07-13 16:56:38.959140
PAY006919,CUST8203,2296,Wallet,Quarterly,FAILED,Invalid CVV,3,Processing Error,0,2026-04-11 19:19:38.959140
PAY006920,CUST7427,7715,Credit Card,Annual,SUCCESS,,1,Approved,0,2026-07-27 04:12:38.959140
PAY006921,CUST7718,438,Credit Card,Quarterly,SUCCESS,,1,Approved,0,2026-04-04 17:26:38.959140
PAY006922,CUST1446,20250,Wallet,Quarterly,SUCCESS,,3,Approved,0,2026-05-03 23:45:38.959140
PAY006923,CUST8970,12100,Net Banking,Monthly,SUCCESS,,2,Approved,0,2026-06-21 00:35:38.959140
PAY006924,CUST5205,7471,Wallet,Annual,FAILED,Fraud Suspected,3,Declined,0,2026-05-02 20:35:38.959140
PAY006925,CUST8619,3480,Net Banking,Monthly,SUCCESS,,1,Approved,0,2026-03-29 15:11:38.959140
PAY006926,CUST2249,17822,Credit Card,Annual,SUCCESS,,0,Approved,0,2026-08-11 03:31:38.959140
PAY006927,CUST1149,8443,UPI,Annual,SUCCESS,,1,Approved,0,2026-06-14 18:21:38.959140
PAY006928,CUST7313,714,Debit Card,Monthly,SUCCESS,,2,Approved,0,2026-04-23 14:26:38.959140
PAY006929,CUST7984,11728,Wallet,Quarterly,SUCCESS,,3,Approved,0,2026-06-13 07:24:38.959140
PAY006930,CUST3775,1355,Credit Card,Monthly,SUCCESS,,0,Approved,0,2026-06-27 05:31:38.959140
PAY006931,CUST5922,10458,UPI,Quarterly,SUCCESS,,1,Approved,0,2026-08-03 13:20:38.959140
PAY006932,CUST9421,4123,Debit Card,Annual,FAILED,UPI Failure,2,Timeout,1,2026-07-03 19:29:38.959140
PAY006933,CUST3859,15243,Net Banking,Quarterly,FAILED,Invalid CVV,3,Approved,0,2026-06-11 23:13:38.959140
PAY006934,CUST4916,23961,Debit Card,Quarterly,FAILED,Network Error,1,Declined,1,2026-08-03 05:23:38.959140
PAY006935,CUST2534,20269,Wallet,Quarterly,FAILED,Bank Timeout,2,Approved,1,2026-08-21 11:04:38.959140
PAY006936,CUST7196,10600,UPI,Quarterly,SUCCESS,,3,Approved,0,2026-05-20 11:30:38.959140
PAY006937,CUST7789,23603,Debit Card,Monthly,FAILED,User Cancelled,1,Approved,0,2026-08-17 18:30:38.959140
PAY006938,CUST8976,2648,Credit Card,Annual,SUCCESS,,2,Approved,0,2026-03-21 06:28:38.959140
PAY006939,CUST3302,13466,Credit Card,Quarterly,SUCCESS,,2,Approved,0,2026-08-07 05:45:38.959140
PAY006940,CUST6931,14124,Debit Card,Quarterly,SUCCESS,,2,Approved,0,2026-07-15 10:33:38.959140
PAY006941,CUST9874,4276,Debit Card,Annual,SUCCESS,,0,Approved,0,2026-04-18 22:05:38.959140
PAY006942,CUST1848,15007,UPI,Annual,FAILED,Fraud Suspected,1,Timeout,0,2026-05-28 02:22:38.959140
PAY006943,CUST4443,24795,Debit Card,Monthly,FAILED,Card Expired,1,Timeout,0,2026-07-16 05:00:38.959140
PAY006944,CUST3951,21090,Debit Card,Annual,SUCCESS,,2,Approved,0,2026-08-07 02:07:38.959140
PAY006945,CUST9731,14181,Net Banking,Annual,SUCCESS,,1,Approved,0,2026-08-07 18:56:38.959140
PAY006946,CUST5064,16368,Wallet,Quarterly,SUCCESS,,0,Approved,0,2026-08-08 22:24:38.959140
PAY006947,CUST5215,14995,UPI,Quarterly,FAILED,Card Expired,2,Declined,0,2026-08-10 23:01:38.959140
PAY006948,CUST6198,20363,UPI,Quarterly,SUCCESS,,0,Approved,0,2026-06-09 08:49:38.959140
PAY006949,CUST5266,17652,UPI,Quarterly,SUCCESS,,1,Approved,0,2026-07-09 17:58:38.959140
PAY006950,CUST6756,10429,UPI,Monthly,SUCCESS,,2,Approved,0,2026-05-24 20:03:38.959140
PAY006951,CUST8057,20311,UPI,Monthly,SUCCESS,,0,Approved,0,2026-07-08 06:59:38.959140
PAY006952,CUST8443,23758,Credit Card,Annual,SUCCESS,,2,Approved,0,2026-07-28 05:05:38.959140
PAY006953,CUST1017,10853,Credit Card,Monthly,SUCCESS,,1,Approved,0,2026-07-31 17:44:38.959140
PAY006954,CUST4733,9040,Wallet,Quarterly,SUCCESS,,3,Approved,0,2026-05-05 02:55:38.959140
PAY006955,CUST1269,24951,Debit Card,Quarterly,SUCCESS,,1,Approved,0,2026-06-17 09:19:38.959140
PAY006956,CUST4452,2103,UPI,Annual,SUCCESS,,1,Approved,0,2026-07-29 17:28:38.959140
PAY006957,CUST9134,1666,Credit Card,Monthly,SUCCESS,,3,Approved,0,2026-06-19 18:47:38.959140
PAY006958,CUST4930,11314,Debit Card,Annual,FAILED,Insufficient Funds,1,Approved,1,2026-06-23 17:17:38.959140
PAY006959,CUST4050,20823,Wallet,Monthly,SUCCESS,,1,Approved,0,2026-08-28 22:35:38.959140
PAY006960,CUST7024,4758,Debit Card,Annual,FAILED,User Cancelled,0,Timeout,0,2026-08-19 11:27:38.959140
PAY006961,CUST7300,4937,Debit Card,Annual,FAILED,UPI Failure,2,Timeout,1,2026-06-28 07:15:38.959140
PAY006962,CUST4980,18002,Wallet,Annual,FAILED,Network Error,1,Blocked,1,2026-08-08 16:21:38.959140
PAY006963,CUST9839,6899,Wallet,Annual,FAILED,User Cancelled,0,Approved,0,2026-03-15 04:03:38.959140
PAY006964,CUST4060,14678,Wallet,Monthly,SUCCESS,,3,Approved,0,2026-06-14 10:08:38.959140
PAY006965,CUST3950,18641,Wallet,Monthly,SUCCESS,,2,Approved,0,2026-06-05 14:25:38.959140
PAY006966,CUST2166,17086,Wallet,Annual,SUCCESS,,1,Approved,0,2026-03-12 00:10:38.959140
PAY006967,CUST1290,11940,Net Banking,Quarterly,SUCCESS,,2,Approved,0,2026-05-22 09:15:38.959140
PAY006968,CUST6232,13846,Net Banking,Annual,SUCCESS,,1,Approved,0,2026-07-09 15:30:38.959140
PAY006969,CUST2628,6954,Wallet,Annual,SUCCESS,,1,Approved,0,2026-05-30 06:25:38.959140
PAY006970,CUST6377,11786,UPI,Annual,SUCCESS,,3,Approved,0,2026-08-06 12:56:38.959140
PAY006971,CUST8956,1143,Debit Card,Annual,SUCCESS,,1,Approved,0,2026-03-16 02:12:38.959140
PAY006972,CUST5710,1594,Credit Card,Annual,FAILED,Insufficient Funds,2,Processing Error,1,2026-05-21 16:33:38.959140
PAY006973,CUST9732,13170,Debit Card,Quarterly,SUCCESS,,2,Approved,0,2026-08-24 05:00:38.959140
PAY006974,CUST5184,6329,Debit Card,Monthly,FAILED,Bank Timeout,1,Timeout,1,2026-03-17 08:15:38.959140
PAY006975,CUST8926,7816,UPI,Annual,SUCCESS,,0,Approved,0,2026-06-22 07:45:38.959140
PAY006976,CUST2107,24642,Credit Card,Monthly,SUCCESS,,0,Approved,0,2026-03-31 18:59:38.959140
PAY006977,CUST2179,24914,Net Banking,Annual,FAILED,Bank Timeout,3,Blocked,1,2026-06-06 16:38:38.959140
PAY006978,CUST7427,8378,Net Banking,Annual,FAILED,Invalid CVV,1,Approved,0,2026-08-19 09:42:38.959140
PAY006979,CUST9007,15939,Wallet,Monthly,SUCCESS,,0,Approved,0,2026-03-15 02:46:38.959140
PAY006980,CUST7007,14614,Credit Card,Annual,SUCCESS,,2,Approved,0,2026-05-25 07:33:38.959140
PAY006981,CUST4158,17915,UPI,Annual,SUCCESS,,1,Approved,0,2026-03-29 04:05:38.959140
PAY006982,CUST9599,24232,Credit Card,Monthly,SUCCESS,,3,Approved,0,2026-03-24 08:59:38.959140
PAY006983,CUST9065,5287,Debit Card,Monthly,SUCCESS,,0,Approved,0,2026-03-20 14:49:38.959140
PAY006984,CUST1617,12655,Wallet,Quarterly,FAILED,Fraud Suspected,3,Declined,0,2026-07-17 07:08:38.959140
PAY006985,CUST4852,9823,UPI,Quarterly,SUCCESS,,1,Approved,0,2026-06-19 01:23:38.959140
PAY006986,CUST5926,7054,Net Banking,Annual,SUCCESS,,1,Approved,0,2026-08-11 18:37:38.959140
PAY006987,CUST1624,9299,Net Banking,Monthly,SUCCESS,,3,Approved,0,2026-03-30 20:39:38.959140
PAY006988,CUST8424,2107,Wallet,Annual,FAILED,Network Error,3,Processing Error,1,2026-05-31 11:45:38.959140
PAY006989,CUST2931,5490,UPI,Monthly,FAILED,Card Expired,0,Blocked,0,2026-04-25 08:07:38.959140
PAY006990,CUST5214,20024,Net Banking,Annual,SUCCESS,,0,Approved,0,2026-06-09 12:17:38.959140
PAY006991,CUST8472,17566,UPI,Annual,FAILED,Card Expired,0,Approved,0,2026-07-20 00:59:38.959140
PAY006992,CUST8021,12901,Debit Card,Annual,SUCCESS,,2,Approved,0,2026-06-02 10:38:38.959140
PAY006993,CUST1348,14993,Credit Card,Annual,SUCCESS,,2,Approved,0,2026-05-30 16:42:38.959140
PAY006994,CUST6246,20691,Wallet,Annual,SUCCESS,,3,Approved,0,2026-08-15 07:18:38.959140
PAY006995,CUST4562,16129,Net Banking,Annual,FAILED,Insufficient Funds,0,Blocked,1,2026-08-08 12:39:38.959140
PAY006996,CUST3658,23568,Credit Card,Monthly,SUCCESS,,3,Approved,0,2026-05-06 01:15:38.959140
PAY006997,CUST4506,9569,Credit Card,Quarterly,SUCCESS,,2,Approved,0,2026-08-09 14:40:38.959140
PAY006998,CUST8585,911,UPI,Monthly,FAILED,Bank Timeout,2,Approved,1,2026-06-29 04:31:38.959140
PAY006999,CUST6530,12965,Debit Card,Quarterly,SUCCESS,,3,Approved,0,2026-05-12 10:16:38.959140
PAY007000,CUST5761,23328,UPI,Quarterly,SUCCESS,,3,Approved,0,2026-08-03 08:05:38.959140
PAY007001,CUST2705,4670,Net Banking,Monthly,SUCCESS,,2,Approved,0,2026-03-24 11:40:38.959140
PAY007002,CUST9305,20895,Credit Card,Monthly,FAILED,Network Error,1,Timeout,1,2026-03-19 09:28:38.959140
PAY007003,CUST5066,5842,UPI,Annual,SUCCESS,,3,Approved,0,2026-04-19 18:49:38.959140
PAY007004,CUST9446,1833,Net Banking,Annual,FAILED,Insufficient Funds,2,Blocked,1,2026-06-18 13:01:38.959140
PAY007005,CUST1339,5547,Debit Card,Quarterly,SUCCESS,,2,Approved,0,2026-06-09 05:01:38.959140
PAY007006,CUST6219,7690,Net Banking,Quarterly,SUCCESS,,0,Approved,0,2026-05-21 05:16:38.959140
PAY007007,CUST2753,3373,Net Banking,Annual,SUCCESS,,1,Approved,0,2026-05-29 20:26:38.959140
PAY007008,CUST8436,18602,Net Banking,Quarterly,SUCCESS,,0,Approved,0,2026-08-11 17:27:38.959140
PAY007009,CUST7852,12139,Net Banking,Monthly,FAILED,User Cancelled,1,Declined,0,2026-03-25 07:41:38.959140
PAY007010,CUST1107,14897,Net Banking,Annual,FAILED,Insufficient Funds,0,Processing Error,1,2026-03-23 00:49:38.959140
PAY007011,CUST7867,21227,Debit Card,Monthly,SUCCESS,,3,Approved,0,2026-04-28 16:45:38.959140
PAY007012,CUST6093,7806,Net Banking,Annual,SUCCESS,,2,Approved,0,2026-08-16 01:35:38.959140
PAY007013,CUST4043,6371,Debit Card,Monthly,SUCCESS,,3,Approved,0,2026-05-01 22:12:38.959140
PAY007014,CUST9049,14656,Net Banking,Monthly,SUCCESS,,3,Approved,0,2026-06-15 19:24:38.959140
PAY007015,CUST7357,18860,Net Banking,Monthly,SUCCESS,,2,Approved,0,2026-03-25 21:37:38.959140
PAY007016,CUST8871,5377,UPI,Monthly,SUCCESS,,1,Approved,0,2026-07-07 07:54:38.959140
PAY007017,CUST6782,23839,UPI,Annual,SUCCESS,,0,Approved,0,2026-08-17 08:04:38.959140
PAY007018,CUST2599,21270,Wallet,Annual,SUCCESS,,0,Approved,0,2026-05-12 17:25:38.959140
PAY007019,CUST6029,23967,Net Banking,Quarterly,FAILED,Network Error,1,Approved,1,2026-04-04 10:32:38.959140
PAY007020,CUST2498,23617,Debit Card,Annual,SUCCESS,,3,Approved,0,2026-03-23 12:13:38.959140
PAY007021,CUST9275,20042,Debit Card,Monthly,FAILED,Network Error,2,Declined,1,2026-07-12 19:27:38.959140
PAY007022,CUST4034,24896,Wallet,Annual,SUCCESS,,0,Approved,0,2026-05-27 21:11:38.959140
PAY007023,CUST1877,2952,Credit Card,Monthly,FAILED,Invalid CVV,2,Processing Error,0,2026-07-18 19:23:38.959140
PAY007024,CUST4530,18963,Debit Card,Monthly,FAILED,Card Expired,0,Blocked,0,2026-05-12 18:20:38.959140
PAY007025,CUST5090,18692,Debit Card,Quarterly,SUCCESS,,1,Approved,0,2026-05-22 23:14:38.959140
PAY007026,CUST5076,22787,Debit Card,Quarterly,SUCCESS,,3,Approved,0,2026-05-29 10:24:38.959140
PAY007027,CUST7953,23078,Net Banking,Quarterly,SUCCESS,,2,Approved,0,2026-03-26 22:20:38.959140
PAY007028,CUST5755,17688,Credit Card,Monthly,SUCCESS,,3,Approved,0,2026-07-23 11:00:38.959140
PAY007029,CUST3137,9472,Wallet,Annual,SUCCESS,,3,Approved,0,2026-05-03 16:09:38.959140
PAY007030,CUST5945,12906,Wallet,Quarterly,SUCCESS,,1,Approved,0,2026-07-20 13:53:38.959140
PAY007031,CUST6498,23666,UPI,Quarterly,SUCCESS,,1,Approved,0,2026-06-24 01:27:38.959140
PAY007032,CUST6114,18454,Debit Card,Quarterly,SUCCESS,,0,Approved,0,2026-06-19 02:33:38.959140
PAY007033,CUST8177,5157,Net Banking,Monthly,SUCCESS,,3,Approved,0,2026-04-04 06:16:38.959140
PAY007034,CUST2575,6234,Credit Card,Annual,SUCCESS,,2,Approved,0,2026-06-12 16:26:38.959140
PAY007035,CUST5357,18462,UPI,Quarterly,FAILED,Invalid CVV,3,Declined,0,2026-05-20 09:48:38.959140
PAY007036,CUST8661,20509,Net Banking,Quarterly,FAILED,Fraud Suspected,3,Timeout,0,2026-08-14 15:48:38.959140
PAY007037,CUST7571,4327,Wallet,Quarterly,SUCCESS,,2,Approved,0,2026-05-21 18:56:38.959140
PAY007038,CUST8809,3861,Debit Card,Monthly,FAILED,Bank Timeout,3,Approved,1,2026-06-25 16:51:38.959140
PAY007039,CUST3352,8210,Wallet,Quarterly,SUCCESS,,2,Approved,0,2026-07-12 23:43:38.959140
PAY007040,CUST6359,21149,UPI,Annual,SUCCESS,,3,Approved,0,2026-03-15 02:39:38.959140
PAY007041,CUST6448,14504,Wallet,Monthly,SUCCESS,,2,Approved,0,2026-07-12 03:05:38.959140
PAY007042,CUST8530,13845,Wallet,Quarterly,SUCCESS,,2,Approved,0,2026-06-15 03:17:38.959140
PAY007043,CUST3929,17978,Net Banking,Quarterly,SUCCESS,,1,Approved,0,2026-03-31 10:54:38.959140
PAY007044,CUST6736,17655,Wallet,Quarterly,SUCCESS,,1,Approved,0,2026-04-14 13:47:38.959140
PAY007045,CUST5196,20978,Debit Card,Monthly,SUCCESS,,1,Approved,0,2026-08-24 07:29:38.959140
PAY007046,CUST1253,24902,Credit Card,Quarterly,SUCCESS,,0,Approved,0,2026-05-19 05:37:38.959140
PAY007047,CUST6102,10231,Net Banking,Monthly,FAILED,Invalid CVV,0,Timeout,0,2026-06-06 11:51:38.959140
PAY007048,CUST2635,3333,Debit Card,Annual,FAILED,Card Expired,0,Approved,0,2026-07-05 04:06:38.959140
PAY007049,CUST9297,7386,Credit Card,Quarterly,FAILED,Bank Timeout,0,Blocked,1,2026-07-02 08:55:38.959140
PAY007050,CUST2622,9330,Credit Card,Quarterly,SUCCESS,,0,Approved,0,2026-07-10 12:51:38.959140
PAY007051,CUST2722,4537,Debit Card,Quarterly,SUCCESS,,3,Approved,0,2026-06-06 23:22:38.959140
PAY007052,CUST1073,11177,Wallet,Monthly,SUCCESS,,1,Approved,0,2026-08-07 10:59:38.959140
PAY007053,CUST5135,9332,UPI,Annual,SUCCESS,,2,Approved,0,2026-06-06 12:56:38.959140
PAY007054,CUST9812,6400,Wallet,Annual,SUCCESS,,0,Approved,0,2026-08-01 05:21:38.959140
PAY007055,CUST7592,18651,Debit Card,Monthly,SUCCESS,,0,Approved,0,2026-08-13 18:18:38.959140
PAY007056,CUST5840,12847,UPI,Monthly,SUCCESS,,2,Approved,0,2026-06-18 23:46:38.959140
PAY007057,CUST5125,8130,Debit Card,Monthly,SUCCESS,,3,Approved,0,2026-05-25 09:39:38.959140
PAY007058,CUST9596,21069,UPI,Monthly,FAILED,UPI Failure,2,Declined,1,2026-06-18 20:29:38.959140
PAY007059,CUST3923,12709,Net Banking,Monthly,SUCCESS,,2,Approved,0,2026-05-25 05:17:38.959140
PAY007060,CUST9612,18266,Wallet,Annual,FAILED,Insufficient Funds,0,Approved,1,2026-05-15 06:11:38.959140
PAY007061,CUST1007,23003,Debit Card,Monthly,SUCCESS,,1,Approved,0,2026-03-09 19:27:38.959140
PAY007062,CUST9583,5137,Net Banking,Annual,SUCCESS,,3,Approved,0,2026-08-14 07:38:38.959140
PAY007063,CUST4123,23841,UPI,Quarterly,SUCCESS,,1,Approved,0,2026-03-19 02:33:38.959140
PAY007064,CUST7948,17872,Wallet,Annual,SUCCESS,,0,Approved,0,2026-08-20 13:47:38.959140
PAY007065,CUST8657,5548,Net Banking,Annual,SUCCESS,,1,Approved,0,2026-08-15 17:51:38.959140
PAY007066,CUST2132,3796,Debit Card,Annual,SUCCESS,,2,Approved,0,2026-04-27 19:00:38.959140
PAY007067,CUST1042,19053,Credit Card,Quarterly,SUCCESS,,0,Approved,0,2026-05-29 20:57:38.959140
PAY007068,CUST6050,20403,Credit Card,Annual,SUCCESS,,1,Approved,0,2026-08-08 05:30:38.959140
PAY007069,CUST4894,7198,Debit Card,Annual,SUCCESS,,2,Approved,0,2026-06-15 17:31:38.959140
PAY007070,CUST9857,12893,Net Banking,Annual,SUCCESS,,1,Approved,0,2026-06-19 15:29:38.959140
PAY007071,CUST2449,20276,UPI,Annual,SUCCESS,,2,Approved,0,2026-05-12 17:25:38.959140
PAY007072,CUST4928,24559,Debit Card,Quarterly,SUCCESS,,1,Approved,0,2026-08-27 22:47:38.959140
PAY007073,CUST4621,16619,Debit Card,Quarterly,FAILED,Bank Timeout,2,Blocked,1,2026-05-31 17:30:38.959140
PAY007074,CUST8121,21320,UPI,Annual,SUCCESS,,0,Approved,0,2026-08-18 08:43:38.959140
PAY007075,CUST8999,11572,Debit Card,Monthly,SUCCESS,,2,Approved,0,2026-08-22 12:15:38.959140
PAY007076,CUST7707,20947,UPI,Quarterly,SUCCESS,,1,Approved,0,2026-06-24 15:57:38.959140
PAY007077,CUST5876,19807,UPI,Quarterly,SUCCESS,,0,Approved,0,2026-07-31 12:34:38.959140
PAY007078,CUST1690,10838,Credit Card,Quarterly,SUCCESS,,1,Approved,0,2026-07-06 12:13:38.959140
PAY007079,CUST6378,16745,Debit Card,Annual,SUCCESS,,0,Approved,0,2026-04-28 20:01:38.959140
PAY007080,CUST3649,2426,Wallet,Quarterly,SUCCESS,,0,Approved,0,2026-06-03 22:42:38.959140
PAY007081,CUST8924,17010,Debit Card,Annual,SUCCESS,,2,Approved,0,2026-06-15 09:12:38.959140
PAY007082,CUST4012,1544,Wallet,Annual,SUCCESS,,1,Approved,0,2026-05-25 10:07:38.959140
PAY007083,CUST1350,11456,UPI,Annual,FAILED,UPI Failure,0,Declined,1,2026-08-17 23:02:38.959140
PAY007084,CUST1338,836,UPI,Annual,SUCCESS,,2,Approved,0,2026-05-31 23:09:38.959140
PAY007085,CUST6267,9445,Credit Card,Annual,FAILED,User Cancelled,1,Processing Error,0,2026-07-26 15:29:38.959140
PAY007086,CUST9195,4321,UPI,Annual,FAILED,User Cancelled,2,Processing Error,0,2026-05-11 09:30:38.959140
PAY007087,CUST1217,8898,UPI,Monthly,SUCCESS,,3,Approved,0,2026-08-05 16:54:38.959140
PAY007088,CUST4458,21506,Net Banking,Monthly,SUCCESS,,0,Approved,0,2026-04-02 01:13:38.959140
PAY007089,CUST5676,6234,Net Banking,Annual,SUCCESS,,2,Approved,0,2026-06-30 19:00:38.959140
PAY007090,CUST1651,4536,Net Banking,Annual,SUCCESS,,2,Approved,0,2026-03-30 22:26:38.959140
PAY007091,CUST5412,4653,Net Banking,Monthly,SUCCESS,,2,Approved,0,2026-07-14 05:09:38.959140
PAY007092,CUST8939,11880,Credit Card,Quarterly,SUCCESS,,3,Approved,0,2026-07-13 05:56:38.959140
PAY007093,CUST7329,15971,Credit Card,Monthly,SUCCESS,,2,Approved,0,2026-06-01 04:36:38.959140
PAY007094,CUST9791,17512,Wallet,Monthly,FAILED,UPI Failure,1,Declined,1,2026-05-09 11:26:38.959140
PAY007095,CUST5375,3195,Net Banking,Quarterly,FAILED,Invalid CVV,0,Declined,0,2026-03-16 12:41:38.959140
PAY007096,CUST1235,22212,Debit Card,Monthly,SUCCESS,,0,Approved,0,2026-06-09 17:07:38.959140
PAY007097,CUST1252,5144,Debit Card,Annual,SUCCESS,,1,Approved,0,2026-04-14 06:08:38.959140
PAY007098,CUST4519,11379,Net Banking,Annual,SUCCESS,,3,Approved,0,2026-04-24 03:58:38.959140
PAY007099,CUST6639,24704,Net Banking,Quarterly,FAILED,UPI Failure,1,Processing Error,1,2026-08-26 05:47:38.959140
PAY007100,CUST9338,11470,Net Banking,Annual,SUCCESS,,1,Approved,0,2026-05-09 05:09:38.959140
PAY007101,CUST7982,12687,Net Banking,Quarterly,SUCCESS,,2,Approved,0,2026-03-14 06:08:38.959140
PAY007102,CUST6077,16514,Wallet,Quarterly,FAILED,Bank Timeout,3,Processing Error,1,2026-06-13 09:37:38.959140
PAY007103,CUST3879,1572,Debit Card,Quarterly,SUCCESS,,0,Approved,0,2026-03-19 14:04:38.959140
PAY007104,CUST5084,21105,Credit Card,Quarterly,SUCCESS,,2,Approved,0,2026-05-10 19:12:38.959140
PAY007105,CUST5350,16801,Wallet,Quarterly,SUCCESS,,2,Approved,0,2026-04-03 14:26:38.959140
PAY007106,CUST2937,297,Debit Card,Quarterly,SUCCESS,,2,Approved,0,2026-08-05 18:15:38.959140
PAY007107,CUST4208,21934,Net Banking,Monthly,SUCCESS,,3,Approved,0,2026-04-17 09:30:38.959140
PAY007108,CUST2075,11071,Wallet,Monthly,SUCCESS,,0,Approved,0,2026-08-12 00:57:38.959140
PAY007109,CUST9762,21343,Net Banking,Quarterly,SUCCESS,,0,Approved,0,2026-04-14 19:32:38.959140
PAY007110,CUST5577,11510,Credit Card,Monthly,SUCCESS,,2,Approved,0,2026-06-20 10:43:38.959140
PAY007111,CUST3486,3480,Debit Card,Monthly,SUCCESS,,1,Approved,0,2026-04-23 14:40:38.959140
PAY007112,CUST8569,20236,UPI,Monthly,SUCCESS,,3,Approved,0,2026-08-11 00:28:38.959140
PAY007113,CUST8549,3636,Debit Card,Monthly,SUCCESS,,3,Approved,0,2026-05-29 04:07:38.959140
PAY007114,CUST9515,8750,Debit Card,Annual,SUCCESS,,0,Approved,0,2026-08-14 11:08:38.959140
PAY007115,CUST7809,3354,Wallet,Quarterly,SUCCESS,,2,Approved,0,2026-04-19 11:04:38.959140
PAY007116,CUST6009,19905,Net Banking,Quarterly,SUCCESS,,1,Approved,0,2026-07-03 13:22:38.959140
PAY007117,CUST9284,17032,Net Banking,Monthly,SUCCESS,,1,Approved,0,2026-07-18 00:33:38.959140
PAY007118,CUST9625,24259,Net Banking,Quarterly,SUCCESS,,0,Approved,0,2026-07-15 08:14:38.959140
PAY007119,CUST1913,23927,Wallet,Quarterly,SUCCESS,,2,Approved,0,2026-06-13 02:27:38.959140
PAY007120,CUST6211,20359,Credit Card,Annual,SUCCESS,,3,Approved,0,2026-07-03 07:18:38.959140
PAY007121,CUST1594,22848,UPI,Quarterly,SUCCESS,,3,Approved,0,2026-08-09 05:08:38.959140
PAY007122,CUST1325,2221,Debit Card,Quarterly,SUCCESS,,1,Approved,0,2026-05-25 05:53:38.959140
PAY007123,CUST3292,16158,Wallet,Quarterly,SUCCESS,,2,Approved,0,2026-03-21 02:37:38.959140
PAY007124,CUST6259,20453,Debit Card,Annual,FAILED,UPI Failure,2,Processing Error,1,2026-06-15 16:42:38.959140
PAY007125,CUST1569,3181,Net Banking,Annual,FAILED,Card Expired,1,Declined,0,2026-05-24 11:43:38.959140
PAY007126,CUST9523,6970,Credit Card,Quarterly,SUCCESS,,0,Approved,0,2026-07-30 00:45:38.959140
PAY007127,CUST4865,10160,Debit Card,Quarterly,SUCCESS,,0,Approved,0,2026-04-09 22:33:38.959140
PAY007128,CUST7058,5749,Wallet,Monthly,SUCCESS,,1,Approved,0,2026-04-10 22:06:38.959140
PAY007129,CUST2270,6034,UPI,Quarterly,FAILED,User Cancelled,2,Processing Error,0,2026-05-12 01:36:38.959140
PAY007130,CUST2682,23018,Debit Card,Annual,FAILED,Network Error,3,Timeout,1,2026-04-27 22:50:38.959140
PAY007131,CUST9123,13588,UPI,Monthly,SUCCESS,,1,Approved,0,2026-04-03 03:48:38.959140
PAY007132,CUST1545,15325,Credit Card,Annual,SUCCESS,,2,Approved,0,2026-07-03 04:59:38.959140
PAY007133,CUST8939,1556,Net Banking,Monthly,SUCCESS,,3,Approved,0,2026-03-10 07:48:38.959140
PAY007134,CUST1033,9070,Credit Card,Annual,FAILED,Fraud Suspected,1,Processing Error,0,2026-04-16 14:22:38.959140
PAY007135,CUST7522,24586,Debit Card,Monthly,FAILED,Network Error,3,Timeout,1,2026-04-16 16:15:38.959140
PAY007136,CUST9966,21015,Net Banking,Monthly,SUCCESS,,1,Approved,0,2026-06-25 15:32:38.959140
PAY007137,CUST5407,10937,Credit Card,Quarterly,FAILED,User Cancelled,1,Approved,0,2026-03-27 00:42:38.959140
PAY007138,CUST9312,3222,Debit Card,Monthly,FAILED,Network Error,3,Processing Error,1,2026-04-02 14:17:38.959140
PAY007139,CUST6958,24492,Credit Card,Quarterly,SUCCESS,,2,Approved,0,2026-06-15 08:59:38.959140
PAY007140,CUST5027,24713,Debit Card,Quarterly,SUCCESS,,1,Approved,0,2026-08-06 10:22:38.959140
PAY007141,CUST1582,5137,Debit Card,Annual,SUCCESS,,1,Approved,0,2026-04-25 11:46:38.959140
PAY007142,CUST2899,7870,Credit Card,Annual,FAILED,Invalid CVV,0,Approved,0,2026-07-26 20:30:38.959140
PAY007143,CUST9697,8826,Wallet,Monthly,SUCCESS,,2,Approved,0,2026-07-07 05:26:38.959140
PAY007144,CUST5390,20892,UPI,Annual,SUCCESS,,1,Approved,0,2026-04-14 12:58:38.959140
PAY007145,CUST4694,24740,Credit Card,Quarterly,SUCCESS,,2,Approved,0,2026-05-25 01:07:38.959140
PAY007146,CUST9341,11820,Debit Card,Annual,SUCCESS,,3,Approved,0,2026-04-22 11:12:38.959140
PAY007147,CUST5270,17328,Credit Card,Annual,SUCCESS,,1,Approved,0,2026-06-19 02:48:38.959140
PAY007148,CUST7382,14476,Wallet,Annual,SUCCESS,,2,Approved,0,2026-06-14 06:17:38.959140
PAY007149,CUST4416,11411,Credit Card,Annual,SUCCESS,,2,Approved,0,2026-06-06 16:47:38.959140
PAY007150,CUST7362,20537,UPI,Annual,SUCCESS,,1,Approved,0,2026-05-22 17:19:38.959140
PAY007151,CUST8470,428,Debit Card,Monthly,SUCCESS,,2,Approved,0,2026-04-24 15:39:38.959140
PAY007152,CUST7756,10408,Net Banking,Quarterly,SUCCESS,,0,Approved,0,2026-05-09 10:46:38.959140
PAY007153,CUST9763,17001,Net Banking,Annual,FAILED,Invalid CVV,0,Timeout,0,2026-07-05 07:34:38.959140
PAY007154,CUST4308,24633,Credit Card,Quarterly,SUCCESS,,1,Approved,0,2026-04-08 14:54:38.959140
PAY007155,CUST2003,8358,Net Banking,Monthly,SUCCESS,,1,Approved,0,2026-03-13 02:30:38.959140
PAY007156,CUST1609,18912,Net Banking,Annual,SUCCESS,,0,Approved,0,2026-08-14 16:58:38.959140
PAY007157,CUST4967,3399,Debit Card,Annual,SUCCESS,,1,Approved,0,2026-05-18 07:20:38.959140
PAY007158,CUST5935,22107,Credit Card,Monthly,SUCCESS,,0,Approved,0,2026-08-10 15:40:38.959140
PAY007159,CUST4543,5144,Credit Card,Annual,FAILED,Bank Timeout,3,Declined,1,2026-03-29 14:38:38.959140
PAY007160,CUST3156,4051,Debit Card,Quarterly,SUCCESS,,2,Approved,0,2026-03-10 03:52:38.959140
PAY007161,CUST3559,4871,Credit Card,Quarterly,SUCCESS,,2,Approved,0,2026-07-22 04:40:38.959140
PAY007162,CUST3154,4970,UPI,Monthly,SUCCESS,,1,Approved,0,2026-07-13 15:46:38.959140
PAY007163,CUST9624,6347,Wallet,Monthly,SUCCESS,,1,Approved,0,2026-05-30 06:47:38.959140
PAY007164,CUST4863,22121,Debit Card,Monthly,SUCCESS,,1,Approved,0,2026-04-26 23:58:38.959140
PAY007165,CUST4822,16099,Debit Card,Monthly,SUCCESS,,0,Approved,0,2026-07-17 19:23:38.959140
PAY007166,CUST7731,19896,Credit Card,Annual,FAILED,Card Expired,2,Processing Error,0,2026-05-18 02:14:38.959140
PAY007167,CUST8998,24233,Net Banking,Quarterly,SUCCESS,,2,Approved,0,2026-05-23 01:22:38.959140
PAY007168,CUST6945,17707,Credit Card,Quarterly,SUCCESS,,3,Approved,0,2026-06-01 05:53:38.959140
PAY007169,CUST4100,9112,UPI,Annual,SUCCESS,,0,Approved,0,2026-06-18 06:12:38.959140
PAY007170,CUST5030,19675,Credit Card,Quarterly,SUCCESS,,0,Approved,0,2026-05-20 04:23:38.959140
PAY007171,CUST2998,15996,Debit Card,Quarterly,SUCCESS,,1,Approved,0,2026-08-22 10:38:38.959140
PAY007172,CUST2128,23824,Net Banking,Annual,SUCCESS,,1,Approved,0,2026-05-25 12:20:38.959140
PAY007173,CUST6263,6580,Wallet,Annual,FAILED,Bank Timeout,3,Timeout,1,2026-04-12 20:19:38.959140
PAY007174,CUST8452,15522,Credit Card,Annual,SUCCESS,,3,Approved,0,2026-08-14 06:17:38.959140
PAY007175,CUST9232,6072,Credit Card,Monthly,SUCCESS,,2,Approved,0,2026-04-14 03:54:38.959140
PAY007176,CUST4048,5544,Credit Card,Annual,SUCCESS,,1,Approved,0,2026-04-08 23:25:38.959140
PAY007177,CUST3676,6547,Credit Card,Quarterly,FAILED,User Cancelled,0,Declined,0,2026-04-14 15:16:38.959140
PAY007178,CUST8951,1014,UPI,Annual,SUCCESS,,3,Approved,0,2026-04-05 02:46:38.959140
PAY007179,CUST5903,9643,UPI,Monthly,FAILED,Card Expired,0,Timeout,0,2026-08-16 12:51:38.959140
PAY007180,CUST3536,5355,Debit Card,Quarterly,SUCCESS,,1,Approved,0,2026-06-25 06:07:38.959140
PAY007181,CUST4612,22228,Wallet,Annual,SUCCESS,,0,Approved,0,2026-06-12 21:38:38.959140
PAY007182,CUST5580,22949,Net Banking,Monthly,SUCCESS,,2,Approved,0,2026-03-16 02:25:38.959140
PAY007183,CUST8521,20205,Debit Card,Monthly,SUCCESS,,1,Approved,0,2026-04-14 14:15:38.959140
PAY007184,CUST4838,6546,Credit Card,Annual,SUCCESS,,2,Approved,0,2026-06-18 10:31:38.959140
PAY007185,CUST2305,16760,Wallet,Monthly,SUCCESS,,2,Approved,0,2026-07-31 05:01:38.959140
PAY007186,CUST8900,1156,Debit Card,Annual,SUCCESS,,2,Approved,0,2026-05-10 17:55:38.959140
PAY007187,CUST8815,16770,Credit Card,Monthly,SUCCESS,,1,Approved,0,2026-05-11 16:09:38.959140
PAY007188,CUST1093,22975,Net Banking,Monthly,SUCCESS,,1,Approved,0,2026-03-12 08:26:38.959140
PAY007189,CUST5972,2394,Wallet,Quarterly,SUCCESS,,3,Approved,0,2026-06-27 13:47:38.959140
PAY007190,CUST6735,15053,Credit Card,Annual,SUCCESS,,2,Approved,0,2026-06-02 16:52:38.959140
PAY007191,CUST7008,8909,Net Banking,Quarterly,SUCCESS,,1,Approved,0,2026-07-22 12:06:38.959140
PAY007192,CUST3234,21005,Credit Card,Quarterly,SUCCESS,,3,Approved,0,2026-06-21 19:36:38.959140
PAY007193,CUST3132,21745,Debit Card,Annual,FAILED,Bank Timeout,0,Timeout,1,2026-07-23 15:46:38.959140
PAY007194,CUST2811,8755,UPI,Quarterly,SUCCESS,,0,Approved,0,2026-08-01 16:55:38.959140
PAY007195,CUST5968,13549,UPI,Monthly,SUCCESS,,1,Approved,0,2026-07-06 17:44:38.959140
PAY007196,CUST9313,13473,UPI,Annual,SUCCESS,,3,Approved,0,2026-05-25 10:05:38.959140
PAY007197,CUST7591,8792,Debit Card,Quarterly,FAILED,User Cancelled,0,Blocked,0,2026-07-22 07:50:38.959140
PAY007198,CUST5368,6665,Credit Card,Quarterly,SUCCESS,,3,Approved,0,2026-08-06 08:23:38.959140
PAY007199,CUST8047,10745,Debit Card,Quarterly,FAILED,Bank Timeout,1,Approved,1,2026-07-17 23:45:38.959140
PAY007200,CUST5832,24101,Credit Card,Quarterly,FAILED,Invalid CVV,1,Approved,0,2026-04-04 07:55:38.959140
PAY007201,CUST3447,22888,Debit Card,Monthly,FAILED,Card Expired,1,Timeout,0,2026-06-04 21:38:38.959140
PAY007202,CUST5054,1508,UPI,Annual,FAILED,Invalid CVV,0,Blocked,0,2026-05-09 19:31:38.959140
PAY007203,CUST3679,24254,Debit Card,Monthly,FAILED,Card Expired,2,Declined,0,2026-04-22 15:10:38.959140
PAY007204,CUST8278,13266,Debit Card,Quarterly,SUCCESS,,2,Approved,0,2026-06-24 13:31:38.959140
PAY007205,CUST7247,2122,Debit Card,Quarterly,SUCCESS,,3,Approved,0,2026-05-28 14:16:38.959140
PAY007206,CUST8646,13651,UPI,Quarterly,SUCCESS,,1,Approved,0,2026-03-16 12:56:38.959140
PAY007207,CUST2133,24168,UPI,Monthly,SUCCESS,,0,Approved,0,2026-07-21 00:14:38.959140
PAY007208,CUST7418,9601,Wallet,Annual,SUCCESS,,0,Approved,0,2026-05-16 12:10:38.959140
PAY007209,CUST9343,4320,Net Banking,Quarterly,SUCCESS,,0,Approved,0,2026-03-30 06:37:38.959140
PAY007210,CUST5578,21493,Debit Card,Annual,SUCCESS,,0,Approved,0,2026-03-14 10:43:38.959140
PAY007211,CUST3777,1889,Credit Card,Annual,SUCCESS,,0,Approved,0,2026-05-28 18:39:38.959140
PAY007212,CUST5640,9714,Wallet,Annual,SUCCESS,,1,Approved,0,2026-03-15 09:39:38.959140
PAY007213,CUST1927,23460,Debit Card,Monthly,SUCCESS,,3,Approved,0,2026-05-01 10:36:38.959140
PAY007214,CUST5497,2032,Credit Card,Monthly,SUCCESS,,3,Approved,0,2026-03-17 02:26:38.959140
PAY007215,CUST1152,11502,Credit Card,Monthly,SUCCESS,,2,Approved,0,2026-07-30 20:38:38.959140
PAY007216,CUST6185,17210,UPI,Quarterly,SUCCESS,,3,Approved,0,2026-06-17 20:37:38.959140
PAY007217,CUST6860,14210,UPI,Quarterly,SUCCESS,,3,Approved,0,2026-08-04 05:33:38.959140
PAY007218,CUST2179,17216,Debit Card,Quarterly,SUCCESS,,1,Approved,0,2026-05-11 17:01:38.959140
PAY007219,CUST3155,11606,Net Banking,Quarterly,SUCCESS,,0,Approved,0,2026-04-27 04:41:38.959140
PAY007220,CUST4773,5213,Wallet,Quarterly,SUCCESS,,0,Approved,0,2026-05-11 04:46:38.959140
PAY007221,CUST2298,11074,Net Banking,Monthly,SUCCESS,,0,Approved,0,2026-03-31 04:31:38.959140
PAY007222,CUST4158,15528,Debit Card,Monthly,FAILED,Network Error,0,Timeout,1,2026-04-25 09:57:38.959140
PAY007223,CUST1170,3540,Debit Card,Annual,SUCCESS,,3,Approved,0,2026-05-08 01:52:38.959140
PAY007224,CUST1590,6219,Net Banking,Monthly,FAILED,Network Error,2,Approved,1,2026-05-12 02:37:38.959140
PAY007225,CUST1112,2536,Net Banking,Monthly,SUCCESS,,1,Approved,0,2026-04-05 07:28:38.959140
PAY007226,CUST3896,1142,Debit Card,Monthly,SUCCESS,,2,Approved,0,2026-05-07 05:10:38.959140
PAY007227,CUST8020,14417,Wallet,Monthly,SUCCESS,,0,Approved,0,2026-07-22 10:59:38.959140
PAY007228,CUST1638,7643,UPI,Annual,SUCCESS,,1,Approved,0,2026-05-22 23:40:38.959140
PAY007229,CUST2218,19180,Wallet,Monthly,SUCCESS,,1,Approved,0,2026-07-30 04:27:38.959140
PAY007230,CUST9275,23206,UPI,Monthly,FAILED,Insufficient Funds,2,Approved,1,2026-07-28 10:44:38.959140
PAY007231,CUST3223,20557,Credit Card,Annual,FAILED,Card Expired,3,Blocked,0,2026-08-28 04:40:38.959140
PAY007232,CUST5208,10122,Wallet,Monthly,SUCCESS,,0,Approved,0,2026-05-09 20:45:38.959140
PAY007233,CUST3435,8772,Net Banking,Quarterly,FAILED,User Cancelled,1,Approved,0,2026-05-03 00:34:38.959140
PAY007234,CUST9725,5791,Net Banking,Annual,SUCCESS,,3,Approved,0,2026-04-23 00:15:38.959140
PAY007235,CUST5562,13000,Wallet,Monthly,SUCCESS,,3,Approved,0,2026-08-19 14:12:38.959140
PAY007236,CUST3222,1328,Net Banking,Monthly,FAILED,Bank Timeout,2,Blocked,1,2026-03-22 13:22:38.959140
PAY007237,CUST8712,6292,Net Banking,Annual,FAILED,Invalid CVV,0,Processing Error,0,2026-07-21 18:33:38.959140
PAY007238,CUST8516,21831,Wallet,Monthly,SUCCESS,,3,Approved,0,2026-05-31 17:24:38.959140
PAY007239,CUST1881,198,Wallet,Annual,SUCCESS,,1,Approved,0,2026-04-24 13:48:38.959140
PAY007240,CUST2590,20842,Debit Card,Quarterly,FAILED,Network Error,2,Declined,1,2026-03-24 22:56:38.959140
PAY007241,CUST5078,1893,Net Banking,Quarterly,SUCCESS,,1,Approved,0,2026-07-10 02:31:38.959140
PAY007242,CUST3686,23379,UPI,Monthly,SUCCESS,,3,Approved,0,2026-07-04 20:14:38.959140
PAY007243,CUST2919,5047,Credit Card,Quarterly,SUCCESS,,2,Approved,0,2026-07-21 07:56:38.959140
PAY007244,CUST7856,13244,Wallet,Quarterly,SUCCESS,,0,Approved,0,2026-08-17 07:03:38.959140
PAY007245,CUST4921,2964,Wallet,Monthly,FAILED,Fraud Suspected,0,Approved,0,2026-06-18 18:39:38.959140
PAY007246,CUST8920,6014,Credit Card,Quarterly,SUCCESS,,3,Approved,0,2026-05-19 23:53:38.959140
PAY007247,CUST4387,17421,Credit Card,Annual,SUCCESS,,3,Approved,0,2026-04-20 09:40:38.959140
PAY007248,CUST7406,11451,Net Banking,Annual,SUCCESS,,0,Approved,0,2026-05-20 00:05:38.959140
PAY007249,CUST1324,14130,Wallet,Annual,FAILED,User Cancelled,0,Timeout,0,2026-07-31 23:43:38.959140
PAY007250,CUST1797,1308,Wallet,Monthly,SUCCESS,,2,Approved,0,2026-08-08 04:01:38.959140
PAY007251,CUST4060,1509,Debit Card,Monthly,SUCCESS,,3,Approved,0,2026-07-01 17:06:38.959140
PAY007252,CUST7074,19449,Net Banking,Quarterly,SUCCESS,,0,Approved,0,2026-05-12 18:53:38.959140
PAY007253,CUST2106,2649,Credit Card,Quarterly,SUCCESS,,2,Approved,0,2026-07-28 20:32:38.959140
PAY007254,CUST7091,2256,UPI,Annual,SUCCESS,,3,Approved,0,2026-03-18 13:42:38.959140
PAY007255,CUST7536,20929,UPI,Annual,SUCCESS,,0,Approved,0,2026-05-28 22:34:38.959140
PAY007256,CUST6087,20754,Wallet,Annual,SUCCESS,,0,Approved,0,2026-07-22 20:58:38.959140
PAY007257,CUST1235,16263,Credit Card,Monthly,SUCCESS,,2,Approved,0,2026-06-28 19:59:38.959140
PAY007258,CUST2533,3168,UPI,Quarterly,FAILED,Fraud Suspected,3,Blocked,0,2026-05-29 08:18:38.959140
PAY007259,CUST1665,11005,Debit Card,Monthly,SUCCESS,,2,Approved,0,2026-03-14 00:59:38.959140
PAY007260,CUST8303,11207,Debit Card,Annual,FAILED,Card Expired,1,Timeout,0,2026-07-22 02:46:38.959140
PAY007261,CUST9820,4433,Credit Card,Annual,FAILED,User Cancelled,1,Approved,0,2026-06-30 19:31:38.959140
PAY007262,CUST7955,6581,Net Banking,Quarterly,SUCCESS,,0,Approved,0,2026-04-17 13:26:38.959140
PAY007263,CUST7482,14585,Net Banking,Quarterly,SUCCESS,,2,Approved,0,2026-08-17 10:53:38.959140
PAY007264,CUST5238,10748,Net Banking,Quarterly,FAILED,User Cancelled,0,Declined,0,2026-08-18 13:36:38.959140
PAY007265,CUST9488,4576,UPI,Monthly,SUCCESS,,3,Approved,0,2026-03-09 23:46:38.959140
PAY007266,CUST1422,17980,Credit Card,Quarterly,SUCCESS,,0,Approved,0,2026-07-26 14:52:38.959140
PAY007267,CUST5080,168,Credit Card,Monthly,SUCCESS,,0,Approved,0,2026-03-10 08:35:38.959140
PAY007268,CUST2586,7941,Net Banking,Monthly,SUCCESS,,2,Approved,0,2026-08-21 20:20:38.959140
PAY007269,CUST8602,20235,Debit Card,Quarterly,SUCCESS,,0,Approved,0,2026-06-22 19:19:38.959140
PAY007270,CUST7562,17622,Net Banking,Monthly,SUCCESS,,2,Approved,0,2026-03-30 12:18:38.959140
PAY007271,CUST6118,16439,Debit Card,Annual,SUCCESS,,3,Approved,0,2026-04-26 06:23:38.959140
PAY007272,CUST7531,7418,UPI,Quarterly,SUCCESS,,2,Approved,0,2026-07-23 09:33:38.959140
PAY007273,CUST8273,4729,Credit Card,Quarterly,FAILED,Bank Timeout,1,Processing Error,1,2026-07-13 07:32:38.959140
PAY007274,CUST1616,11255,Credit Card,Annual,SUCCESS,,2,Approved,0,2026-07-29 21:23:38.959140
PAY007275,CUST5952,24532,Net Banking,Quarterly,SUCCESS,,1,Approved,0,2026-06-13 01:13:38.959140
PAY007276,CUST2491,19259,Wallet,Annual,SUCCESS,,1,Approved,0,2026-08-21 03:47:38.959140
PAY007277,CUST5098,17824,Wallet,Annual,SUCCESS,,3,Approved,0,2026-08-21 05:29:38.959140
PAY007278,CUST2038,6389,Wallet,Monthly,FAILED,User Cancelled,3,Declined,0,2026-04-28 18:13:38.959140
PAY007279,CUST8223,17829,Net Banking,Monthly,SUCCESS,,2,Approved,0,2026-06-19 02:26:38.959140
PAY007280,CUST8228,10051,Credit Card,Quarterly,FAILED,Network Error,2,Declined,1,2026-04-25 05:25:38.959140
PAY007281,CUST6395,21265,Net Banking,Quarterly,FAILED,Insufficient Funds,0,Blocked,1,2026-06-30 18:09:38.959140
PAY007282,CUST6012,24287,Net Banking,Quarterly,SUCCESS,,3,Approved,0,2026-06-27 13:07:38.959140
PAY007283,CUST1262,3529,UPI,Monthly,FAILED,Fraud Suspected,1,Declined,0,2026-07-06 20:16:38.959140
PAY007284,CUST8982,19551,Wallet,Quarterly,SUCCESS,,1,Approved,0,2026-07-04 17:24:38.959140
PAY007285,CUST2284,6739,Debit Card,Monthly,SUCCESS,,2,Approved,0,2026-05-21 12:39:38.959140
PAY007286,CUST7606,5330,UPI,Annual,FAILED,Invalid CVV,0,Processing Error,0,2026-07-25 08:02:38.959140
PAY007287,CUST7999,13497,Debit Card,Annual,FAILED,Insufficient Funds,0,Processing Error,1,2026-03-25 22:26:38.959140
PAY007288,CUST7054,14706,Net Banking,Quarterly,FAILED,Fraud Suspected,1,Declined,0,2026-07-16 06:24:38.959140
PAY007289,CUST6400,24853,Debit Card,Annual,SUCCESS,,1,Approved,0,2026-06-19 03:53:38.959140
PAY007290,CUST5826,1459,Debit Card,Monthly,SUCCESS,,2,Approved,0,2026-07-19 05:15:38.959140
PAY007291,CUST9634,18916,Credit Card,Annual,SUCCESS,,3,Approved,0,2026-04-14 01:15:38.959140
PAY007292,CUST2962,12880,Debit Card,Quarterly,SUCCESS,,0,Approved,0,2026-06-13 01:01:38.959140
PAY007293,CUST7626,12921,Debit Card,Monthly,SUCCESS,,0,Approved,0,2026-04-03 19:44:38.959140
PAY007294,CUST2257,18314,Debit Card,Annual,SUCCESS,,1,Approved,0,2026-08-14 09:55:38.959140
PAY007295,CUST2710,825,Wallet,Monthly,FAILED,UPI Failure,3,Blocked,1,2026-03-12 19:59:38.959140
PAY007296,CUST2240,23215,Debit Card,Monthly,FAILED,Invalid CVV,3,Approved,0,2026-06-11 19:21:38.959140
PAY007297,CUST4911,20981,Debit Card,Quarterly,SUCCESS,,1,Approved,0,2026-08-22 19:56:38.959140
PAY007298,CUST5120,19962,Debit Card,Quarterly,SUCCESS,,1,Approved,0,2026-06-27 13:20:38.959140
PAY007299,CUST9534,16743,UPI,Quarterly,FAILED,UPI Failure,1,Blocked,1,2026-04-15 01:59:38.959140
PAY007300,CUST6735,24765,UPI,Quarterly,SUCCESS,,2,Approved,0,2026-04-05 03:27:38.959140
PAY007301,CUST4276,10208,Wallet,Quarterly,FAILED,Bank Timeout,1,Approved,1,2026-06-13 14:56:38.959140
PAY007302,CUST8314,2050,Debit Card,Quarterly,FAILED,Invalid CVV,0,Processing Error,0,2026-05-29 11:58:38.959140
PAY007303,CUST6221,10612,Net Banking,Annual,SUCCESS,,1,Approved,0,2026-07-24 07:36:38.959140
PAY007304,CUST4603,12674,Net Banking,Quarterly,SUCCESS,,0,Approved,0,2026-07-06 13:13:38.959140
PAY007305,CUST3961,12847,Debit Card,Quarterly,SUCCESS,,0,Approved,0,2026-04-27 19:03:38.959140
PAY007306,CUST8119,11773,Credit Card,Monthly,SUCCESS,,0,Approved,0,2026-08-08 01:49:38.959140
PAY007307,CUST2054,14409,Debit Card,Annual,SUCCESS,,3,Approved,0,2026-07-16 19:57:38.959140
PAY007308,CUST7825,22725,Debit Card,Annual,FAILED,Fraud Suspected,1,Declined,0,2026-07-15 03:11:38.959140
PAY007309,CUST8366,14635,Debit Card,Annual,SUCCESS,,1,Approved,0,2026-07-14 09:25:38.959140
PAY007310,CUST7337,6749,UPI,Quarterly,SUCCESS,,0,Approved,0,2026-07-26 14:31:38.959140
PAY007311,CUST2408,12911,Wallet,Quarterly,FAILED,UPI Failure,0,Timeout,1,2026-03-24 08:52:38.959140
PAY007312,CUST3540,23878,Debit Card,Quarterly,SUCCESS,,0,Approved,0,2026-03-20 23:30:38.959140
PAY007313,CUST7989,6726,Credit Card,Quarterly,SUCCESS,,2,Approved,0,2026-08-25 14:18:38.959140
PAY007314,CUST8840,20607,Net Banking,Quarterly,SUCCESS,,3,Approved,0,2026-06-04 17:48:38.959140
PAY007315,CUST8718,4492,UPI,Quarterly,SUCCESS,,1,Approved,0,2026-05-02 23:44:38.959140
PAY007316,CUST1106,6431,Credit Card,Annual,SUCCESS,,3,Approved,0,2026-04-28 10:00:38.959140
PAY007317,CUST6833,5452,Net Banking,Quarterly,SUCCESS,,3,Approved,0,2026-08-05 19:05:38.959140
PAY007318,CUST6930,7398,Net Banking,Monthly,SUCCESS,,3,Approved,0,2026-06-04 22:36:38.959140
PAY007319,CUST5234,8350,UPI,Monthly,SUCCESS,,2,Approved,0,2026-07-10 12:54:38.959140
PAY007320,CUST6865,19240,Debit Card,Monthly,FAILED,UPI Failure,1,Timeout,1,2026-06-27 22:45:38.959140
PAY007321,CUST1804,9876,Wallet,Quarterly,SUCCESS,,1,Approved,0,2026-04-11 18:55:38.959140
PAY007322,CUST5259,10967,Net Banking,Quarterly,SUCCESS,,2,Approved,0,2026-08-17 23:46:38.959140
PAY007323,CUST1183,23321,UPI,Annual,SUCCESS,,1,Approved,0,2026-06-28 21:49:38.959140
PAY007324,CUST3693,15450,Net Banking,Monthly,SUCCESS,,3,Approved,0,2026-07-28 10:23:38.959140
PAY007325,CUST3404,7963,Wallet,Quarterly,SUCCESS,,2,Approved,0,2026-08-21 11:55:38.959140
PAY007326,CUST5366,11672,Credit Card,Monthly,SUCCESS,,1,Approved,0,2026-04-28 05:04:38.959140
PAY007327,CUST4933,19202,Wallet,Quarterly,SUCCESS,,3,Approved,0,2026-08-20 09:13:38.959140
PAY007328,CUST3553,5890,Wallet,Quarterly,SUCCESS,,2,Approved,0,2026-03-20 20:22:38.959140
PAY007329,CUST9604,17650,Net Banking,Annual,FAILED,Invalid CVV,0,Blocked,0,2026-05-03 16:41:38.959140
PAY007330,CUST8395,20671,Net Banking,Monthly,SUCCESS,,0,Approved,0,2026-06-15 23:18:38.959140
PAY007331,CUST8195,8452,Net Banking,Monthly,FAILED,Bank Timeout,1,Timeout,1,2026-06-06 13:45:38.959140
PAY007332,CUST8871,14694,Wallet,Monthly,SUCCESS,,3,Approved,0,2026-04-14 00:46:38.959140
PAY007333,CUST7613,13423,Credit Card,Monthly,SUCCESS,,0,Approved,0,2026-08-09 12:25:38.959140
PAY007334,CUST8761,7033,UPI,Monthly,SUCCESS,,3,Approved,0,2026-08-26 12:58:38.959140
PAY007335,CUST2033,23773,Debit Card,Monthly,SUCCESS,,3,Approved,0,2026-04-14 18:04:38.959140
PAY007336,CUST2922,7160,Net Banking,Quarterly,SUCCESS,,0,Approved,0,2026-06-21 09:57:38.959140
PAY007337,CUST3778,23637,Debit Card,Annual,SUCCESS,,0,Approved,0,2026-05-26 00:34:38.959140
PAY007338,CUST7443,13111,Credit Card,Annual,SUCCESS,,3,Approved,0,2026-06-05 02:16:38.959140
PAY007339,CUST8609,4641,Wallet,Annual,SUCCESS,,1,Approved,0,2026-05-05 14:28:38.959140
PAY007340,CUST7632,4226,Wallet,Quarterly,SUCCESS,,2,Approved,0,2026-06-07 17:42:38.959140
PAY007341,CUST7429,22608,Net Banking,Monthly,SUCCESS,,3,Approved,0,2026-03-28 11:03:38.959140
PAY007342,CUST3309,17099,Debit Card,Quarterly,SUCCESS,,2,Approved,0,2026-06-01 14:06:38.959140
PAY007343,CUST6168,22769,Credit Card,Annual,SUCCESS,,1,Approved,0,2026-04-13 19:19:38.959140
PAY007344,CUST2149,947,Credit Card,Quarterly,SUCCESS,,1,Approved,0,2026-05-02 00:22:38.959140
PAY007345,CUST5685,11276,Net Banking,Monthly,SUCCESS,,2,Approved,0,2026-04-02 04:59:38.959140
PAY007346,CUST2084,11432,Wallet,Monthly,FAILED,Bank Timeout,2,Declined,1,2026-06-12 01:56:38.959140
PAY007347,CUST1031,11018,Net Banking,Monthly,FAILED,Card Expired,0,Blocked,0,2026-05-29 17:47:38.959140
PAY007348,CUST4234,15570,UPI,Monthly,SUCCESS,,3,Approved,0,2026-07-09 07:26:38.959140
PAY007349,CUST4994,12917,Wallet,Monthly,SUCCESS,,2,Approved,0,2026-05-05 17:30:38.959140
PAY007350,CUST6282,9797,UPI,Monthly,SUCCESS,,1,Approved,0,2026-05-12 07:04:38.959140
PAY007351,CUST1541,8121,UPI,Monthly,FAILED,Bank Timeout,1,Approved,1,2026-07-14 04:57:38.959140
PAY007352,CUST6365,9926,Wallet,Monthly,SUCCESS,,3,Approved,0,2026-05-30 22:21:38.959140
PAY007353,CUST8356,19391,Net Banking,Monthly,SUCCESS,,2,Approved,0,2026-08-11 08:53:38.959140
PAY007354,CUST6904,23131,Net Banking,Annual,SUCCESS,,3,Approved,0,2026-03-10 03:22:38.959140
PAY007355,CUST4214,4226,Credit Card,Monthly,SUCCESS,,2,Approved,0,2026-06-18 06:20:38.959140
PAY007356,CUST6023,8807,Debit Card,Quarterly,SUCCESS,,1,Approved,0,2026-05-08 19:56:38.959140
PAY007357,CUST9360,6422,Wallet,Annual,FAILED,UPI Failure,3,Blocked,1,2026-08-16 01:15:38.959140
PAY007358,CUST7870,7650,Debit Card,Annual,FAILED,Invalid CVV,3,Declined,0,2026-06-08 22:10:38.959140
PAY007359,CUST7615,10238,Credit Card,Monthly,SUCCESS,,0,Approved,0,2026-03-15 07:52:38.959140
PAY007360,CUST7176,14794,UPI,Quarterly,FAILED,Bank Timeout,1,Approved,1,2026-06-20 13:44:38.959140
PAY007361,CUST3296,19122,UPI,Monthly,SUCCESS,,2,Approved,0,2026-04-05 12:42:38.959140
PAY007362,CUST5303,5830,Credit Card,Annual,SUCCESS,,2,Approved,0,2026-05-30 03:45:38.959140
PAY007363,CUST8918,20765,Wallet,Monthly,FAILED,Invalid CVV,2,Blocked,0,2026-03-18 22:16:38.959140
PAY007364,CUST8866,19072,Credit Card,Monthly,SUCCESS,,1,Approved,0,2026-06-09 07:17:38.959140
PAY007365,CUST3474,705,Wallet,Annual,SUCCESS,,1,Approved,0,2026-06-10 22:27:38.959140
PAY007366,CUST7047,19350,UPI,Annual,SUCCESS,,0,Approved,0,2026-03-28 21:20:38.959140
PAY007367,CUST9029,22301,Net Banking,Monthly,FAILED,User Cancelled,2,Timeout,0,2026-06-30 23:23:38.959140
PAY007368,CUST7361,24739,Wallet,Monthly,SUCCESS,,0,Approved,0,2026-07-19 10:32:38.959140
PAY007369,CUST6353,1348,Debit Card,Quarterly,FAILED,Insufficient Funds,2,Approved,1,2026-07-20 05:15:38.959140
PAY007370,CUST5492,2695,Credit Card,Monthly,SUCCESS,,1,Approved,0,2026-03-31 08:59:38.959140
PAY007371,CUST4211,11820,Credit Card,Monthly,SUCCESS,,3,Approved,0,2026-04-26 11:53:38.959140
PAY007372,CUST6636,3628,Debit Card,Annual,SUCCESS,,0,Approved,0,2026-08-22 11:10:38.959140
PAY007373,CUST2343,20787,Net Banking,Annual,SUCCESS,,1,Approved,0,2026-06-23 00:13:38.959140
PAY007374,CUST1773,3630,Wallet,Monthly,SUCCESS,,3,Approved,0,2026-08-10 03:57:38.959140
PAY007375,CUST7820,9693,Debit Card,Annual,SUCCESS,,0,Approved,0,2026-06-07 00:32:38.959140
PAY007376,CUST5958,691,Wallet,Annual,SUCCESS,,2,Approved,0,2026-06-22 06:50:38.959140
PAY007377,CUST1447,13138,UPI,Quarterly,SUCCESS,,0,Approved,0,2026-08-20 19:56:38.959140
PAY007378,CUST4550,544,Net Banking,Monthly,FAILED,Card Expired,0,Timeout,0,2026-07-25 11:39:38.959140
PAY007379,CUST5905,9666,Debit Card,Annual,SUCCESS,,1,Approved,0,2026-06-28 13:39:38.959140
PAY007380,CUST3066,6508,UPI,Monthly,FAILED,UPI Failure,2,Declined,1,2026-08-19 16:56:38.959140
PAY007381,CUST4218,13666,Debit Card,Monthly,FAILED,Card Expired,0,Timeout,0,2026-08-29 00:01:38.959140
PAY007382,CUST8078,1048,Credit Card,Quarterly,FAILED,Bank Timeout,2,Timeout,1,2026-04-18 22:20:38.959140
PAY007383,CUST5922,18468,Wallet,Quarterly,SUCCESS,,0,Approved,0,2026-08-14 02:46:38.959140
PAY007384,CUST6414,13592,Debit Card,Quarterly,SUCCESS,,2,Approved,0,2026-06-18 04:11:38.959140
PAY007385,CUST5633,3286,UPI,Quarterly,FAILED,Network Error,3,Declined,1,2026-06-21 14:20:38.959140
PAY007386,CUST2319,21025,Wallet,Monthly,FAILED,Fraud Suspected,3,Approved,0,2026-07-25 13:23:38.959140
PAY007387,CUST1024,18672,Credit Card,Annual,SUCCESS,,0,Approved,0,2026-07-01 21:37:38.959140
PAY007388,CUST7495,19076,Net Banking,Quarterly,SUCCESS,,0,Approved,0,2026-07-14 01:40:38.959140
PAY007389,CUST2187,969,Wallet,Quarterly,SUCCESS,,2,Approved,0,2026-04-07 01:11:38.959140
PAY007390,CUST4098,12509,Wallet,Quarterly,SUCCESS,,0,Approved,0,2026-04-26 08:15:38.959140
PAY007391,CUST9434,558,Wallet,Annual,SUCCESS,,0,Approved,0,2026-08-01 03:28:38.959140
PAY007392,CUST9918,10799,UPI,Monthly,FAILED,Network Error,2,Blocked,1,2026-06-05 22:09:38.959140
PAY007393,CUST4377,7122,UPI,Monthly,SUCCESS,,3,Approved,0,2026-06-03 15:12:38.959140
PAY007394,CUST6011,18179,Wallet,Quarterly,SUCCESS,,3,Approved,0,2026-06-20 23:55:38.959140
PAY007395,CUST9527,2115,Net Banking,Annual,SUCCESS,,3,Approved,0,2026-04-24 16:16:38.959140
PAY007396,CUST6719,6287,UPI,Quarterly,SUCCESS,,2,Approved,0,2026-03-13 21:11:38.959140
PAY007397,CUST2654,1976,Credit Card,Annual,SUCCESS,,0,Approved,0,2026-06-18 13:44:38.959140
PAY007398,CUST1609,12756,Debit Card,Annual,FAILED,Insufficient Funds,0,Approved,1,2026-06-07 18:43:38.959140
PAY007399,CUST5109,10074,Wallet,Monthly,FAILED,Bank Timeout,0,Declined,1,2026-07-19 13:16:38.959140
PAY007400,CUST6330,23860,Credit Card,Quarterly,SUCCESS,,2,Approved,0,2026-07-11 07:08:38.959140
PAY007401,CUST6295,8258,Debit Card,Quarterly,SUCCESS,,3,Approved,0,2026-04-05 09:35:38.959140
PAY007402,CUST3545,8911,Wallet,Annual,SUCCESS,,0,Approved,0,2026-08-27 08:02:38.959140
PAY007403,CUST4125,2152,Credit Card,Monthly,SUCCESS,,0,Approved,0,2026-06-29 05:46:38.959140
PAY007404,CUST9130,19393,Net Banking,Monthly,SUCCESS,,2,Approved,0,2026-03-29 10:31:38.959140
PAY007405,CUST5104,10188,UPI,Annual,SUCCESS,,1,Approved,0,2026-04-07 11:34:38.959140
PAY007406,CUST7739,11331,UPI,Monthly,SUCCESS,,1,Approved,0,2026-08-26 08:40:38.959140
PAY007407,CUST2442,13629,UPI,Monthly,SUCCESS,,2,Approved,0,2026-06-11 18:49:38.959140
PAY007408,CUST1375,5495,UPI,Quarterly,SUCCESS,,1,Approved,0,2026-04-18 17:09:38.959140
PAY007409,CUST7392,12601,Net Banking,Monthly,SUCCESS,,2,Approved,0,2026-05-15 22:00:38.959140
PAY007410,CUST9272,18067,Debit Card,Monthly,SUCCESS,,1,Approved,0,2026-05-19 11:26:38.959140
PAY007411,CUST3783,10168,Credit Card,Annual,SUCCESS,,2,Approved,0,2026-05-20 08:37:38.959140
PAY007412,CUST1913,16046,Debit Card,Monthly,SUCCESS,,2,Approved,0,2026-07-08 09:33:38.959140
PAY007413,CUST7016,24032,UPI,Annual,SUCCESS,,0,Approved,0,2026-05-11 04:40:38.959140
PAY007414,CUST9903,24000,Credit Card,Quarterly,FAILED,Card Expired,2,Processing Error,0,2026-04-08 06:11:38.959140
PAY007415,CUST2405,14700,UPI,Annual,SUCCESS,,3,Approved,0,2026-04-11 09:51:38.959140
PAY007416,CUST3003,6161,UPI,Quarterly,SUCCESS,,3,Approved,0,2026-04-30 23:47:38.959140
PAY007417,CUST9338,11562,UPI,Quarterly,SUCCESS,,3,Approved,0,2026-08-21 13:59:38.959140
PAY007418,CUST6853,3083,Debit Card,Monthly,SUCCESS,,2,Approved,0,2026-06-25 17:53:38.959140
PAY007419,CUST6200,8487,Credit Card,Monthly,SUCCESS,,1,Approved,0,2026-07-01 22:17:38.959140
PAY007420,CUST6005,6595,Credit Card,Quarterly,SUCCESS,,1,Approved,0,2026-06-18 05:36:38.959140
PAY007421,CUST1368,15812,Credit Card,Annual,FAILED,Insufficient Funds,1,Declined,1,2026-06-20 22:25:38.959140
PAY007422,CUST6150,15138,UPI,Annual,SUCCESS,,1,Approved,0,2026-05-18 16:46:38.959140
PAY007423,CUST1536,23658,Debit Card,Annual,SUCCESS,,2,Approved,0,2026-04-05 07:24:38.959140
PAY007424,CUST2748,16176,Debit Card,Quarterly,SUCCESS,,0,Approved,0,2026-04-23 06:16:38.959140
PAY007425,CUST1992,12542,Credit Card,Monthly,FAILED,User Cancelled,1,Declined,0,2026-07-19 04:14:38.959140
PAY007426,CUST2893,9294,UPI,Monthly,FAILED,Insufficient Funds,0,Approved,1,2026-04-18 18:42:38.959140
PAY007427,CUST6036,14002,Credit Card,Monthly,SUCCESS,,2,Approved,0,2026-08-08 09:57:38.959140
PAY007428,CUST1455,15335,Debit Card,Quarterly,SUCCESS,,3,Approved,0,2026-06-09 05:15:38.959140
PAY007429,CUST3181,20322,Net Banking,Quarterly,SUCCESS,,1,Approved,0,2026-07-22 07:54:38.959140
PAY007430,CUST1869,21745,Debit Card,Annual,SUCCESS,,1,Approved,0,2026-05-26 14:40:38.959140
PAY007431,CUST9489,20511,Net Banking,Annual,SUCCESS,,3,Approved,0,2026-06-29 07:36:38.959140
PAY007432,CUST6008,13299,UPI,Monthly,SUCCESS,,3,Approved,0,2026-07-05 18:14:38.959140
PAY007433,CUST8118,604,Debit Card,Annual,SUCCESS,,3,Approved,0,2026-07-13 14:13:38.959140
PAY007434,CUST8327,14900,Net Banking,Monthly,SUCCESS,,1,Approved,0,2026-07-15 08:06:38.959140
PAY007435,CUST1656,13562,Net Banking,Monthly,SUCCESS,,0,Approved,0,2026-08-28 22:29:38.959140
PAY007436,CUST6835,20282,Credit Card,Monthly,FAILED,User Cancelled,2,Approved,0,2026-06-08 15:50:38.959140
PAY007437,CUST8923,2263,UPI,Annual,SUCCESS,,1,Approved,0,2026-08-17 19:03:38.959140
PAY007438,CUST4660,4312,Credit Card,Annual,SUCCESS,,2,Approved,0,2026-08-26 10:55:38.959140
PAY007439,CUST2404,4630,Debit Card,Monthly,SUCCESS,,1,Approved,0,2026-07-26 21:00:38.959140
PAY007440,CUST7653,13412,Wallet,Annual,SUCCESS,,0,Approved,0,2026-05-27 07:57:38.959140
PAY007441,CUST7771,22322,Wallet,Quarterly,SUCCESS,,2,Approved,0,2026-08-22 16:23:38.959140
PAY007442,CUST9635,3850,Wallet,Quarterly,SUCCESS,,0,Approved,0,2026-06-27 16:31:38.959140
PAY007443,CUST8432,3701,Credit Card,Monthly,FAILED,UPI Failure,0,Blocked,1,2026-05-16 04:06:38.959140
PAY007444,CUST6275,6562,Debit Card,Annual,SUCCESS,,3,Approved,0,2026-03-31 04:18:38.959140
PAY007445,CUST3133,6055,Credit Card,Quarterly,SUCCESS,,3,Approved,0,2026-05-03 16:10:38.959140
PAY007446,CUST4383,23819,Net Banking,Monthly,FAILED,Fraud Suspected,2,Processing Error,0,2026-05-10 11:59:38.959140
PAY007447,CUST1377,15227,Debit Card,Annual,FAILED,Insufficient Funds,3,Blocked,1,2026-05-11 20:39:38.959140
PAY007448,CUST9154,20646,Wallet,Quarterly,SUCCESS,,0,Approved,0,2026-03-22 02:08:38.959140
PAY007449,CUST3558,9244,Net Banking,Quarterly,SUCCESS,,0,Approved,0,2026-03-20 19:19:38.959140
PAY007450,CUST4785,19837,Net Banking,Annual,FAILED,Fraud Suspected,2,Timeout,0,2026-04-09 17:54:38.959140
PAY007451,CUST6071,13403,Wallet,Quarterly,FAILED,Insufficient Funds,3,Timeout,1,2026-05-26 16:10:38.959140
PAY007452,CUST9585,24171,UPI,Quarterly,FAILED,Card Expired,3,Blocked,0,2026-03-31 01:13:38.959140
PAY007453,CUST8217,5630,Credit Card,Quarterly,SUCCESS,,3,Approved,0,2026-07-18 07:11:38.959140
PAY007454,CUST9484,15291,Debit Card,Quarterly,FAILED,Invalid CVV,2,Processing Error,0,2026-06-24 20:46:38.959140
PAY007455,CUST4970,15264,UPI,Annual,SUCCESS,,1,Approved,0,2026-07-13 16:56:38.959140
PAY007456,CUST7805,17137,Net Banking,Quarterly,SUCCESS,,0,Approved,0,2026-05-06 15:03:38.959140
PAY007457,CUST6765,4060,Debit Card,Annual,FAILED,User Cancelled,1,Timeout,0,2026-07-31 19:46:38.959140
PAY007458,CUST8541,15066,Wallet,Annual,SUCCESS,,0,Approved,0,2026-07-19 13:54:38.959140
PAY007459,CUST6058,14581,Debit Card,Quarterly,SUCCESS,,0,Approved,0,2026-08-08 08:08:38.959140
PAY007460,CUST2701,977,Debit Card,Monthly,FAILED,UPI Failure,0,Declined,1,2026-03-22 18:28:38.959140
PAY007461,CUST3873,5737,UPI,Annual,SUCCESS,,2,Approved,0,2026-06-24 19:09:38.959140
PAY007462,CUST8336,20623,Credit Card,Quarterly,SUCCESS,,2,Approved,0,2026-05-18 07:46:38.959140
PAY007463,CUST3663,12092,Debit Card,Monthly,SUCCESS,,2,Approved,0,2026-07-31 06:34:38.959140
PAY007464,CUST6254,9559,Credit Card,Annual,SUCCESS,,2,Approved,0,2026-05-27 06:36:38.959140
PAY007465,CUST8172,5200,Debit Card,Monthly,SUCCESS,,2,Approved,0,2026-04-18 03:04:38.959140
PAY007466,CUST4028,4530,Credit Card,Monthly,SUCCESS,,1,Approved,0,2026-03-14 02:39:38.959140
PAY007467,CUST7648,214,UPI,Quarterly,SUCCESS,,3,Approved,0,2026-05-02 01:29:38.959140
PAY007468,CUST2010,11255,UPI,Annual,SUCCESS,,1,Approved,0,2026-07-17 19:03:38.959140
PAY007469,CUST7737,15215,Net Banking,Monthly,SUCCESS,,3,Approved,0,2026-03-18 09:00:38.959140
PAY007470,CUST4909,12352,Credit Card,Monthly,SUCCESS,,0,Approved,0,2026-03-19 19:17:38.959140
PAY007471,CUST4196,11321,Credit Card,Monthly,SUCCESS,,3,Approved,0,2026-07-18 23:53:38.959140
PAY007472,CUST6691,134,UPI,Quarterly,SUCCESS,,3,Approved,0,2026-07-20 09:10:38.959140
PAY007473,CUST9517,12821,Debit Card,Quarterly,FAILED,User Cancelled,0,Blocked,0,2026-07-10 07:43:38.959140
PAY007474,CUST5096,4247,Wallet,Quarterly,SUCCESS,,1,Approved,0,2026-05-21 01:24:38.959140
PAY007475,CUST1544,24435,Credit Card,Monthly,SUCCESS,,0,Approved,0,2026-08-02 12:09:38.959140
PAY007476,CUST1558,12396,Debit Card,Monthly,SUCCESS,,3,Approved,0,2026-05-22 07:56:38.959140
PAY007477,CUST6940,13596,UPI,Annual,FAILED,Bank Timeout,1,Approved,1,2026-04-23 09:26:38.959140
PAY007478,CUST3929,15377,Wallet,Quarterly,FAILED,Invalid CVV,2,Processing Error,0,2026-04-01 11:39:38.959140
PAY007479,CUST4839,17237,UPI,Quarterly,SUCCESS,,3,Approved,0,2026-05-13 04:20:38.959140
PAY007480,CUST3918,7039,Credit Card,Monthly,SUCCESS,,2,Approved,0,2026-08-20 10:15:38.959140
PAY007481,CUST2288,1628,UPI,Quarterly,SUCCESS,,2,Approved,0,2026-04-18 07:16:38.959140
PAY007482,CUST8647,5537,Debit Card,Annual,SUCCESS,,1,Approved,0,2026-06-19 23:50:38.959140
PAY007483,CUST8973,19676,Debit Card,Monthly,FAILED,Network Error,2,Processing Error,1,2026-08-22 22:09:38.959140
PAY007484,CUST8965,13124,Net Banking,Annual,SUCCESS,,0,Approved,0,2026-03-24 17:40:38.959140
PAY007485,CUST9235,21977,Wallet,Monthly,SUCCESS,,3,Approved,0,2026-04-17 15:42:38.959140
PAY007486,CUST6735,2187,Credit Card,Annual,SUCCESS,,1,Approved,0,2026-03-15 19:47:38.959140
PAY007487,CUST3693,5027,Credit Card,Monthly,FAILED,Network Error,1,Timeout,1,2026-06-14 05:13:38.959140
PAY007488,CUST5694,11090,Wallet,Monthly,SUCCESS,,0,Approved,0,2026-04-27 21:49:38.959140
PAY007489,CUST5565,8033,Wallet,Annual,SUCCESS,,1,Approved,0,2026-04-26 20:25:38.959140
PAY007490,CUST1567,18084,Debit Card,Monthly,SUCCESS,,2,Approved,0,2026-05-23 09:30:38.959140
PAY007491,CUST7003,23459,Debit Card,Annual,FAILED,Card Expired,1,Processing Error,0,2026-05-24 22:01:38.959140
PAY007492,CUST8681,15404,UPI,Monthly,SUCCESS,,1,Approved,0,2026-04-14 13:15:38.959140
PAY007493,CUST7316,9858,Wallet,Annual,SUCCESS,,3,Approved,0,2026-03-23 21:23:38.959140
PAY007494,CUST1826,10318,Credit Card,Annual,FAILED,Invalid CVV,3,Approved,0,2026-07-09 15:51:38.959140
PAY007495,CUST1729,21791,Debit Card,Monthly,FAILED,Fraud Suspected,2,Approved,0,2026-04-26 18:38:38.959140
PAY007496,CUST7790,1184,Net Banking,Monthly,SUCCESS,,1,Approved,0,2026-06-30 07:04:38.959140
PAY007497,CUST3758,6835,Credit Card,Quarterly,SUCCESS,,2,Approved,0,2026-05-24 02:04:38.959140
PAY007498,CUST7508,24773,UPI,Quarterly,FAILED,Fraud Suspected,2,Timeout,0,2026-05-21 01:42:38.959140
PAY007499,CUST1513,11806,Net Banking,Quarterly,SUCCESS,,0,Approved,0,2026-03-25 06:43:38.959140
PAY007500,CUST8949,24086,Wallet,Monthly,FAILED,Bank Timeout,1,Processing Error,1,2026-04-10 19:56:38.959140
PAY007501,CUST3944,2620,Debit Card,Annual,FAILED,User Cancelled,3,Approved,0,2026-06-10 09:41:38.959140
PAY007502,CUST2264,22432,Net Banking,Annual,SUCCESS,,3,Approved,0,2026-04-11 07:18:38.959140
PAY007503,CUST3327,4673,Debit Card,Monthly,SUCCESS,,1,Approved,0,2026-04-02 14:26:38.959140
PAY007504,CUST8838,2415,Net Banking,Monthly,SUCCESS,,3,Approved,0,2026-05-08 22:33:38.959140
PAY007505,CUST3619,12366,Debit Card,Quarterly,SUCCESS,,3,Approved,0,2026-04-08 06:07:38.959140
PAY007506,CUST9186,17153,Wallet,Annual,FAILED,Invalid CVV,1,Approved,0,2026-05-28 04:08:38.959140
PAY007507,CUST9417,21820,Credit Card,Annual,SUCCESS,,2,Approved,0,2026-03-18 11:25:38.959140
PAY007508,CUST2841,6472,Debit Card,Annual,FAILED,Network Error,3,Processing Error,1,2026-06-10 20:53:38.959140
PAY007509,CUST7648,12847,Net Banking,Annual,SUCCESS,,3,Approved,0,2026-06-12 21:50:38.959140
PAY007510,CUST7049,17862,Net Banking,Quarterly,SUCCESS,,0,Approved,0,2026-06-05 10:11:38.959140
PAY007511,CUST3344,926,Net Banking,Quarterly,SUCCESS,,0,Approved,0,2026-04-12 17:41:38.959140
PAY007512,CUST1258,6708,Debit Card,Quarterly,SUCCESS,,3,Approved,0,2026-07-07 18:30:38.959140
PAY007513,CUST4639,20375,Net Banking,Monthly,FAILED,Insufficient Funds,1,Declined,1,2026-06-19 19:17:38.959140
PAY007514,CUST8737,22453,Debit Card,Quarterly,SUCCESS,,0,Approved,0,2026-04-18 02:36:38.959140
PAY007515,CUST7678,16444,Wallet,Annual,FAILED,Bank Timeout,1,Declined,1,2026-06-23 03:58:38.959140
PAY007516,CUST3585,18795,Net Banking,Quarterly,SUCCESS,,2,Approved,0,2026-04-26 03:19:38.959140
PAY007517,CUST5039,4226,Net Banking,Annual,SUCCESS,,1,Approved,0,2026-07-20 11:59:38.959140
PAY007518,CUST6068,16835,UPI,Annual,SUCCESS,,1,Approved,0,2026-04-04 12:37:38.959140
PAY007519,CUST6662,16976,Wallet,Annual,SUCCESS,,0,Approved,0,2026-07-30 03:45:38.959140
PAY007520,CUST2233,21957,Wallet,Monthly,SUCCESS,,3,Approved,0,2026-08-24 07:30:38.959140
PAY007521,CUST9753,16685,Wallet,Annual,SUCCESS,,0,Approved,0,2026-06-26 23:47:38.959140
PAY007522,CUST7455,735,Credit Card,Quarterly,SUCCESS,,1,Approved,0,2026-04-20 21:01:38.959140
PAY007523,CUST3081,8903,Credit Card,Quarterly,SUCCESS,,2,Approved,0,2026-05-08 18:00:38.959140
PAY007524,CUST9004,8585,Credit Card,Monthly,SUCCESS,,1,Approved,0,2026-05-19 17:53:38.959140
PAY007525,CUST4037,23392,Credit Card,Monthly,SUCCESS,,3,Approved,0,2026-04-11 11:15:38.959140
PAY007526,CUST2578,11512,Net Banking,Annual,FAILED,User Cancelled,1,Approved,0,2026-04-05 09:08:38.959140
PAY007527,CUST6922,6246,UPI,Monthly,FAILED,UPI Failure,1,Timeout,1,2026-06-20 23:10:38.959140
PAY007528,CUST2122,13030,Net Banking,Monthly,SUCCESS,,2,Approved,0,2026-08-05 03:12:38.959140
PAY007529,CUST6324,5783,UPI,Monthly,SUCCESS,,2,Approved,0,2026-08-08 11:43:38.959140
PAY007530,CUST1076,14033,Debit Card,Quarterly,SUCCESS,,3,Approved,0,2026-08-04 20:47:38.959140
PAY007531,CUST5994,4979,Net Banking,Monthly,SUCCESS,,3,Approved,0,2026-05-20 17:31:38.959140
PAY007532,CUST8429,3162,Credit Card,Monthly,FAILED,Bank Timeout,0,Approved,1,2026-04-17 10:20:38.959140
PAY007533,CUST5310,3987,Net Banking,Quarterly,SUCCESS,,0,Approved,0,2026-06-15 14:53:38.959140
PAY007534,CUST9332,1875,Debit Card,Monthly,FAILED,Network Error,3,Processing Error,1,2026-08-27 10:11:38.959140
PAY007535,CUST2232,15110,Wallet,Quarterly,FAILED,User Cancelled,3,Timeout,0,2026-07-05 21:54:38.959140
PAY007536,CUST3259,13614,Credit Card,Quarterly,FAILED,Insufficient Funds,3,Declined,1,2026-05-22 16:57:38.959140
PAY007537,CUST2706,10137,Debit Card,Monthly,SUCCESS,,2,Approved,0,2026-07-12 17:38:38.959140
PAY007538,CUST5127,247,Credit Card,Quarterly,SUCCESS,,2,Approved,0,2026-04-14 16:23:38.959140
PAY007539,CUST4236,13799,UPI,Quarterly,SUCCESS,,1,Approved,0,2026-05-27 01:10:38.959140
PAY007540,CUST3967,8998,Credit Card,Monthly,SUCCESS,,2,Approved,0,2026-04-05 17:28:38.959140
PAY007541,CUST8857,22372,Credit Card,Annual,FAILED,Card Expired,2,Blocked,0,2026-04-02 16:24:38.959140
PAY007542,CUST4810,24104,Debit Card,Quarterly,SUCCESS,,0,Approved,0,2026-08-23 16:37:38.959140
PAY007543,CUST1512,14965,Credit Card,Annual,SUCCESS,,2,Approved,0,2026-03-28 04:13:38.959140
PAY007544,CUST9292,17808,Credit Card,Monthly,FAILED,User Cancelled,1,Approved,0,2026-07-20 11:09:38.959140
PAY007545,CUST6145,3412,Credit Card,Annual,SUCCESS,,0,Approved,0,2026-05-03 03:03:38.959140
PAY007546,CUST5829,2968,Credit Card,Monthly,FAILED,Invalid CVV,1,Declined,0,2026-05-06 15:50:38.959140
PAY007547,CUST7237,2649,Credit Card,Monthly,SUCCESS,,0,Approved,0,2026-08-19 12:24:38.959140
PAY007548,CUST5267,8657,Credit Card,Monthly,FAILED,Card Expired,3,Timeout,0,2026-07-02 03:57:38.959140
PAY007549,CUST8942,20866,Net Banking,Annual,FAILED,Fraud Suspected,1,Approved,0,2026-05-07 17:16:38.959140
PAY007550,CUST7521,4710,Wallet,Monthly,SUCCESS,,1,Approved,0,2026-03-15 17:41:38.959140
PAY007551,CUST1680,21233,Credit Card,Annual,SUCCESS,,2,Approved,0,2026-05-10 21:02:38.959140
PAY007552,CUST2638,11455,Wallet,Annual,FAILED,Invalid CVV,3,Blocked,0,2026-03-31 08:57:38.959140
PAY007553,CUST3883,2893,Debit Card,Quarterly,SUCCESS,,3,Approved,0,2026-07-23 03:51:38.959140
PAY007554,CUST5955,6504,Debit Card,Monthly,SUCCESS,,0,Approved,0,2026-08-24 08:00:38.959140
PAY007555,CUST4555,11197,Wallet,Quarterly,SUCCESS,,0,Approved,0,2026-04-15 06:23:38.959140
PAY007556,CUST5764,7407,Net Banking,Monthly,SUCCESS,,3,Approved,0,2026-06-02 14:58:38.959140
PAY007557,CUST5467,14167,Credit Card,Monthly,SUCCESS,,0,Approved,0,2026-05-06 19:43:38.959140
PAY007558,CUST4881,749,Net Banking,Quarterly,SUCCESS,,3,Approved,0,2026-07-24 18:15:38.959140
PAY007559,CUST1066,16422,Net Banking,Annual,SUCCESS,,2,Approved,0,2026-06-05 21:20:38.959140
PAY007560,CUST2769,12382,Net Banking,Annual,FAILED,Card Expired,1,Declined,0,2026-08-03 06:31:38.959140
PAY007561,CUST8390,19589,Credit Card,Annual,FAILED,Insufficient Funds,2,Processing Error,1,2026-08-12 16:18:38.959140
PAY007562,CUST2459,4713,Wallet,Quarterly,SUCCESS,,0,Approved,0,2026-04-28 11:20:38.959140
PAY007563,CUST2732,6501,Net Banking,Quarterly,SUCCESS,,0,Approved,0,2026-06-29 21:58:38.959140
PAY007564,CUST7309,20834,Debit Card,Quarterly,SUCCESS,,3,Approved,0,2026-05-05 21:01:38.959140
PAY007565,CUST6644,566,Credit Card,Monthly,FAILED,Bank Timeout,0,Timeout,1,2026-06-28 09:35:38.959140
PAY007566,CUST1019,11072,Debit Card,Quarterly,SUCCESS,,2,Approved,0,2026-08-02 07:14:38.959140
PAY007567,CUST5454,14335,UPI,Monthly,FAILED,Network Error,0,Blocked,1,2026-05-02 11:56:38.959140
PAY007568,CUST7203,15370,Net Banking,Quarterly,SUCCESS,,1,Approved,0,2026-08-10 16:49:38.959140
PAY007569,CUST1940,14517,Wallet,Quarterly,SUCCESS,,3,Approved,0,2026-08-05 19:25:38.959140
PAY007570,CUST2012,4343,Wallet,Quarterly,SUCCESS,,2,Approved,0,2026-08-26 18:50:38.959140
PAY007571,CUST9346,13490,Debit Card,Annual,SUCCESS,,0,Approved,0,2026-04-18 11:59:38.959140
PAY007572,CUST2898,16715,Credit Card,Monthly,SUCCESS,,1,Approved,0,2026-04-13 08:36:38.959140
PAY007573,CUST4541,14107,Debit Card,Monthly,SUCCESS,,3,Approved,0,2026-06-10 23:04:38.959140
PAY007574,CUST8589,17655,Net Banking,Quarterly,FAILED,Card Expired,2,Blocked,0,2026-06-30 05:32:38.959140
PAY007575,CUST3425,11960,Credit Card,Quarterly,SUCCESS,,3,Approved,0,2026-07-15 21:21:38.959140
PAY007576,CUST8991,22959,Net Banking,Monthly,SUCCESS,,2,Approved,0,2026-04-20 01:11:38.959140
PAY007577,CUST2258,5886,Net Banking,Monthly,SUCCESS,,3,Approved,0,2026-03-27 10:49:38.959140
PAY007578,CUST6453,14425,Debit Card,Monthly,FAILED,Network Error,2,Timeout,1,2026-08-13 13:56:38.959140
PAY007579,CUST9542,12200,Wallet,Quarterly,SUCCESS,,0,Approved,0,2026-05-26 04:02:38.959140
PAY007580,CUST5319,21638,Wallet,Quarterly,SUCCESS,,1,Approved,0,2026-06-28 06:53:38.959140
PAY007581,CUST3465,2102,Wallet,Quarterly,SUCCESS,,3,Approved,0,2026-07-15 22:31:38.959140
PAY007582,CUST8318,20673,Wallet,Monthly,SUCCESS,,2,Approved,0,2026-03-31 21:38:38.959140
PAY007583,CUST4593,20292,UPI,Quarterly,SUCCESS,,2,Approved,0,2026-08-22 21:27:38.959140
PAY007584,CUST6836,23194,Debit Card,Quarterly,FAILED,Bank Timeout,0,Approved,1,2026-04-26 17:38:38.959140
PAY007585,CUST7379,1186,Credit Card,Quarterly,SUCCESS,,3,Approved,0,2026-06-02 00:24:38.959140
PAY007586,CUST6066,18129,UPI,Quarterly,FAILED,Fraud Suspected,2,Approved,0,2026-06-07 20:16:38.959140
PAY007587,CUST8622,22044,UPI,Monthly,SUCCESS,,3,Approved,0,2026-07-03 16:39:38.959140
PAY007588,CUST4792,15233,UPI,Quarterly,SUCCESS,,3,Approved,0,2026-05-18 01:03:38.959140
PAY007589,CUST2260,21689,UPI,Annual,FAILED,UPI Failure,3,Timeout,1,2026-06-21 15:04:38.959140
PAY007590,CUST2613,23167,Wallet,Quarterly,SUCCESS,,2,Approved,0,2026-07-27 08:21:38.959140
PAY007591,CUST7686,5655,UPI,Quarterly,SUCCESS,,1,Approved,0,2026-04-29 20:42:38.959140
PAY007592,CUST2024,9010,Net Banking,Monthly,SUCCESS,,0,Approved,0,2026-07-17 10:37:38.959140
PAY007593,CUST1862,18566,Wallet,Monthly,SUCCESS,,1,Approved,0,2026-04-04 03:13:38.959140
PAY007594,CUST3938,2983,Wallet,Annual,FAILED,Insufficient Funds,1,Approved,1,2026-06-30 08:07:38.959140
PAY007595,CUST8228,2196,Debit Card,Annual,SUCCESS,,0,Approved,0,2026-05-04 02:46:38.959140
PAY007596,CUST7064,14705,Debit Card,Monthly,FAILED,Insufficient Funds,1,Timeout,1,2026-06-30 02:30:38.959140
PAY007597,CUST1457,16614,Debit Card,Annual,SUCCESS,,1,Approved,0,2026-07-14 04:20:38.959140
PAY007598,CUST7172,16303,Wallet,Quarterly,FAILED,Fraud Suspected,2,Timeout,0,2026-06-05 04:46:38.959140
PAY007599,CUST4452,12622,Credit Card,Annual,SUCCESS,,1,Approved,0,2026-04-14 09:44:38.959140
PAY007600,CUST2084,10176,Wallet,Monthly,SUCCESS,,3,Approved,0,2026-05-11 04:17:38.959140
PAY007601,CUST1869,9633,Wallet,Monthly,SUCCESS,,1,Approved,0,2026-07-31 23:27:38.959140
PAY007602,CUST7917,6929,UPI,Quarterly,SUCCESS,,0,Approved,0,2026-03-31 04:38:38.959140
PAY007603,CUST1672,8444,Credit Card,Quarterly,SUCCESS,,2,Approved,0,2026-08-03 06:20:38.959140
PAY007604,CUST5762,18644,UPI,Quarterly,SUCCESS,,1,Approved,0,2026-08-15 23:39:38.959140
PAY007605,CUST5664,24323,Credit Card,Annual,SUCCESS,,1,Approved,0,2026-04-15 22:02:38.959140
PAY007606,CUST9962,24940,Credit Card,Monthly,SUCCESS,,3,Approved,0,2026-03-30 00:20:38.959140
PAY007607,CUST7273,17509,UPI,Quarterly,SUCCESS,,1,Approved,0,2026-03-26 13:17:38.959140
PAY007608,CUST2098,18743,Wallet,Quarterly,SUCCESS,,1,Approved,0,2026-04-18 19:17:38.959140
PAY007609,CUST2391,20899,UPI,Annual,SUCCESS,,0,Approved,0,2026-07-10 17:03:38.959140
PAY007610,CUST4948,2089,Net Banking,Annual,FAILED,Network Error,1,Blocked,1,2026-08-25 06:32:38.959140
PAY007611,CUST6830,304,Net Banking,Annual,SUCCESS,,1,Approved,0,2026-08-02 00:38:38.959140
PAY007612,CUST2045,7955,UPI,Annual,FAILED,Fraud Suspected,2,Timeout,0,2026-05-25 19:43:38.959140
PAY007613,CUST8395,6300,Credit Card,Annual,SUCCESS,,2,Approved,0,2026-05-01 22:55:38.959140
PAY007614,CUST6016,19492,UPI,Annual,SUCCESS,,3,Approved,0,2026-04-08 09:23:38.959140
PAY007615,CUST3357,16555,UPI,Monthly,SUCCESS,,2,Approved,0,2026-07-01 05:11:38.959140
PAY007616,CUST2233,20863,Debit Card,Quarterly,SUCCESS,,2,Approved,0,2026-07-01 05:20:38.959140
PAY007617,CUST4133,1553,Wallet,Annual,SUCCESS,,0,Approved,0,2026-07-07 00:31:38.959140
PAY007618,CUST7165,15803,Wallet,Monthly,SUCCESS,,1,Approved,0,2026-06-12 16:21:38.959140
PAY007619,CUST7274,7817,Net Banking,Monthly,SUCCESS,,0,Approved,0,2026-03-14 06:31:38.959140
PAY007620,CUST7291,17128,Debit Card,Monthly,SUCCESS,,1,Approved,0,2026-05-29 17:54:38.959140
PAY007621,CUST7376,9781,Net Banking,Annual,FAILED,Bank Timeout,0,Timeout,1,2026-08-13 04:42:38.959140
PAY007622,CUST6934,23178,Wallet,Quarterly,SUCCESS,,1,Approved,0,2026-04-21 16:01:38.959140
PAY007623,CUST2203,24317,UPI,Annual,SUCCESS,,1,Approved,0,2026-03-14 18:09:38.959140
PAY007624,CUST6049,20889,Wallet,Quarterly,FAILED,Fraud Suspected,2,Timeout,0,2026-07-11 07:52:38.959140
PAY007625,CUST5440,4725,UPI,Quarterly,SUCCESS,,0,Approved,0,2026-05-30 02:23:38.959140
PAY007626,CUST4092,23948,Credit Card,Monthly,SUCCESS,,3,Approved,0,2026-03-12 08:03:38.959140
PAY007627,CUST6377,21454,Wallet,Annual,SUCCESS,,3,Approved,0,2026-05-31 20:40:38.959140
PAY007628,CUST9677,11384,Credit Card,Annual,SUCCESS,,2,Approved,0,2026-07-24 00:13:38.959140
PAY007629,CUST5494,6941,UPI,Annual,SUCCESS,,1,Approved,0,2026-03-10 22:28:38.959140
PAY007630,CUST9326,21067,UPI,Monthly,SUCCESS,,3,Approved,0,2026-04-02 16:37:38.959140
PAY007631,CUST6353,24753,Debit Card,Monthly,FAILED,User Cancelled,3,Processing Error,0,2026-04-10 04:07:38.959140
PAY007632,CUST1913,7131,Net Banking,Annual,SUCCESS,,3,Approved,0,2026-03-19 23:11:38.959140
PAY007633,CUST1378,21569,Credit Card,Monthly,SUCCESS,,1,Approved,0,2026-04-16 15:20:38.959140
PAY007634,CUST8158,15400,Wallet,Annual,SUCCESS,,3,Approved,0,2026-05-26 23:23:38.959140
PAY007635,CUST5680,3968,Net Banking,Monthly,SUCCESS,,1,Approved,0,2026-06-06 20:09:38.959140
PAY007636,CUST6970,6911,Wallet,Annual,SUCCESS,,1,Approved,0,2026-05-03 22:36:38.959140
PAY007637,CUST6741,5901,Net Banking,Monthly,SUCCESS,,2,Approved,0,2026-05-21 05:31:38.959140
PAY007638,CUST1538,5705,Wallet,Annual,SUCCESS,,2,Approved,0,2026-08-10 15:00:38.959140
PAY007639,CUST5891,9830,Net Banking,Quarterly,SUCCESS,,0,Approved,0,2026-07-24 11:07:38.959140
PAY007640,CUST3873,14483,Debit Card,Quarterly,FAILED,Network Error,3,Processing Error,1,2026-08-10 19:20:38.959140
PAY007641,CUST9154,16746,Net Banking,Quarterly,FAILED,Invalid CVV,2,Timeout,0,2026-06-16 17:22:38.959140
PAY007642,CUST9137,21858,Net Banking,Annual,SUCCESS,,2,Approved,0,2026-07-11 01:01:38.959140
PAY007643,CUST6985,3952,UPI,Quarterly,SUCCESS,,3,Approved,0,2026-08-13 15:29:38.959140
PAY007644,CUST5588,24009,Debit Card,Monthly,SUCCESS,,3,Approved,0,2026-08-24 21:32:38.959140
PAY007645,CUST3250,19297,Debit Card,Quarterly,SUCCESS,,0,Approved,0,2026-05-05 18:49:38.959140
PAY007646,CUST3714,190,Net Banking,Quarterly,SUCCESS,,2,Approved,0,2026-08-15 15:36:38.959140
PAY007647,CUST6850,20099,UPI,Annual,SUCCESS,,3,Approved,0,2026-06-30 04:23:38.959140
PAY007648,CUST1110,9909,Net Banking,Monthly,SUCCESS,,3,Approved,0,2026-05-22 22:27:38.959140
PAY007649,CUST5845,6113,UPI,Quarterly,SUCCESS,,2,Approved,0,2026-03-15 13:34:38.959140
PAY007650,CUST3666,15325,UPI,Annual,SUCCESS,,2,Approved,0,2026-03-09 19:29:38.959140
PAY007651,CUST2800,6014,Credit Card,Monthly,SUCCESS,,2,Approved,0,2026-04-10 14:51:38.959140
PAY007652,CUST7262,5818,Credit Card,Quarterly,SUCCESS,,2,Approved,0,2026-04-27 03:01:38.959140
PAY007653,CUST5811,10721,Wallet,Quarterly,SUCCESS,,0,Approved,0,2026-08-18 05:59:38.959140
PAY007654,CUST2598,15542,Credit Card,Annual,SUCCESS,,0,Approved,0,2026-05-06 03:59:38.959140
PAY007655,CUST4938,10873,Wallet,Quarterly,SUCCESS,,2,Approved,0,2026-05-16 02:29:38.959140
PAY007656,CUST9195,20810,Debit Card,Annual,SUCCESS,,1,Approved,0,2026-05-09 03:33:38.959140
PAY007657,CUST6692,19856,Credit Card,Quarterly,SUCCESS,,0,Approved,0,2026-05-27 16:09:38.959140
PAY007658,CUST8757,21238,Debit Card,Monthly,FAILED,Bank Timeout,2,Blocked,1,2026-04-04 20:40:38.959140
PAY007659,CUST9981,328,UPI,Quarterly,SUCCESS,,0,Approved,0,2026-03-21 18:28:38.959140
PAY007660,CUST2036,24808,UPI,Monthly,SUCCESS,,3,Approved,0,2026-04-24 05:00:38.959140
PAY007661,CUST4439,19996,Net Banking,Monthly,SUCCESS,,3,Approved,0,2026-04-22 06:38:38.959140
PAY007662,CUST1881,20092,Debit Card,Annual,SUCCESS,,0,Approved,0,2026-08-25 23:29:38.959140
PAY007663,CUST7381,22137,UPI,Annual,SUCCESS,,2,Approved,0,2026-06-27 23:14:38.959140
PAY007664,CUST1458,21360,Debit Card,Annual,SUCCESS,,2,Approved,0,2026-03-21 00:21:38.959140
PAY007665,CUST5765,17132,Debit Card,Annual,SUCCESS,,1,Approved,0,2026-04-26 10:43:38.959140
PAY007666,CUST5910,5605,Credit Card,Monthly,SUCCESS,,0,Approved,0,2026-03-12 19:13:38.959140
PAY007667,CUST9416,9746,Credit Card,Annual,SUCCESS,,0,Approved,0,2026-08-16 08:21:38.959140
PAY007668,CUST1590,13437,Net Banking,Annual,SUCCESS,,2,Approved,0,2026-04-28 05:08:38.959140
PAY007669,CUST7115,10729,Debit Card,Monthly,SUCCESS,,2,Approved,0,2026-03-16 03:24:38.959140
PAY007670,CUST4359,4057,Net Banking,Quarterly,SUCCESS,,0,Approved,0,2026-06-22 06:03:38.959140
PAY007671,CUST7210,24974,UPI,Annual,FAILED,UPI Failure,3,Blocked,1,2026-03-10 04:57:38.959140
PAY007672,CUST5515,22067,UPI,Monthly,SUCCESS,,3,Approved,0,2026-06-24 15:42:38.959140
PAY007673,CUST4358,3394,Net Banking,Annual,FAILED,Fraud Suspected,1,Blocked,0,2026-08-05 13:23:38.959140
PAY007674,CUST3623,11896,Net Banking,Quarterly,SUCCESS,,2,Approved,0,2026-06-15 18:12:38.959140
PAY007675,CUST3152,22812,Credit Card,Quarterly,SUCCESS,,3,Approved,0,2026-06-23 22:30:38.959140
PAY007676,CUST7137,21604,Net Banking,Annual,SUCCESS,,0,Approved,0,2026-08-06 04:35:38.959140
PAY007677,CUST1341,8350,Wallet,Annual,SUCCESS,,0,Approved,0,2026-05-27 23:36:38.959140
PAY007678,CUST1176,14016,Credit Card,Annual,SUCCESS,,0,Approved,0,2026-03-13 08:09:38.959140
PAY007679,CUST5240,2620,Debit Card,Annual,SUCCESS,,1,Approved,0,2026-03-14 17:44:38.959140
PAY007680,CUST8689,12673,Credit Card,Annual,SUCCESS,,0,Approved,0,2026-05-09 15:56:38.959140
PAY007681,CUST6670,8663,Net Banking,Monthly,SUCCESS,,1,Approved,0,2026-06-20 04:41:38.959140
PAY007682,CUST2393,11847,Credit Card,Annual,SUCCESS,,2,Approved,0,2026-06-25 14:50:38.959140
PAY007683,CUST1044,15616,UPI,Annual,SUCCESS,,3,Approved,0,2026-08-15 07:24:38.959140
PAY007684,CUST4776,20738,Credit Card,Quarterly,SUCCESS,,0,Approved,0,2026-03-31 15:27:38.959140
PAY007685,CUST4310,22004,UPI,Quarterly,SUCCESS,,1,Approved,0,2026-04-16 18:01:38.959140
PAY007686,CUST8244,9126,UPI,Annual,SUCCESS,,0,Approved,0,2026-07-02 09:33:38.959140
PAY007687,CUST9022,24951,Wallet,Quarterly,SUCCESS,,0,Approved,0,2026-04-05 02:47:38.959140
PAY007688,CUST1670,13738,Wallet,Annual,FAILED,UPI Failure,1,Blocked,1,2026-04-23 12:38:38.959140
PAY007689,CUST1827,22219,Wallet,Monthly,SUCCESS,,1,Approved,0,2026-04-10 05:40:38.959140
PAY007690,CUST9504,1874,Debit Card,Annual,SUCCESS,,2,Approved,0,2026-04-30 02:59:38.959140
PAY007691,CUST2607,7937,Net Banking,Quarterly,FAILED,UPI Failure,2,Blocked,1,2026-03-30 05:30:38.959140
PAY007692,CUST1563,15690,Debit Card,Monthly,SUCCESS,,0,Approved,0,2026-08-03 00:08:38.959140
PAY007693,CUST4053,11263,Wallet,Quarterly,SUCCESS,,0,Approved,0,2026-03-12 12:09:38.959140
PAY007694,CUST1716,9109,UPI,Annual,SUCCESS,,0,Approved,0,2026-06-08 13:29:38.959140
PAY007695,CUST9100,21512,Net Banking,Annual,FAILED,Card Expired,1,Declined,0,2026-08-11 21:01:38.959140
PAY007696,CUST1971,8534,Debit Card,Annual,SUCCESS,,0,Approved,0,2026-04-19 14:37:38.959140
PAY007697,CUST2488,18906,Net Banking,Monthly,SUCCESS,,1,Approved,0,2026-05-09 06:10:38.959140
PAY007698,CUST7692,11483,Wallet,Monthly,SUCCESS,,0,Approved,0,2026-04-21 03:39:38.959140
PAY007699,CUST8970,1635,Wallet,Quarterly,FAILED,User Cancelled,0,Declined,0,2026-07-02 03:45:38.959140
PAY007700,CUST2332,9528,UPI,Quarterly,SUCCESS,,3,Approved,0,2026-04-10 18:48:38.959140
PAY007701,CUST9423,383,Credit Card,Monthly,FAILED,Bank Timeout,0,Approved,1,2026-05-24 17:24:38.959140
PAY007702,CUST5660,8875,Debit Card,Annual,FAILED,Invalid CVV,0,Processing Error,0,2026-06-01 00:09:38.959140
PAY007703,CUST5017,12841,Debit Card,Monthly,FAILED,Bank Timeout,1,Approved,1,2026-08-07 13:23:38.959140
PAY007704,CUST5437,3389,Debit Card,Annual,SUCCESS,,0,Approved,0,2026-04-22 11:01:38.959140
PAY007705,CUST3172,22665,Wallet,Monthly,SUCCESS,,2,Approved,0,2026-03-14 17:27:38.959140
PAY007706,CUST5449,17355,Wallet,Quarterly,FAILED,Fraud Suspected,2,Timeout,0,2026-06-10 09:55:38.959140
PAY007707,CUST5829,14489,Net Banking,Monthly,SUCCESS,,1,Approved,0,2026-05-12 20:16:38.959140
PAY007708,CUST5107,1903,Debit Card,Monthly,SUCCESS,,2,Approved,0,2026-06-06 21:52:38.959140
PAY007709,CUST4783,14771,Wallet,Quarterly,SUCCESS,,2,Approved,0,2026-05-23 18:57:38.959140
PAY007710,CUST2653,8713,Debit Card,Quarterly,SUCCESS,,3,Approved,0,2026-05-08 01:38:38.959140
PAY007711,CUST6070,13882,Wallet,Monthly,SUCCESS,,2,Approved,0,2026-06-06 02:11:38.959140
PAY007712,CUST9382,24322,Wallet,Annual,FAILED,User Cancelled,2,Declined,0,2026-04-07 22:30:38.959140
PAY007713,CUST6210,13006,UPI,Annual,SUCCESS,,2,Approved,0,2026-05-17 18:42:38.959140
PAY007714,CUST2346,914,Net Banking,Annual,SUCCESS,,2,Approved,0,2026-04-22 04:04:38.959140
PAY007715,CUST2604,2603,Credit Card,Quarterly,SUCCESS,,1,Approved,0,2026-08-27 18:22:38.959140
PAY007716,CUST5270,20331,Wallet,Monthly,SUCCESS,,3,Approved,0,2026-05-10 17:44:38.959140
PAY007717,CUST3170,16079,Net Banking,Annual,SUCCESS,,3,Approved,0,2026-06-05 20:36:38.959140
PAY007718,CUST3483,11962,Credit Card,Quarterly,SUCCESS,,2,Approved,0,2026-08-08 23:07:38.959140
PAY007719,CUST4335,10497,Wallet,Annual,SUCCESS,,0,Approved,0,2026-07-18 06:00:38.959140
PAY007720,CUST5718,24913,Net Banking,Monthly,SUCCESS,,0,Approved,0,2026-04-12 16:02:38.959140
PAY007721,CUST8283,15018,Debit Card,Monthly,SUCCESS,,1,Approved,0,2026-03-17 17:34:38.959140
PAY007722,CUST8823,11421,UPI,Annual,SUCCESS,,1,Approved,0,2026-08-06 15:24:38.959140
PAY007723,CUST4845,14176,Wallet,Annual,SUCCESS,,1,Approved,0,2026-04-08 03:30:38.959140
PAY007724,CUST8471,20644,Credit Card,Monthly,SUCCESS,,3,Approved,0,2026-08-27 13:26:38.959140
PAY007725,CUST4099,5318,Net Banking,Quarterly,FAILED,User Cancelled,0,Blocked,0,2026-03-09 22:02:38.959140
PAY007726,CUST4708,17992,Credit Card,Monthly,SUCCESS,,1,Approved,0,2026-05-24 08:38:38.959140
PAY007727,CUST2639,9311,UPI,Annual,SUCCESS,,2,Approved,0,2026-08-16 19:43:38.959140
PAY007728,CUST3006,16725,UPI,Annual,SUCCESS,,0,Approved,0,2026-06-13 21:05:38.959140
PAY007729,CUST4852,6041,Debit Card,Monthly,SUCCESS,,0,Approved,0,2026-06-08 06:17:38.959140
PAY007730,CUST6229,166,Debit Card,Monthly,FAILED,Network Error,3,Declined,1,2026-04-25 06:14:38.959140
PAY007731,CUST8287,6504,Credit Card,Annual,FAILED,UPI Failure,1,Approved,1,2026-04-30 11:08:38.959140
PAY007732,CUST5768,1753,Credit Card,Quarterly,SUCCESS,,1,Approved,0,2026-04-12 12:34:38.959140
PAY007733,CUST2327,20632,Net Banking,Monthly,FAILED,Insufficient Funds,0,Blocked,1,2026-08-14 10:26:38.959140
PAY007734,CUST5806,6413,Credit Card,Monthly,SUCCESS,,1,Approved,0,2026-04-03 03:42:38.959140
PAY007735,CUST3796,21572,Debit Card,Quarterly,SUCCESS,,3,Approved,0,2026-07-27 01:08:38.959140
PAY007736,CUST8961,7934,UPI,Monthly,SUCCESS,,0,Approved,0,2026-08-24 18:58:38.959140
PAY007737,CUST9842,5571,Wallet,Quarterly,SUCCESS,,2,Approved,0,2026-06-08 01:14:38.959140
PAY007738,CUST9243,2658,Credit Card,Quarterly,FAILED,Fraud Suspected,0,Approved,0,2026-04-05 11:15:38.959140
PAY007739,CUST1611,9306,Net Banking,Quarterly,FAILED,User Cancelled,2,Declined,0,2026-07-06 09:28:38.959140
PAY007740,CUST3348,20693,Wallet,Monthly,SUCCESS,,0,Approved,0,2026-05-13 13:08:38.959140
PAY007741,CUST9302,18628,Wallet,Quarterly,SUCCESS,,3,Approved,0,2026-06-07 13:12:38.959140
PAY007742,CUST1923,13392,UPI,Annual,SUCCESS,,2,Approved,0,2026-08-12 08:28:38.959140
PAY007743,CUST1341,12302,Credit Card,Quarterly,SUCCESS,,2,Approved,0,2026-05-02 19:47:38.959140
PAY007744,CUST3071,2035,Credit Card,Monthly,SUCCESS,,0,Approved,0,2026-07-08 22:16:38.959140
PAY007745,CUST2509,11223,UPI,Monthly,SUCCESS,,3,Approved,0,2026-05-15 18:34:38.959140
PAY007746,CUST9805,12745,Debit Card,Quarterly,SUCCESS,,3,Approved,0,2026-07-24 09:47:38.959140
PAY007747,CUST5425,7935,Net Banking,Annual,FAILED,Network Error,3,Blocked,1,2026-07-04 20:06:38.959140
PAY007748,CUST2221,3083,Net Banking,Monthly,FAILED,User Cancelled,2,Blocked,0,2026-08-02 18:54:38.959140
PAY007749,CUST3604,5877,Credit Card,Quarterly,FAILED,Card Expired,0,Blocked,0,2026-04-10 11:36:38.959140
PAY007750,CUST2854,15650,UPI,Monthly,SUCCESS,,1,Approved,0,2026-05-08 21:54:38.959140
PAY007751,CUST4368,17180,UPI,Monthly,SUCCESS,,0,Approved,0,2026-07-23 05:32:38.959140
PAY007752,CUST1403,5108,Debit Card,Monthly,SUCCESS,,1,Approved,0,2026-05-29 00:30:38.959140
PAY007753,CUST3857,14987,Debit Card,Monthly,SUCCESS,,2,Approved,0,2026-06-19 04:46:38.959140
PAY007754,CUST6515,5093,Debit Card,Quarterly,FAILED,Fraud Suspected,1,Processing Error,0,2026-05-08 03:35:38.959140
PAY007755,CUST2511,2617,Debit Card,Quarterly,SUCCESS,,3,Approved,0,2026-06-27 09:01:38.959140
PAY007756,CUST7305,19601,Debit Card,Monthly,SUCCESS,,0,Approved,0,2026-04-16 08:34:38.959140
PAY007757,CUST4342,24605,Net Banking,Monthly,SUCCESS,,2,Approved,0,2026-04-07 15:58:38.959140
PAY007758,CUST3059,8475,Credit Card,Quarterly,FAILED,UPI Failure,3,Processing Error,1,2026-05-26 00:19:38.959140
PAY007759,CUST8212,15887,Wallet,Monthly,FAILED,UPI Failure,3,Timeout,1,2026-03-23 06:00:38.959140
PAY007760,CUST3721,11753,Credit Card,Quarterly,SUCCESS,,2,Approved,0,2026-08-27 20:47:38.959140
PAY007761,CUST7992,5692,Debit Card,Monthly,SUCCESS,,0,Approved,0,2026-05-14 08:11:38.959140
PAY007762,CUST1861,19900,Net Banking,Quarterly,SUCCESS,,3,Approved,0,2026-06-14 17:19:38.959140
PAY007763,CUST4097,2822,Debit Card,Annual,SUCCESS,,3,Approved,0,2026-03-17 02:00:38.959140
PAY007764,CUST8015,7377,UPI,Monthly,SUCCESS,,0,Approved,0,2026-03-29 13:23:38.959140
PAY007765,CUST7070,11345,Credit Card,Monthly,SUCCESS,,1,Approved,0,2026-08-18 10:53:38.959140
PAY007766,CUST4007,24417,Debit Card,Monthly,SUCCESS,,2,Approved,0,2026-04-29 18:23:38.959140
PAY007767,CUST8623,849,Wallet,Monthly,SUCCESS,,2,Approved,0,2026-04-17 16:47:38.959140
PAY007768,CUST9384,13726,Credit Card,Quarterly,SUCCESS,,0,Approved,0,2026-06-14 12:11:38.959140
PAY007769,CUST6771,24620,Wallet,Annual,SUCCESS,,2,Approved,0,2026-08-19 06:14:38.959140
PAY007770,CUST8345,7452,Debit Card,Annual,FAILED,User Cancelled,3,Timeout,0,2026-04-26 06:57:38.959140
PAY007771,CUST3178,18617,Debit Card,Annual,SUCCESS,,3,Approved,0,2026-04-26 02:56:38.959140
PAY007772,CUST5968,5408,Credit Card,Quarterly,SUCCESS,,0,Approved,0,2026-07-20 21:58:38.959140
PAY007773,CUST9439,15743,Debit Card,Annual,SUCCESS,,2,Approved,0,2026-05-22 06:31:38.959140
PAY007774,CUST8063,22115,Net Banking,Monthly,FAILED,UPI Failure,2,Blocked,1,2026-03-21 00:56:38.959140
PAY007775,CUST9682,7719,UPI,Annual,FAILED,Card Expired,0,Timeout,0,2026-07-26 00:58:38.959140
PAY007776,CUST4644,14486,Credit Card,Quarterly,FAILED,Card Expired,2,Approved,0,2026-05-16 17:28:38.959140
PAY007777,CUST6508,2426,Credit Card,Monthly,SUCCESS,,1,Approved,0,2026-06-02 07:10:38.959140
PAY007778,CUST1138,3556,Credit Card,Annual,SUCCESS,,0,Approved,0,2026-08-16 10:56:38.959140
PAY007779,CUST8960,12162,Debit Card,Quarterly,FAILED,User Cancelled,3,Approved,0,2026-04-13 11:41:38.959140
PAY007780,CUST5025,6780,Net Banking,Monthly,SUCCESS,,1,Approved,0,2026-03-17 08:48:38.959140
PAY007781,CUST5726,20782,Debit Card,Quarterly,SUCCESS,,0,Approved,0,2026-03-21 15:39:38.959140
PAY007782,CUST5734,3649,UPI,Annual,SUCCESS,,3,Approved,0,2026-04-07 12:17:38.959140
PAY007783,CUST9693,14103,UPI,Quarterly,SUCCESS,,3,Approved,0,2026-05-08 12:45:38.959140
PAY007784,CUST9590,23692,Wallet,Quarterly,SUCCESS,,1,Approved,0,2026-04-06 18:43:38.959140
PAY007785,CUST4106,3093,UPI,Monthly,SUCCESS,,3,Approved,0,2026-03-23 22:19:38.959140
PAY007786,CUST9667,15976,Debit Card,Quarterly,FAILED,UPI Failure,0,Approved,1,2026-06-30 12:09:38.959140
PAY007787,CUST4835,19466,Net Banking,Monthly,FAILED,UPI Failure,0,Processing Error,1,2026-06-18 06:28:38.959140
PAY007788,CUST6653,3558,Wallet,Monthly,FAILED,Bank Timeout,3,Processing Error,1,2026-08-02 19:03:38.959140
PAY007789,CUST1706,13657,UPI,Quarterly,SUCCESS,,0,Approved,0,2026-03-25 03:42:38.959140
PAY007790,CUST5785,21457,UPI,Monthly,SUCCESS,,3,Approved,0,2026-06-03 11:31:38.959140
PAY007791,CUST9415,15236,Credit Card,Monthly,SUCCESS,,0,Approved,0,2026-03-21 06:26:38.959140
PAY007792,CUST2168,22236,Wallet,Monthly,SUCCESS,,3,Approved,0,2026-05-18 05:03:38.959140
PAY007793,CUST4992,204,Net Banking,Monthly,SUCCESS,,2,Approved,0,2026-07-30 23:15:38.959140
PAY007794,CUST1101,2142,Credit Card,Monthly,SUCCESS,,0,Approved,0,2026-03-28 01:10:38.959140
PAY007795,CUST7484,3923,Wallet,Monthly,SUCCESS,,1,Approved,0,2026-07-15 15:20:38.959140
PAY007796,CUST2997,20220,UPI,Annual,FAILED,Card Expired,0,Approved,0,2026-05-06 19:21:38.959140
PAY007797,CUST2833,24148,UPI,Quarterly,FAILED,Network Error,3,Timeout,1,2026-06-20 21:24:38.959140
PAY007798,CUST2800,14397,Debit Card,Annual,FAILED,Card Expired,3,Approved,0,2026-08-10 06:44:38.959140
PAY007799,CUST3940,2771,Wallet,Monthly,SUCCESS,,3,Approved,0,2026-04-20 13:22:38.959140
PAY007800,CUST7244,11987,Debit Card,Monthly,SUCCESS,,0,Approved,0,2026-06-21 02:19:38.959140
PAY007801,CUST8088,19434,Net Banking,Monthly,FAILED,Invalid CVV,2,Approved,0,2026-06-10 01:46:38.959140
PAY007802,CUST3554,15981,Debit Card,Quarterly,SUCCESS,,0,Approved,0,2026-08-14 17:58:38.959140
PAY007803,CUST3573,19598,Debit Card,Annual,FAILED,User Cancelled,3,Approved,0,2026-05-06 08:29:38.959140
PAY007804,CUST9491,23560,Credit Card,Quarterly,SUCCESS,,0,Approved,0,2026-08-10 12:51:38.959140
PAY007805,CUST6385,8729,UPI,Monthly,FAILED,UPI Failure,0,Timeout,1,2026-05-09 02:51:38.959140
PAY007806,CUST4526,8351,Credit Card,Quarterly,SUCCESS,,1,Approved,0,2026-05-25 01:34:38.959140
PAY007807,CUST6248,3879,Debit Card,Annual,SUCCESS,,3,Approved,0,2026-07-02 08:56:38.959140
PAY007808,CUST1039,4193,Credit Card,Monthly,SUCCESS,,1,Approved,0,2026-04-06 18:28:38.959140
PAY007809,CUST3134,22715,UPI,Monthly,SUCCESS,,1,Approved,0,2026-06-29 20:52:38.959140
PAY007810,CUST7968,17269,Net Banking,Quarterly,SUCCESS,,3,Approved,0,2026-05-30 15:37:38.959140
PAY007811,CUST9014,5578,Wallet,Monthly,SUCCESS,,1,Approved,0,2026-06-10 16:40:38.959140
PAY007812,CUST5903,6498,Wallet,Quarterly,SUCCESS,,0,Approved,0,2026-03-17 19:01:38.959140
PAY007813,CUST7412,22970,Net Banking,Quarterly,SUCCESS,,3,Approved,0,2026-05-24 18:57:38.959140
PAY007814,CUST3566,12496,Wallet,Quarterly,SUCCESS,,0,Approved,0,2026-07-02 23:50:38.959140
PAY007815,CUST9073,10318,UPI,Quarterly,FAILED,Insufficient Funds,0,Timeout,1,2026-08-21 21:39:38.959140
PAY007816,CUST5211,19607,Debit Card,Annual,SUCCESS,,2,Approved,0,2026-08-14 06:06:38.959140
PAY007817,CUST7668,8772,Debit Card,Quarterly,SUCCESS,,2,Approved,0,2026-08-22 07:58:38.959140
PAY007818,CUST8376,3966,UPI,Quarterly,SUCCESS,,1,Approved,0,2026-07-13 00:34:38.959140
PAY007819,CUST4471,5581,Credit Card,Annual,SUCCESS,,3,Approved,0,2026-06-09 04:26:38.959140
PAY007820,CUST7186,15311,Net Banking,Quarterly,FAILED,Bank Timeout,1,Processing Error,1,2026-04-05 09:12:38.959140
PAY007821,CUST9185,24138,Debit Card,Annual,SUCCESS,,2,Approved,0,2026-04-02 02:52:38.959140
PAY007822,CUST5507,9589,UPI,Monthly,FAILED,Fraud Suspected,3,Timeout,0,2026-07-13 03:44:38.959140
PAY007823,CUST4828,1084,Net Banking,Quarterly,FAILED,Card Expired,0,Timeout,0,2026-04-07 01:51:38.959140
PAY007824,CUST4297,18562,Wallet,Annual,SUCCESS,,2,Approved,0,2026-05-14 04:10:38.959140
PAY007825,CUST6007,7146,Debit Card,Annual,SUCCESS,,1,Approved,0,2026-04-24 02:25:38.959140
PAY007826,CUST9432,11538,Credit Card,Monthly,SUCCESS,,3,Approved,0,2026-05-24 18:09:38.959140
PAY007827,CUST7038,17264,Debit Card,Annual,FAILED,User Cancelled,3,Processing Error,0,2026-08-05 08:15:38.959140
PAY007828,CUST9964,4973,UPI,Monthly,FAILED,Network Error,0,Blocked,1,2026-07-31 02:40:38.959140
PAY007829,CUST7499,20924,UPI,Annual,SUCCESS,,3,Approved,0,2026-07-04 02:19:38.959140
PAY007830,CUST1131,12073,UPI,Quarterly,SUCCESS,,3,Approved,0,2026-06-05 12:20:38.959140
PAY007831,CUST3519,3873,Credit Card,Monthly,FAILED,Card Expired,0,Processing Error,0,2026-05-13 15:12:38.959140
PAY007832,CUST9991,20072,UPI,Monthly,SUCCESS,,2,Approved,0,2026-04-08 00:17:38.959140
PAY007833,CUST1639,15259,Wallet,Monthly,SUCCESS,,3,Approved,0,2026-05-10 07:26:38.959140
PAY007834,CUST6968,19764,UPI,Quarterly,SUCCESS,,3,Approved,0,2026-08-17 02:08:38.959140
PAY007835,CUST1630,24424,Wallet,Annual,FAILED,User Cancelled,1,Approved,0,2026-03-31 18:52:38.959140
PAY007836,CUST4620,2134,UPI,Monthly,FAILED,Fraud Suspected,0,Timeout,0,2026-07-05 02:56:38.959140
PAY007837,CUST1231,16093,Net Banking,Quarterly,SUCCESS,,1,Approved,0,2026-04-03 23:35:38.959140
PAY007838,CUST7767,9572,Credit Card,Annual,SUCCESS,,1,Approved,0,2026-05-30 01:53:38.959140
PAY007839,CUST4238,20837,Credit Card,Quarterly,SUCCESS,,1,Approved,0,2026-05-18 11:02:38.959140
PAY007840,CUST6069,13769,Credit Card,Monthly,FAILED,Card Expired,1,Approved,0,2026-07-14 07:37:38.959140
PAY007841,CUST9240,15132,Net Banking,Monthly,SUCCESS,,2,Approved,0,2026-04-20 10:21:38.959140
PAY007842,CUST5781,8819,Credit Card,Annual,SUCCESS,,1,Approved,0,2026-05-27 10:07:38.959140
PAY007843,CUST7249,12432,UPI,Quarterly,SUCCESS,,2,Approved,0,2026-07-20 18:59:38.959140
PAY007844,CUST9146,16686,Debit Card,Annual,FAILED,Card Expired,1,Processing Error,0,2026-08-08 13:51:38.959140
PAY007845,CUST6089,22726,UPI,Quarterly,SUCCESS,,2,Approved,0,2026-08-22 03:34:38.959140
PAY007846,CUST5032,21615,Wallet,Annual,SUCCESS,,3,Approved,0,2026-04-26 01:17:38.959140
PAY007847,CUST9327,11110,Wallet,Quarterly,SUCCESS,,1,Approved,0,2026-08-01 19:01:38.959140
PAY007848,CUST9899,5405,Credit Card,Monthly,FAILED,UPI Failure,2,Blocked,1,2026-05-09 13:19:38.959140
PAY007849,CUST5580,9527,Credit Card,Monthly,FAILED,Fraud Suspected,2,Approved,0,2026-05-11 13:47:38.959140
PAY007850,CUST7544,3794,UPI,Monthly,SUCCESS,,2,Approved,0,2026-07-03 14:44:38.959140
PAY007851,CUST7090,15605,Credit Card,Annual,FAILED,User Cancelled,3,Timeout,0,2026-06-13 16:37:38.959140
PAY007852,CUST6675,21362,Net Banking,Annual,SUCCESS,,0,Approved,0,2026-07-19 02:38:38.959140
PAY007853,CUST3098,12559,Net Banking,Annual,SUCCESS,,3,Approved,0,2026-08-26 17:48:38.959140
PAY007854,CUST6544,7142,Credit Card,Annual,SUCCESS,,1,Approved,0,2026-06-20 22:23:38.959140
PAY007855,CUST4200,1164,Wallet,Quarterly,FAILED,User Cancelled,1,Timeout,0,2026-07-06 22:09:38.959140
PAY007856,CUST8987,6105,Credit Card,Monthly,FAILED,Network Error,2,Processing Error,1,2026-05-21 16:13:38.959140
PAY007857,CUST6933,11856,Wallet,Annual,SUCCESS,,1,Approved,0,2026-05-05 12:00:38.959140
PAY007858,CUST2024,1145,Net Banking,Quarterly,FAILED,Card Expired,0,Approved,0,2026-04-19 00:17:38.959140
PAY007859,CUST4213,7885,Net Banking,Monthly,SUCCESS,,1,Approved,0,2026-05-15 05:14:38.959140
PAY007860,CUST6567,18551,Net Banking,Annual,FAILED,User Cancelled,1,Approved,0,2026-04-01 10:26:38.959140
PAY007861,CUST9972,7317,Net Banking,Monthly,SUCCESS,,3,Approved,0,2026-08-18 01:48:38.959140
PAY007862,CUST4534,2341,Debit Card,Annual,SUCCESS,,1,Approved,0,2026-05-07 17:18:38.959140
PAY007863,CUST1924,22409,Debit Card,Quarterly,SUCCESS,,0,Approved,0,2026-08-23 00:08:38.959140
PAY007864,CUST3605,5804,Net Banking,Monthly,SUCCESS,,2,Approved,0,2026-05-27 15:59:38.959140
PAY007865,CUST4311,9294,UPI,Quarterly,SUCCESS,,1,Approved,0,2026-07-10 08:59:38.959140
PAY007866,CUST3313,5152,Wallet,Quarterly,SUCCESS,,0,Approved,0,2026-07-05 01:25:38.959140
PAY007867,CUST5804,21765,Credit Card,Annual,SUCCESS,,3,Approved,0,2026-06-19 10:43:38.959140
PAY007868,CUST6152,15873,Credit Card,Quarterly,SUCCESS,,2,Approved,0,2026-03-28 12:48:38.959140
PAY007869,CUST8202,4580,Debit Card,Monthly,SUCCESS,,0,Approved,0,2026-07-13 22:59:38.959140
PAY007870,CUST6140,12403,Net Banking,Annual,FAILED,Bank Timeout,0,Blocked,1,2026-07-12 07:58:38.959140
PAY007871,CUST7887,9119,Debit Card,Annual,SUCCESS,,2,Approved,0,2026-03-24 03:10:38.959140
PAY007872,CUST6240,3354,Net Banking,Annual,SUCCESS,,0,Approved,0,2026-03-25 16:00:38.959140
PAY007873,CUST3787,10509,Net Banking,Annual,SUCCESS,,2,Approved,0,2026-03-14 23:41:38.959140
PAY007874,CUST7698,3355,Credit Card,Monthly,FAILED,Insufficient Funds,0,Declined,1,2026-05-20 09:03:38.959140
PAY007875,CUST6330,12201,Credit Card,Monthly,SUCCESS,,0,Approved,0,2026-06-17 21:37:38.959140
PAY007876,CUST6801,3014,Net Banking,Monthly,SUCCESS,,3,Approved,0,2026-08-05 22:09:38.959140
PAY007877,CUST4939,2125,Wallet,Annual,SUCCESS,,3,Approved,0,2026-07-21 13:05:38.959140
PAY007878,CUST5439,2672,Debit Card,Monthly,FAILED,Fraud Suspected,2,Timeout,0,2026-06-10 20:33:38.959140
PAY007879,CUST6520,15310,Net Banking,Annual,SUCCESS,,2,Approved,0,2026-07-30 06:18:38.959140
PAY007880,CUST5808,9634,Net Banking,Annual,SUCCESS,,0,Approved,0,2026-07-05 19:29:38.959140
PAY007881,CUST7576,11447,Credit Card,Monthly,FAILED,Network Error,0,Approved,1,2026-06-09 01:59:38.959140
PAY007882,CUST4225,12121,UPI,Quarterly,FAILED,Network Error,1,Processing Error,1,2026-08-13 05:51:38.959140
PAY007883,CUST9284,11672,Net Banking,Quarterly,SUCCESS,,3,Approved,0,2026-07-12 22:58:38.959140
PAY007884,CUST8479,14949,Net Banking,Quarterly,FAILED,User Cancelled,0,Approved,0,2026-04-12 19:32:38.959140
PAY007885,CUST9447,12765,Debit Card,Annual,SUCCESS,,2,Approved,0,2026-03-13 07:28:38.959140
PAY007886,CUST9403,2781,Wallet,Quarterly,SUCCESS,,0,Approved,0,2026-05-25 10:00:38.959140
PAY007887,CUST7315,24191,Debit Card,Quarterly,SUCCESS,,1,Approved,0,2026-04-03 13:11:38.959140
PAY007888,CUST3959,3614,Debit Card,Monthly,SUCCESS,,2,Approved,0,2026-03-21 11:20:38.959140
PAY007889,CUST8142,8618,Wallet,Quarterly,SUCCESS,,1,Approved,0,2026-06-21 08:22:38.959140
PAY007890,CUST7353,6991,UPI,Monthly,SUCCESS,,2,Approved,0,2026-06-23 22:41:38.959140
PAY007891,CUST9415,2302,Net Banking,Monthly,SUCCESS,,1,Approved,0,2026-03-11 05:00:38.959140
PAY007892,CUST4531,7200,Wallet,Annual,SUCCESS,,0,Approved,0,2026-06-25 15:32:38.959140
PAY007893,CUST2557,15721,Wallet,Annual,SUCCESS,,0,Approved,0,2026-06-20 21:48:38.959140
PAY007894,CUST9753,7320,Net Banking,Annual,SUCCESS,,0,Approved,0,2026-08-30 09:31:38.959140
PAY007895,CUST2594,13642,Wallet,Monthly,SUCCESS,,2,Approved,0,2026-03-10 07:09:38.959140
PAY007896,CUST1130,11962,UPI,Annual,SUCCESS,,3,Approved,0,2026-05-25 10:32:38.959140
PAY007897,CUST8201,17135,Debit Card,Annual,SUCCESS,,3,Approved,0,2026-07-17 13:28:38.959140
PAY007898,CUST2417,13582,Debit Card,Monthly,SUCCESS,,1,Approved,0,2026-05-04 13:05:38.959140
PAY007899,CUST9361,20240,UPI,Quarterly,SUCCESS,,1,Approved,0,2026-04-09 09:28:38.959140
PAY007900,CUST2272,11141,Credit Card,Monthly,FAILED,UPI Failure,0,Declined,1,2026-06-06 13:07:38.959140
PAY007901,CUST4920,15201,Debit Card,Monthly,FAILED,Network Error,2,Approved,1,2026-06-21 10:47:38.959140
PAY007902,CUST7991,24472,Credit Card,Quarterly,SUCCESS,,3,Approved,0,2026-07-10 22:19:38.959140
PAY007903,CUST7060,8193,UPI,Monthly,SUCCESS,,3,Approved,0,2026-05-25 19:40:38.959140
PAY007904,CUST2806,4278,Net Banking,Monthly,FAILED,Invalid CVV,2,Timeout,0,2026-05-28 09:47:38.959140
PAY007905,CUST2566,15033,Debit Card,Quarterly,SUCCESS,,1,Approved,0,2026-06-03 03:27:38.959140
PAY007906,CUST9765,6465,UPI,Annual,SUCCESS,,3,Approved,0,2026-04-10 03:23:38.959140
PAY007907,CUST1384,6496,Credit Card,Monthly,FAILED,Network Error,2,Timeout,1,2026-03-31 22:00:38.959140
PAY007908,CUST7812,504,Wallet,Quarterly,SUCCESS,,3,Approved,0,2026-05-05 10:44:38.959140
PAY007909,CUST6165,9979,Debit Card,Annual,SUCCESS,,2,Approved,0,2026-05-26 16:43:38.959140
PAY007910,CUST9002,4765,Credit Card,Annual,SUCCESS,,0,Approved,0,2026-06-11 14:32:38.959140
PAY007911,CUST6340,21710,Wallet,Annual,FAILED,Bank Timeout,1,Timeout,1,2026-03-29 01:11:38.959140
PAY007912,CUST1951,15535,Credit Card,Monthly,FAILED,Insufficient Funds,2,Timeout,1,2026-08-06 08:02:38.959140
PAY007913,CUST7213,6914,Debit Card,Monthly,SUCCESS,,2,Approved,0,2026-07-26 21:50:38.959140
PAY007914,CUST7850,21816,Wallet,Annual,SUCCESS,,3,Approved,0,2026-05-07 15:23:38.959140
PAY007915,CUST5803,22700,Net Banking,Quarterly,FAILED,UPI Failure,1,Timeout,1,2026-06-17 02:36:38.959140
PAY007916,CUST6561,10189,Credit Card,Annual,SUCCESS,,0,Approved,0,2026-04-08 21:37:38.959140
PAY007917,CUST7945,22908,Debit Card,Quarterly,FAILED,Card Expired,1,Approved,0,2026-04-26 19:00:38.959140
PAY007918,CUST7910,4533,Credit Card,Annual,FAILED,Invalid CVV,3,Timeout,0,2026-05-25 13:08:38.959140
PAY007919,CUST4819,13894,Credit Card,Quarterly,FAILED,Insufficient Funds,3,Declined,1,2026-07-02 19:29:38.959140
PAY007920,CUST5193,22384,Debit Card,Monthly,SUCCESS,,3,Approved,0,2026-05-31 11:25:38.959140
PAY007921,CUST8686,24195,UPI,Annual,SUCCESS,,2,Approved,0,2026-04-15 18:02:38.959140
PAY007922,CUST4569,3768,Debit Card,Monthly,FAILED,Insufficient Funds,1,Approved,1,2026-07-16 01:44:38.959140
PAY007923,CUST9374,8143,Credit Card,Quarterly,SUCCESS,,2,Approved,0,2026-07-21 23:30:38.959140
PAY007924,CUST3215,3813,UPI,Monthly,SUCCESS,,3,Approved,0,2026-04-14 20:44:38.959140
PAY007925,CUST7464,451,Debit Card,Quarterly,SUCCESS,,3,Approved,0,2026-05-21 03:25:38.959140
PAY007926,CUST9335,3259,Wallet,Quarterly,SUCCESS,,2,Approved,0,2026-06-04 06:03:38.959140
PAY007927,CUST9996,21152,Wallet,Quarterly,SUCCESS,,3,Approved,0,2026-06-13 13:09:38.959140
PAY007928,CUST6824,16501,Net Banking,Annual,SUCCESS,,3,Approved,0,2026-06-30 12:38:38.959140
PAY007929,CUST2418,2894,Net Banking,Annual,SUCCESS,,0,Approved,0,2026-05-02 00:11:38.959140
PAY007930,CUST3898,13754,Credit Card,Annual,FAILED,Insufficient Funds,0,Processing Error,1,2026-07-05 15:21:38.959140
PAY007931,CUST9829,11710,Credit Card,Monthly,SUCCESS,,0,Approved,0,2026-03-13 13:53:38.959140
PAY007932,CUST9604,22073,Debit Card,Monthly,FAILED,Invalid CVV,3,Blocked,0,2026-05-20 06:00:38.959140
PAY007933,CUST7312,7602,Debit Card,Monthly,SUCCESS,,1,Approved,0,2026-08-28 07:10:38.959140
PAY007934,CUST3290,1727,Debit Card,Monthly,SUCCESS,,2,Approved,0,2026-08-23 12:41:38.959140
PAY007935,CUST8257,24835,Net Banking,Quarterly,SUCCESS,,1,Approved,0,2026-03-16 23:05:38.959140
PAY007936,CUST5624,7404,Wallet,Quarterly,FAILED,Bank Timeout,1,Blocked,1,2026-05-10 04:57:38.959140
PAY007937,CUST7841,1837,UPI,Monthly,SUCCESS,,1,Approved,0,2026-07-17 09:59:38.959140
PAY007938,CUST8829,20828,UPI,Quarterly,SUCCESS,,1,Approved,0,2026-07-25 06:36:38.959140
PAY007939,CUST2144,6849,Credit Card,Annual,FAILED,UPI Failure,3,Processing Error,1,2026-06-16 14:31:38.959140
PAY007940,CUST2860,14800,Credit Card,Quarterly,FAILED,Invalid CVV,3,Declined,0,2026-06-07 04:04:38.959140
PAY007941,CUST2118,10613,Debit Card,Annual,SUCCESS,,3,Approved,0,2026-07-24 10:44:38.959140
PAY007942,CUST4233,4047,Wallet,Annual,SUCCESS,,2,Approved,0,2026-07-22 16:52:38.959140
PAY007943,CUST2087,10066,Credit Card,Monthly,SUCCESS,,2,Approved,0,2026-04-23 09:45:38.959140
PAY007944,CUST1782,10970,UPI,Monthly,SUCCESS,,0,Approved,0,2026-05-05 13:33:38.959140
PAY007945,CUST4521,22296,Net Banking,Annual,SUCCESS,,3,Approved,0,2026-03-15 15:05:38.959140
PAY007946,CUST5067,8082,Credit Card,Monthly,SUCCESS,,3,Approved,0,2026-07-19 09:20:38.959140
PAY007947,CUST2025,20857,Debit Card,Annual,SUCCESS,,1,Approved,0,2026-05-05 11:25:38.959140
PAY007948,CUST7447,16895,Credit Card,Monthly,SUCCESS,,3,Approved,0,2026-08-15 09:13:38.959140
PAY007949,CUST3910,15468,UPI,Monthly,FAILED,Bank Timeout,2,Blocked,1,2026-07-20 06:03:38.959140
PAY007950,CUST3185,16319,UPI,Annual,FAILED,Fraud Suspected,1,Blocked,0,2026-06-08 01:06:38.959140
PAY007951,CUST6522,2946,UPI,Annual,SUCCESS,,3,Approved,0,2026-07-27 08:41:38.959140
PAY007952,CUST3355,22507,Debit Card,Annual,FAILED,Card Expired,3,Declined,0,2026-04-21 18:05:38.959140
PAY007953,CUST7381,23907,UPI,Annual,SUCCESS,,2,Approved,0,2026-06-24 14:55:38.959140
PAY007954,CUST3813,23006,Net Banking,Monthly,FAILED,Invalid CVV,2,Processing Error,0,2026-03-26 13:28:38.959140
PAY007955,CUST6184,15966,Wallet,Annual,SUCCESS,,0,Approved,0,2026-05-26 00:12:38.959140
PAY007956,CUST4509,16726,Net Banking,Annual,SUCCESS,,3,Approved,0,2026-04-08 10:59:38.959140
PAY007957,CUST2581,24700,Net Banking,Monthly,SUCCESS,,3,Approved,0,2026-06-01 23:52:38.959140
PAY007958,CUST2415,18947,Net Banking,Quarterly,SUCCESS,,1,Approved,0,2026-08-12 07:35:38.959140
PAY007959,CUST9019,15771,UPI,Monthly,SUCCESS,,0,Approved,0,2026-07-09 00:24:38.959140
PAY007960,CUST7945,21289,Credit Card,Annual,SUCCESS,,3,Approved,0,2026-06-22 22:01:38.959140
PAY007961,CUST9286,11136,Debit Card,Monthly,SUCCESS,,1,Approved,0,2026-05-29 08:20:38.959140
PAY007962,CUST9930,447,Net Banking,Annual,SUCCESS,,1,Approved,0,2026-06-28 04:47:38.959140
PAY007963,CUST5699,1409,Net Banking,Quarterly,SUCCESS,,3,Approved,0,2026-07-30 08:37:38.959140
PAY007964,CUST5981,10175,Wallet,Annual,FAILED,Invalid CVV,0,Blocked,0,2026-07-07 17:05:38.959140
PAY007965,CUST4168,22936,Credit Card,Monthly,SUCCESS,,2,Approved,0,2026-06-27 10:22:38.959140
PAY007966,CUST7194,19147,Wallet,Quarterly,SUCCESS,,1,Approved,0,2026-04-09 04:16:38.959140
PAY007967,CUST7013,938,Debit Card,Annual,SUCCESS,,1,Approved,0,2026-06-03 10:36:38.959140
PAY007968,CUST8931,17508,Net Banking,Quarterly,FAILED,Fraud Suspected,2,Timeout,0,2026-07-30 21:53:38.959140
PAY007969,CUST7857,19104,Debit Card,Monthly,SUCCESS,,1,Approved,0,2026-04-26 06:04:38.959140
PAY007970,CUST3112,16655,Credit Card,Monthly,SUCCESS,,0,Approved,0,2026-04-19 07:20:38.959140
PAY007971,CUST5238,15188,UPI,Monthly,SUCCESS,,2,Approved,0,2026-03-13 06:30:38.959140
PAY007972,CUST4908,12984,Debit Card,Annual,SUCCESS,,2,Approved,0,2026-07-24 18:48:38.959140
PAY007973,CUST8266,18842,Credit Card,Monthly,FAILED,User Cancelled,2,Timeout,0,2026-08-09 09:49:38.959140
PAY007974,CUST7945,18780,Net Banking,Monthly,SUCCESS,,1,Approved,0,2026-07-07 20:37:38.959140
PAY007975,CUST8182,21650,Net Banking,Monthly,SUCCESS,,2,Approved,0,2026-06-07 05:48:38.959140
PAY007976,CUST9229,18299,UPI,Quarterly,SUCCESS,,1,Approved,0,2026-08-03 10:21:38.959140
PAY007977,CUST9611,2093,Wallet,Annual,FAILED,Fraud Suspected,0,Timeout,0,2026-04-05 02:30:38.959140
PAY007978,CUST4920,9039,Wallet,Annual,FAILED,UPI Failure,0,Blocked,1,2026-07-02 07:12:38.959140
PAY007979,CUST4327,20172,Credit Card,Annual,FAILED,Network Error,3,Declined,1,2026-06-27 13:58:38.959140
PAY007980,CUST8038,6518,Wallet,Annual,SUCCESS,,3,Approved,0,2026-08-05 21:13:38.959140
PAY007981,CUST9672,23682,Credit Card,Quarterly,SUCCESS,,3,Approved,0,2026-06-12 19:54:38.959140
PAY007982,CUST8105,14759,Wallet,Monthly,SUCCESS,,1,Approved,0,2026-06-19 06:03:38.959140
PAY007983,CUST6449,12514,UPI,Quarterly,FAILED,Bank Timeout,2,Declined,1,2026-04-11 16:00:38.959140
PAY007984,CUST6896,20906,Credit Card,Monthly,FAILED,UPI Failure,1,Declined,1,2026-06-05 04:02:38.959140
PAY007985,CUST9460,17229,Debit Card,Annual,SUCCESS,,0,Approved,0,2026-05-17 09:56:38.959140
PAY007986,CUST4417,21951,Debit Card,Monthly,SUCCESS,,1,Approved,0,2026-08-26 00:32:38.959140
PAY007987,CUST9866,20310,Net Banking,Quarterly,SUCCESS,,2,Approved,0,2026-03-20 06:30:38.959140
PAY007988,CUST8109,23679,Credit Card,Annual,SUCCESS,,1,Approved,0,2026-05-23 03:14:38.959140
PAY007989,CUST8214,1952,Net Banking,Annual,SUCCESS,,3,Approved,0,2026-05-22 09:01:38.959140
PAY007990,CUST8899,17737,UPI,Annual,FAILED,Network Error,3,Blocked,1,2026-05-29 11:21:38.959140
PAY007991,CUST8048,20048,Wallet,Annual,FAILED,UPI Failure,0,Timeout,1,2026-05-14 03:12:38.959140
PAY007992,CUST8961,7559,Debit Card,Monthly,FAILED,User Cancelled,1,Declined,0,2026-03-15 19:25:38.959140
PAY007993,CUST7355,5270,UPI,Monthly,SUCCESS,,2,Approved,0,2026-04-04 08:09:38.959140
PAY007994,CUST8737,8016,Net Banking,Monthly,SUCCESS,,1,Approved,0,2026-04-29 17:03:38.959140
PAY007995,CUST2819,3660,Wallet,Annual,SUCCESS,,2,Approved,0,2026-07-29 18:47:38.959140
PAY007996,CUST5933,24815,UPI,Quarterly,FAILED,Network Error,3,Declined,1,2026-03-24 13:23:38.959140
PAY007997,CUST5332,12037,Net Banking,Quarterly,SUCCESS,,3,Approved,0,2026-04-12 00:31:38.959140
PAY007998,CUST9575,19740,Debit Card,Monthly,FAILED,Bank Timeout,2,Processing Error,1,2026-06-04 10:02:38.959140
PAY007999,CUST4712,4682,Wallet,Annual,SUCCESS,,2,Approved,0,2026-08-10 08:30:38.959140
PAY008000,CUST9371,11728,Net Banking,Quarterly,SUCCESS,,0,Approved,0,2026-03-14 17:16:38.959140
PAY008001,CUST1268,23036,Debit Card,Monthly,FAILED,Fraud Suspected,1,Timeout,0,2026-07-30 13:08:38.959140
PAY008002,CUST6648,20295,Wallet,Quarterly,FAILED,UPI Failure,0,Declined,1,2026-05-05 07:39:38.959140
PAY008003,CUST6268,7494,Credit Card,Quarterly,SUCCESS,,2,Approved,0,2026-08-29 23:34:38.959140
PAY008004,CUST9183,20370,Wallet,Annual,FAILED,Insufficient Funds,3,Processing Error,1,2026-03-28 01:35:38.959140
PAY008005,CUST3632,15058,Credit Card,Annual,SUCCESS,,1,Approved,0,2026-04-06 00:24:38.959140
PAY008006,CUST6304,12513,Credit Card,Monthly,SUCCESS,,0,Approved,0,2026-07-25 11:07:38.959140
PAY008007,CUST8540,442,Debit Card,Annual,FAILED,Insufficient Funds,1,Declined,1,2026-06-08 05:41:38.959140
PAY008008,CUST8706,15704,Net Banking,Annual,SUCCESS,,3,Approved,0,2026-08-03 08:02:38.959140
PAY008009,CUST6229,17712,UPI,Quarterly,SUCCESS,,0,Approved,0,2026-08-20 02:48:38.959140
PAY008010,CUST1160,18255,UPI,Quarterly,SUCCESS,,3,Approved,0,2026-07-05 23:07:38.959140
PAY008011,CUST1614,2404,Net Banking,Quarterly,SUCCESS,,1,Approved,0,2026-07-26 11:02:38.959140
PAY008012,CUST6995,1890,Wallet,Quarterly,FAILED,Card Expired,0,Timeout,0,2026-05-22 01:58:38.959140
PAY008013,CUST5196,7276,Debit Card,Quarterly,FAILED,Bank Timeout,1,Timeout,1,2026-08-14 06:15:38.959140
PAY008014,CUST2571,11198,Debit Card,Annual,FAILED,Bank Timeout,1,Declined,1,2026-04-17 10:01:38.959140
PAY008015,CUST7121,20252,UPI,Quarterly,FAILED,Card Expired,2,Declined,0,2026-04-29 16:59:38.959140
PAY008016,CUST1848,19749,Credit Card,Annual,SUCCESS,,1,Approved,0,2026-04-16 18:39:38.959140
PAY008017,CUST1681,14318,Net Banking,Monthly,SUCCESS,,2,Approved,0,2026-06-24 16:59:38.959140
PAY008018,CUST7051,21702,UPI,Monthly,SUCCESS,,3,Approved,0,2026-06-26 14:47:38.959140
PAY008019,CUST3296,6936,Wallet,Quarterly,FAILED,Card Expired,3,Approved,0,2026-08-21 06:28:38.959140
PAY008020,CUST8428,23198,Credit Card,Monthly,SUCCESS,,0,Approved,0,2026-03-21 10:10:38.959140
PAY008021,CUST9689,19035,Credit Card,Monthly,SUCCESS,,1,Approved,0,2026-08-08 09:52:38.959140
PAY008022,CUST9510,4435,Wallet,Annual,SUCCESS,,3,Approved,0,2026-08-18 16:03:38.959140
PAY008023,CUST4065,18616,Wallet,Quarterly,FAILED,Network Error,3,Approved,1,2026-04-03 08:52:38.959140
PAY008024,CUST6884,4834,UPI,Quarterly,SUCCESS,,0,Approved,0,2026-06-09 06:30:38.959140
PAY008025,CUST2750,1809,Wallet,Monthly,SUCCESS,,1,Approved,0,2026-07-23 06:01:38.959140
PAY008026,CUST9950,13481,Debit Card,Annual,SUCCESS,,0,Approved,0,2026-04-26 14:52:38.959140
PAY008027,CUST2113,18686,Wallet,Quarterly,FAILED,Fraud Suspected,3,Blocked,0,2026-05-08 03:19:38.959140
PAY008028,CUST8010,605,Debit Card,Quarterly,SUCCESS,,1,Approved,0,2026-06-16 18:18:38.959140
PAY008029,CUST9185,20487,UPI,Annual,SUCCESS,,1,Approved,0,2026-08-21 10:55:38.959140
PAY008030,CUST6509,8405,Net Banking,Quarterly,FAILED,UPI Failure,3,Approved,1,2026-05-04 12:24:38.959140
PAY008031,CUST7087,998,Net Banking,Monthly,SUCCESS,,0,Approved,0,2026-08-08 13:39:38.959140
PAY008032,CUST7411,10215,UPI,Quarterly,SUCCESS,,2,Approved,0,2026-07-01 18:54:38.959140
PAY008033,CUST4623,3290,Debit Card,Monthly,SUCCESS,,1,Approved,0,2026-08-09 17:28:38.959140
PAY008034,CUST7162,20689,Net Banking,Monthly,SUCCESS,,2,Approved,0,2026-08-13 07:33:38.959140
PAY008035,CUST6910,11898,Debit Card,Annual,FAILED,Insufficient Funds,0,Blocked,1,2026-05-12 07:37:38.959140
PAY008036,CUST4485,10906,Net Banking,Annual,SUCCESS,,3,Approved,0,2026-06-15 17:02:38.959140
PAY008037,CUST6052,8246,Net Banking,Quarterly,SUCCESS,,0,Approved,0,2026-08-25 12:15:38.959140
PAY008038,CUST4124,5078,Debit Card,Monthly,SUCCESS,,0,Approved,0,2026-07-16 03:10:38.959140
PAY008039,CUST1299,18662,Wallet,Monthly,SUCCESS,,3,Approved,0,2026-08-03 21:33:38.959140
PAY008040,CUST5456,15027,Net Banking,Monthly,SUCCESS,,3,Approved,0,2026-08-21 19:52:38.959140
PAY008041,CUST2321,10207,UPI,Monthly,FAILED,Network Error,1,Declined,1,2026-04-24 12:35:38.959140
PAY008042,CUST3189,19133,Credit Card,Quarterly,FAILED,Invalid CVV,0,Processing Error,0,2026-04-02 14:34:38.959140
PAY008043,CUST4591,20821,Credit Card,Monthly,SUCCESS,,0,Approved,0,2026-07-30 07:17:38.959140
PAY008044,CUST5311,17703,Debit Card,Monthly,SUCCESS,,1,Approved,0,2026-03-27 14:15:38.959140
PAY008045,CUST6057,17597,Net Banking,Monthly,SUCCESS,,0,Approved,0,2026-04-16 12:52:38.959140
PAY008046,CUST3513,24275,Debit Card,Quarterly,FAILED,UPI Failure,1,Timeout,1,2026-06-11 13:11:38.959140
PAY008047,CUST9707,18202,UPI,Annual,SUCCESS,,3,Approved,0,2026-05-24 03:43:38.959140
PAY008048,CUST1812,11032,Debit Card,Annual,SUCCESS,,0,Approved,0,2026-03-15 12:18:38.959140
PAY008049,CUST2897,11557,Debit Card,Quarterly,SUCCESS,,1,Approved,0,2026-06-16 22:05:38.959140
PAY008050,CUST4618,1840,Wallet,Annual,FAILED,User Cancelled,0,Timeout,0,2026-08-12 03:05:38.959140
PAY008051,CUST2745,11011,Wallet,Annual,SUCCESS,,3,Approved,0,2026-06-16 04:31:38.959140
PAY008052,CUST5484,15856,Wallet,Annual,SUCCESS,,3,Approved,0,2026-06-30 20:24:38.959140
PAY008053,CUST5441,9341,Net Banking,Quarterly,FAILED,Card Expired,0,Timeout,0,2026-05-12 01:42:38.959140
PAY008054,CUST2810,19649,Net Banking,Monthly,SUCCESS,,2,Approved,0,2026-04-24 18:35:38.959140
PAY008055,CUST3318,13424,Net Banking,Quarterly,SUCCESS,,2,Approved,0,2026-05-24 08:30:38.959140
PAY008056,CUST6139,18229,Debit Card,Monthly,SUCCESS,,2,Approved,0,2026-05-01 16:25:38.959140
PAY008057,CUST7972,20867,Net Banking,Quarterly,FAILED,UPI Failure,3,Processing Error,1,2026-04-18 19:41:38.959140
PAY008058,CUST4745,11639,Debit Card,Quarterly,SUCCESS,,0,Approved,0,2026-04-09 12:13:38.959140
PAY008059,CUST3965,4449,Credit Card,Quarterly,FAILED,Card Expired,1,Processing Error,0,2026-08-19 13:27:38.959140
PAY008060,CUST2764,8925,Wallet,Annual,SUCCESS,,2,Approved,0,2026-06-29 13:25:38.959140
PAY008061,CUST3624,10324,Wallet,Annual,SUCCESS,,3,Approved,0,2026-08-18 04:23:38.959140
PAY008062,CUST1979,7239,Debit Card,Monthly,SUCCESS,,2,Approved,0,2026-06-15 15:35:38.959140
PAY008063,CUST4271,21668,UPI,Annual,SUCCESS,,2,Approved,0,2026-03-24 17:46:38.959140
PAY008064,CUST1078,11420,Credit Card,Quarterly,FAILED,Card Expired,3,Processing Error,0,2026-03-30 11:55:38.959140
PAY008065,CUST6025,15657,Net Banking,Annual,SUCCESS,,1,Approved,0,2026-05-02 21:18:38.959140
PAY008066,CUST2806,14700,Net Banking,Quarterly,FAILED,Bank Timeout,1,Declined,1,2026-07-23 23:56:38.959140
PAY008067,CUST3629,23001,Credit Card,Quarterly,SUCCESS,,3,Approved,0,2026-06-19 07:16:38.959140
PAY008068,CUST4228,11276,UPI,Monthly,SUCCESS,,2,Approved,0,2026-07-08 05:29:38.959140
PAY008069,CUST9119,24716,Debit Card,Monthly,SUCCESS,,2,Approved,0,2026-07-14 13:03:38.959140
PAY008070,CUST1452,10173,Net Banking,Monthly,SUCCESS,,3,Approved,0,2026-04-28 15:47:38.959140
PAY008071,CUST8980,5062,Debit Card,Quarterly,SUCCESS,,3,Approved,0,2026-03-28 19:09:38.959140
PAY008072,CUST3043,15994,Wallet,Monthly,SUCCESS,,0,Approved,0,2026-05-18 20:44:38.959140
PAY008073,CUST3036,8701,UPI,Annual,SUCCESS,,1,Approved,0,2026-05-08 15:47:38.959140
PAY008074,CUST6131,10462,UPI,Annual,SUCCESS,,2,Approved,0,2026-05-09 13:22:38.959140
PAY008075,CUST3119,21808,Wallet,Quarterly,FAILED,Card Expired,1,Timeout,0,2026-05-01 11:36:38.959140
PAY008076,CUST2092,18028,Net Banking,Monthly,SUCCESS,,2,Approved,0,2026-03-10 21:43:38.959140
PAY008077,CUST2921,1670,Debit Card,Quarterly,SUCCESS,,3,Approved,0,2026-04-24 15:53:38.959140
PAY008078,CUST6726,8141,Credit Card,Monthly,SUCCESS,,3,Approved,0,2026-07-13 05:56:38.959140
PAY008079,CUST2566,11876,Debit Card,Quarterly,SUCCESS,,3,Approved,0,2026-06-29 09:34:38.959140
PAY008080,CUST6745,3676,Net Banking,Monthly,FAILED,Fraud Suspected,3,Approved,0,2026-07-12 11:31:38.959140
PAY008081,CUST2452,14040,Credit Card,Quarterly,SUCCESS,,2,Approved,0,2026-03-11 02:42:38.959140
PAY008082,CUST1094,16201,Net Banking,Monthly,SUCCESS,,0,Approved,0,2026-03-12 15:23:38.959140
PAY008083,CUST5900,15890,Debit Card,Monthly,SUCCESS,,0,Approved,0,2026-07-07 09:39:38.959140
PAY008084,CUST6884,11844,Debit Card,Annual,SUCCESS,,0,Approved,0,2026-04-29 17:35:38.959140
PAY008085,CUST9995,17880,UPI,Quarterly,FAILED,Network Error,3,Processing Error,1,2026-08-12 21:36:38.959140
PAY008086,CUST2276,13011,Wallet,Monthly,SUCCESS,,3,Approved,0,2026-07-20 01:14:38.959140
PAY008087,CUST9861,8004,Debit Card,Annual,SUCCESS,,0,Approved,0,2026-05-18 10:55:38.959140
PAY008088,CUST1380,15447,Wallet,Annual,SUCCESS,,1,Approved,0,2026-04-14 08:50:38.959140
PAY008089,CUST7310,671,Debit Card,Quarterly,SUCCESS,,2,Approved,0,2026-07-19 12:05:38.959140
PAY008090,CUST1112,7835,Net Banking,Annual,SUCCESS,,0,Approved,0,2026-07-08 11:54:38.959140
PAY008091,CUST1779,11817,Wallet,Monthly,SUCCESS,,0,Approved,0,2026-07-10 12:18:38.959140
PAY008092,CUST3905,15808,Net Banking,Annual,FAILED,Insufficient Funds,1,Approved,1,2026-04-17 05:07:38.959140
PAY008093,CUST3725,7935,Credit Card,Quarterly,FAILED,UPI Failure,1,Declined,1,2026-08-03 20:26:38.959140
PAY008094,CUST5288,14081,Credit Card,Monthly,SUCCESS,,2,Approved,0,2026-03-20 14:06:38.959140
PAY008095,CUST8607,12742,Credit Card,Quarterly,FAILED,Insufficient Funds,0,Timeout,1,2026-05-09 05:32:38.959140
PAY008096,CUST6997,4714,Debit Card,Annual,SUCCESS,,1,Approved,0,2026-05-24 22:55:38.959140
PAY008097,CUST8671,11370,Credit Card,Quarterly,SUCCESS,,1,Approved,0,2026-06-20 08:28:38.959140
PAY008098,CUST8116,3262,Debit Card,Monthly,FAILED,User Cancelled,1,Blocked,0,2026-07-11 01:17:38.959140
PAY008099,CUST2014,20856,UPI,Annual,SUCCESS,,3,Approved,0,2026-08-06 19:12:38.959140
PAY008100,CUST8652,23252,Debit Card,Monthly,SUCCESS,,3,Approved,0,2026-04-07 06:16:38.959140
PAY008101,CUST4970,3038,UPI,Quarterly,SUCCESS,,2,Approved,0,2026-07-06 23:46:38.959140
PAY008102,CUST4278,2355,Net Banking,Quarterly,SUCCESS,,0,Approved,0,2026-07-15 10:50:38.959140
PAY008103,CUST3562,23599,Debit Card,Quarterly,SUCCESS,,0,Approved,0,2026-07-04 11:24:38.959140
PAY008104,CUST3083,5778,Wallet,Annual,FAILED,Insufficient Funds,3,Processing Error,1,2026-03-17 05:09:38.959140
PAY008105,CUST9530,6100,Debit Card,Monthly,SUCCESS,,1,Approved,0,2026-04-13 06:28:38.959140
PAY008106,CUST6229,15254,Wallet,Quarterly,SUCCESS,,1,Approved,0,2026-06-15 16:47:38.959140
PAY008107,CUST6341,18524,UPI,Annual,SUCCESS,,1,Approved,0,2026-04-07 03:06:38.959140
PAY008108,CUST5436,16028,Wallet,Quarterly,SUCCESS,,2,Approved,0,2026-04-10 19:55:38.959140
PAY008109,CUST2673,13145,Credit Card,Annual,SUCCESS,,2,Approved,0,2026-05-06 02:06:38.959140
PAY008110,CUST4082,16911,Net Banking,Quarterly,FAILED,Network Error,2,Blocked,1,2026-05-28 02:34:38.959140
PAY008111,CUST4443,11471,UPI,Annual,SUCCESS,,3,Approved,0,2026-03-20 09:38:38.959140
PAY008112,CUST2169,5592,Credit Card,Monthly,SUCCESS,,1,Approved,0,2026-07-02 00:25:38.959140
PAY008113,CUST4444,23030,Debit Card,Monthly,SUCCESS,,3,Approved,0,2026-05-13 16:31:38.959140
PAY008114,CUST6501,9511,Debit Card,Annual,SUCCESS,,1,Approved,0,2026-08-06 21:38:38.959140
PAY008115,CUST7962,10963,Wallet,Monthly,FAILED,Network Error,3,Blocked,1,2026-05-01 07:52:38.959140
PAY008116,CUST7089,4266,Debit Card,Monthly,SUCCESS,,2,Approved,0,2026-04-06 05:36:38.959140
PAY008117,CUST5077,6400,Debit Card,Monthly,SUCCESS,,2,Approved,0,2026-07-13 06:36:38.959140
PAY008118,CUST7222,11632,Net Banking,Monthly,FAILED,Network Error,0,Timeout,1,2026-06-07 00:53:38.959140
PAY008119,CUST2671,14272,Debit Card,Quarterly,FAILED,Fraud Suspected,1,Processing Error,0,2026-07-24 02:53:38.959140
PAY008120,CUST1637,13704,Credit Card,Monthly,FAILED,Insufficient Funds,0,Approved,1,2026-03-12 22:18:38.959140
PAY008121,CUST6541,3460,Debit Card,Monthly,SUCCESS,,1,Approved,0,2026-04-16 23:12:38.959140
PAY008122,CUST4129,13780,Credit Card,Annual,SUCCESS,,1,Approved,0,2026-04-03 15:09:38.959140
PAY008123,CUST3073,8597,Credit Card,Quarterly,SUCCESS,,0,Approved,0,2026-04-26 10:52:38.959140
PAY008124,CUST5832,20674,Debit Card,Quarterly,FAILED,Bank Timeout,1,Approved,1,2026-05-23 21:17:38.959140
PAY008125,CUST1595,15657,Debit Card,Quarterly,SUCCESS,,0,Approved,0,2026-05-09 23:34:38.959140
PAY008126,CUST9905,20345,Net Banking,Quarterly,SUCCESS,,3,Approved,0,2026-06-06 17:31:38.959140
PAY008127,CUST3042,1155,Debit Card,Annual,SUCCESS,,0,Approved,0,2026-07-11 09:48:38.959140
PAY008128,CUST5890,5951,Credit Card,Monthly,SUCCESS,,3,Approved,0,2026-06-15 12:15:38.959140
PAY008129,CUST5402,23241,Net Banking,Annual,FAILED,User Cancelled,3,Timeout,0,2026-04-13 10:06:38.959140
PAY008130,CUST7338,6902,Wallet,Annual,SUCCESS,,1,Approved,0,2026-07-18 09:00:38.959140
PAY008131,CUST2357,1249,Wallet,Quarterly,SUCCESS,,2,Approved,0,2026-05-29 16:59:38.959140
PAY008132,CUST5805,6660,Debit Card,Quarterly,SUCCESS,,0,Approved,0,2026-05-13 05:54:38.959140
PAY008133,CUST3648,18422,Net Banking,Monthly,SUCCESS,,3,Approved,0,2026-05-28 08:41:38.959140
PAY008134,CUST4812,7152,UPI,Annual,FAILED,Fraud Suspected,2,Approved,0,2026-05-26 23:45:38.959140
PAY008135,CUST2282,20281,Wallet,Annual,SUCCESS,,3,Approved,0,2026-06-10 10:20:38.959140
PAY008136,CUST7422,15883,Wallet,Annual,SUCCESS,,3,Approved,0,2026-06-07 23:51:38.959140
PAY008137,CUST3020,7220,Wallet,Quarterly,SUCCESS,,0,Approved,0,2026-06-21 11:22:38.959140
PAY008138,CUST7369,22446,UPI,Monthly,SUCCESS,,3,Approved,0,2026-04-28 11:25:38.959140
PAY008139,CUST1143,21707,UPI,Monthly,SUCCESS,,0,Approved,0,2026-06-26 18:39:38.959140
PAY008140,CUST9100,11970,Debit Card,Annual,SUCCESS,,2,Approved,0,2026-03-30 09:16:38.959140
PAY008141,CUST4321,7234,Credit Card,Quarterly,FAILED,User Cancelled,3,Declined,0,2026-04-17 03:58:38.959140
PAY008142,CUST8118,16636,Wallet,Quarterly,SUCCESS,,3,Approved,0,2026-05-23 03:33:38.959140
PAY008143,CUST2140,17565,UPI,Quarterly,FAILED,Fraud Suspected,2,Declined,0,2026-08-04 21:16:38.959140
PAY008144,CUST7637,2295,Debit Card,Monthly,SUCCESS,,0,Approved,0,2026-07-17 11:42:38.959140
PAY008145,CUST8563,20275,Credit Card,Annual,SUCCESS,,2,Approved,0,2026-08-10 03:37:38.959140
PAY008146,CUST2280,24152,UPI,Quarterly,FAILED,Fraud Suspected,2,Declined,0,2026-07-12 09:28:38.959140
PAY008147,CUST1740,16328,Credit Card,Annual,SUCCESS,,0,Approved,0,2026-07-08 11:59:38.959140
PAY008148,CUST6415,21763,Wallet,Quarterly,SUCCESS,,1,Approved,0,2026-06-01 17:08:38.959140
PAY008149,CUST7275,20730,Wallet,Quarterly,SUCCESS,,2,Approved,0,2026-06-17 13:30:38.959140
PAY008150,CUST5191,10969,Credit Card,Monthly,SUCCESS,,2,Approved,0,2026-04-15 21:41:38.959140
PAY008151,CUST6462,18690,Credit Card,Annual,SUCCESS,,2,Approved,0,2026-07-27 19:39:38.959140
PAY008152,CUST7951,11424,Credit Card,Annual,SUCCESS,,3,Approved,0,2026-03-18 01:28:38.959140
PAY008153,CUST1782,259,Wallet,Annual,FAILED,Insufficient Funds,0,Timeout,1,2026-06-18 05:01:38.959140
PAY008154,CUST3033,20376,Debit Card,Annual,SUCCESS,,0,Approved,0,2026-05-06 12:04:38.959140
PAY008155,CUST1976,168,Wallet,Quarterly,SUCCESS,,2,Approved,0,2026-07-31 04:07:38.959140
PAY008156,CUST5362,2694,Net Banking,Annual,SUCCESS,,1,Approved,0,2026-07-10 14:10:38.959140
PAY008157,CUST4590,5392,Net Banking,Quarterly,SUCCESS,,3,Approved,0,2026-08-22 06:09:38.959140
PAY008158,CUST7749,6083,Debit Card,Quarterly,SUCCESS,,1,Approved,0,2026-08-03 02:51:38.959140
PAY008159,CUST4591,22777,Wallet,Annual,SUCCESS,,2,Approved,0,2026-07-13 06:54:38.959140
PAY008160,CUST5738,9450,Credit Card,Quarterly,FAILED,Invalid CVV,2,Approved,0,2026-04-17 08:57:38.959140
PAY008161,CUST5529,2840,Credit Card,Quarterly,SUCCESS,,3,Approved,0,2026-04-30 08:26:38.959140
PAY008162,CUST6528,18816,Credit Card,Quarterly,SUCCESS,,3,Approved,0,2026-06-13 21:45:38.959140
PAY008163,CUST9993,14271,UPI,Monthly,FAILED,Card Expired,1,Blocked,0,2026-03-13 06:56:38.959140
PAY008164,CUST5254,12687,Credit Card,Annual,SUCCESS,,3,Approved,0,2026-04-01 04:19:38.959140
PAY008165,CUST1131,16096,Wallet,Quarterly,SUCCESS,,0,Approved,0,2026-04-08 04:23:38.959140
PAY008166,CUST5044,600,Debit Card,Monthly,SUCCESS,,3,Approved,0,2026-07-10 12:19:38.959140
PAY008167,CUST8687,22587,Debit Card,Annual,FAILED,Card Expired,2,Approved,0,2026-07-01 04:03:38.959140
PAY008168,CUST3216,3942,Debit Card,Monthly,SUCCESS,,3,Approved,0,2026-03-19 18:59:38.959140
PAY008169,CUST9706,19712,Net Banking,Monthly,SUCCESS,,3,Approved,0,2026-03-10 02:40:38.959140
PAY008170,CUST8841,21305,Debit Card,Annual,SUCCESS,,1,Approved,0,2026-06-02 22:41:38.959140
PAY008171,CUST2415,12150,Net Banking,Monthly,SUCCESS,,1,Approved,0,2026-06-02 20:24:38.959140
PAY008172,CUST4934,3862,Credit Card,Monthly,SUCCESS,,2,Approved,0,2026-04-20 17:56:38.959140
PAY008173,CUST7271,6205,Wallet,Quarterly,SUCCESS,,2,Approved,0,2026-08-29 22:30:38.959140
PAY008174,CUST4864,8337,UPI,Monthly,SUCCESS,,0,Approved,0,2026-04-13 13:02:38.959140
PAY008175,CUST4715,19590,Wallet,Quarterly,SUCCESS,,3,Approved,0,2026-06-09 09:32:38.959140
PAY008176,CUST8083,24693,Credit Card,Monthly,FAILED,Bank Timeout,2,Processing Error,1,2026-04-07 13:02:38.959140
PAY008177,CUST1480,7054,Credit Card,Annual,SUCCESS,,0,Approved,0,2026-06-25 18:07:38.959140
PAY008178,CUST7241,10295,Debit Card,Monthly,FAILED,Card Expired,0,Timeout,0,2026-04-23 17:21:38.959140
PAY008179,CUST4394,23347,Net Banking,Quarterly,FAILED,UPI Failure,3,Approved,1,2026-05-27 11:07:38.959140
PAY008180,CUST2367,23228,Debit Card,Quarterly,SUCCESS,,1,Approved,0,2026-05-08 15:20:38.959140
PAY008181,CUST3280,16975,Debit Card,Annual,SUCCESS,,1,Approved,0,2026-04-17 11:50:38.959140
PAY008182,CUST4063,10217,Wallet,Quarterly,SUCCESS,,2,Approved,0,2026-07-19 19:34:38.959140
PAY008183,CUST7657,18715,Debit Card,Quarterly,FAILED,Fraud Suspected,1,Blocked,0,2026-07-17 10:09:38.959140
PAY008184,CUST4624,18114,Debit Card,Monthly,SUCCESS,,1,Approved,0,2026-07-04 13:08:38.959140
PAY008185,CUST7349,20003,Debit Card,Monthly,SUCCESS,,3,Approved,0,2026-03-09 19:46:38.959140
PAY008186,CUST6299,9550,Debit Card,Monthly,FAILED,Network Error,0,Approved,1,2026-04-04 22:55:38.959140
PAY008187,CUST4348,8660,UPI,Quarterly,SUCCESS,,3,Approved,0,2026-06-09 09:02:38.959140
PAY008188,CUST9150,575,UPI,Monthly,FAILED,Network Error,0,Declined,1,2026-05-21 14:20:38.959140
PAY008189,CUST2674,18813,UPI,Annual,SUCCESS,,0,Approved,0,2026-04-24 19:15:38.959140
PAY008190,CUST7773,12564,Debit Card,Monthly,SUCCESS,,3,Approved,0,2026-04-15 09:26:38.959140
PAY008191,CUST7655,5105,Debit Card,Annual,SUCCESS,,0,Approved,0,2026-04-12 22:25:38.959140
PAY008192,CUST8969,9434,Net Banking,Annual,SUCCESS,,1,Approved,0,2026-05-19 08:19:38.959140
PAY008193,CUST6009,15862,Net Banking,Quarterly,SUCCESS,,3,Approved,0,2026-06-04 22:59:38.959140
PAY008194,CUST9418,6191,Net Banking,Annual,SUCCESS,,3,Approved,0,2026-06-26 06:34:38.959140
PAY008195,CUST4614,3015,Credit Card,Quarterly,SUCCESS,,1,Approved,0,2026-04-16 07:48:38.959140
PAY008196,CUST2550,18479,Net Banking,Monthly,SUCCESS,,1,Approved,0,2026-08-04 13:58:38.959140
PAY008197,CUST7304,13764,UPI,Quarterly,SUCCESS,,3,Approved,0,2026-03-31 18:15:38.959140
PAY008198,CUST6049,9376,Net Banking,Quarterly,FAILED,User Cancelled,0,Approved,0,2026-08-12 19:59:38.959140
PAY008199,CUST1681,4135,Credit Card,Annual,SUCCESS,,3,Approved,0,2026-07-22 08:02:38.959140
PAY008200,CUST1479,10790,Net Banking,Annual,SUCCESS,,1,Approved,0,2026-05-21 07:33:38.959140
PAY008201,CUST2173,5266,Debit Card,Monthly,FAILED,User Cancelled,3,Processing Error,0,2026-06-20 21:28:38.959140
PAY008202,CUST3780,18632,Wallet,Monthly,FAILED,Card Expired,3,Timeout,0,2026-05-18 10:33:38.959140
PAY008203,CUST1753,11153,Wallet,Annual,SUCCESS,,3,Approved,0,2026-06-13 21:20:38.959140
PAY008204,CUST1244,1517,Credit Card,Monthly,SUCCESS,,3,Approved,0,2026-06-21 06:50:38.959140
PAY008205,CUST2283,7392,Credit Card,Monthly,FAILED,UPI Failure,2,Approved,1,2026-07-21 18:31:38.959140
PAY008206,CUST3276,7064,Credit Card,Annual,SUCCESS,,0,Approved,0,2026-08-08 03:45:38.959140
PAY008207,CUST2595,11981,Credit Card,Annual,SUCCESS,,2,Approved,0,2026-07-15 15:19:38.959140
PAY008208,CUST3411,1252,Credit Card,Monthly,SUCCESS,,3,Approved,0,2026-04-06 13:17:38.959140
PAY008209,CUST4675,8045,Wallet,Annual,FAILED,Bank Timeout,2,Declined,1,2026-07-21 18:45:38.959140
PAY008210,CUST2965,11874,Credit Card,Annual,SUCCESS,,0,Approved,0,2026-03-29 00:26:38.959140
PAY008211,CUST9864,20416,Net Banking,Annual,FAILED,UPI Failure,3,Declined,1,2026-07-26 17:15:38.959140
PAY008212,CUST8169,18163,Wallet,Monthly,SUCCESS,,3,Approved,0,2026-05-19 19:15:38.959140
PAY008213,CUST3133,350,Wallet,Quarterly,SUCCESS,,2,Approved,0,2026-04-11 23:54:38.959140
PAY008214,CUST5189,24936,Debit Card,Annual,FAILED,Card Expired,3,Timeout,0,2026-05-08 16:48:38.959140
PAY008215,CUST1387,15156,Net Banking,Monthly,SUCCESS,,2,Approved,0,2026-04-14 20:06:38.959140
PAY008216,CUST3021,12620,Wallet,Annual,FAILED,Fraud Suspected,0,Blocked,0,2026-05-05 03:07:38.959140
PAY008217,CUST9420,4726,UPI,Monthly,SUCCESS,,0,Approved,0,2026-04-10 07:51:38.959140
PAY008218,CUST5451,24976,Credit Card,Annual,SUCCESS,,0,Approved,0,2026-06-12 01:11:38.959140
PAY008219,CUST2379,4019,Wallet,Annual,SUCCESS,,2,Approved,0,2026-08-20 08:31:38.959140
PAY008220,CUST8176,24832,Wallet,Quarterly,SUCCESS,,0,Approved,0,2026-07-15 08:51:38.959140
PAY008221,CUST6531,6489,UPI,Quarterly,SUCCESS,,0,Approved,0,2026-07-01 16:44:38.959140
PAY008222,CUST4916,9259,Credit Card,Quarterly,FAILED,Fraud Suspected,2,Timeout,0,2026-03-19 09:54:38.959140
PAY008223,CUST1097,19451,Credit Card,Annual,SUCCESS,,1,Approved,0,2026-06-21 15:15:38.959140
PAY008224,CUST2826,21393,Net Banking,Monthly,SUCCESS,,2,Approved,0,2026-07-26 13:16:38.959140
PAY008225,CUST7692,19494,Credit Card,Quarterly,SUCCESS,,1,Approved,0,2026-07-12 07:03:38.959140
PAY008226,CUST4811,17126,Credit Card,Monthly,FAILED,Card Expired,2,Processing Error,0,2026-08-14 02:36:38.959140
PAY008227,CUST6245,6515,Net Banking,Annual,SUCCESS,,3,Approved,0,2026-03-12 08:10:38.959140
PAY008228,CUST8796,2604,Net Banking,Monthly,SUCCESS,,0,Approved,0,2026-04-23 00:28:38.959140
PAY008229,CUST5386,23998,UPI,Annual,SUCCESS,,2,Approved,0,2026-06-27 04:57:38.959140
PAY008230,CUST6733,11899,UPI,Quarterly,SUCCESS,,1,Approved,0,2026-06-13 15:03:38.959140
PAY008231,CUST2943,16255,Net Banking,Quarterly,SUCCESS,,0,Approved,0,2026-08-02 05:54:38.959140
PAY008232,CUST2743,9209,Credit Card,Monthly,FAILED,Fraud Suspected,3,Processing Error,0,2026-05-23 12:55:38.959140
PAY008233,CUST2646,20407,UPI,Monthly,SUCCESS,,0,Approved,0,2026-08-01 00:51:38.959140
PAY008234,CUST6585,21361,UPI,Monthly,FAILED,User Cancelled,0,Blocked,0,2026-08-27 21:43:38.959140
PAY008235,CUST2978,17323,UPI,Monthly,SUCCESS,,0,Approved,0,2026-08-23 11:59:38.959140
PAY008236,CUST7073,1594,Credit Card,Quarterly,SUCCESS,,1,Approved,0,2026-04-13 15:07:38.959140
PAY008237,CUST3670,19499,Wallet,Annual,SUCCESS,,3,Approved,0,2026-06-10 12:42:38.959140
PAY008238,CUST2862,8968,Credit Card,Annual,SUCCESS,,0,Approved,0,2026-06-15 17:08:38.959140
PAY008239,CUST2336,14149,Net Banking,Quarterly,SUCCESS,,1,Approved,0,2026-08-04 15:27:38.959140
PAY008240,CUST7505,13049,Wallet,Annual,FAILED,UPI Failure,0,Approved,1,2026-04-04 19:23:38.959140
PAY008241,CUST8676,17422,Wallet,Annual,SUCCESS,,2,Approved,0,2026-08-15 07:54:38.959140
PAY008242,CUST4760,3036,Debit Card,Quarterly,FAILED,Network Error,0,Blocked,1,2026-08-12 05:23:38.959140
PAY008243,CUST2453,14635,UPI,Annual,SUCCESS,,0,Approved,0,2026-05-12 04:02:38.959140
PAY008244,CUST1501,24414,Credit Card,Annual,FAILED,Network Error,2,Approved,1,2026-06-04 03:34:38.959140
PAY008245,CUST2288,3191,Debit Card,Annual,SUCCESS,,1,Approved,0,2026-03-30 12:09:38.959140
PAY008246,CUST5929,20712,Credit Card,Monthly,SUCCESS,,0,Approved,0,2026-08-08 01:57:38.959140
PAY008247,CUST8609,9784,Wallet,Annual,SUCCESS,,2,Approved,0,2026-05-18 07:18:38.959140
PAY008248,CUST7761,4905,Credit Card,Quarterly,SUCCESS,,2,Approved,0,2026-06-20 05:21:38.959140
PAY008249,CUST1348,24696,UPI,Annual,SUCCESS,,0,Approved,0,2026-07-26 06:54:38.959140
PAY008250,CUST5534,17333,Debit Card,Monthly,SUCCESS,,1,Approved,0,2026-04-23 17:16:38.959140
PAY008251,CUST2419,3506,Credit Card,Annual,SUCCESS,,2,Approved,0,2026-03-26 01:20:38.959140
PAY008252,CUST7372,961,Net Banking,Monthly,SUCCESS,,3,Approved,0,2026-07-29 01:52:38.959140
PAY008253,CUST7585,12783,Wallet,Annual,SUCCESS,,0,Approved,0,2026-05-19 09:20:38.959140
PAY008254,CUST9822,13657,Credit Card,Annual,SUCCESS,,2,Approved,0,2026-08-01 17:47:38.959140
PAY008255,CUST2160,19737,Wallet,Monthly,FAILED,Fraud Suspected,3,Blocked,0,2026-04-01 19:49:38.959140
PAY008256,CUST3288,18910,Credit Card,Quarterly,SUCCESS,,3,Approved,0,2026-06-27 19:45:38.959140
PAY008257,CUST7060,8490,Net Banking,Monthly,SUCCESS,,0,Approved,0,2026-05-08 06:01:38.959140
PAY008258,CUST2358,10227,Credit Card,Annual,FAILED,UPI Failure,3,Declined,1,2026-07-25 10:24:38.959140
PAY008259,CUST1419,6522,Wallet,Monthly,SUCCESS,,3,Approved,0,2026-04-06 14:27:38.959140
PAY008260,CUST5825,21759,UPI,Quarterly,SUCCESS,,2,Approved,0,2026-06-24 03:42:38.959140
PAY008261,CUST1468,5262,UPI,Quarterly,SUCCESS,,1,Approved,0,2026-03-22 05:31:38.959140
PAY008262,CUST9634,12890,Net Banking,Monthly,SUCCESS,,3,Approved,0,2026-08-06 18:35:38.959140
PAY008263,CUST4530,4495,Debit Card,Annual,FAILED,User Cancelled,0,Blocked,0,2026-07-14 18:54:38.959140
PAY008264,CUST1645,23909,Debit Card,Annual,FAILED,Fraud Suspected,0,Processing Error,0,2026-08-03 15:41:38.959140
PAY008265,CUST7361,5306,Debit Card,Quarterly,SUCCESS,,3,Approved,0,2026-05-06 14:58:38.959140
PAY008266,CUST7472,22805,Net Banking,Quarterly,FAILED,Invalid CVV,2,Timeout,0,2026-03-28 03:47:38.959140
PAY008267,CUST2837,11081,UPI,Monthly,SUCCESS,,3,Approved,0,2026-07-28 12:46:38.959140
PAY008268,CUST9557,16291,UPI,Annual,SUCCESS,,0,Approved,0,2026-03-28 20:05:38.959140
PAY008269,CUST7016,17350,Wallet,Quarterly,SUCCESS,,1,Approved,0,2026-07-27 02:27:38.959140
PAY008270,CUST7705,19421,Credit Card,Quarterly,SUCCESS,,1,Approved,0,2026-08-03 03:58:38.959140
PAY008271,CUST8543,11209,Net Banking,Monthly,SUCCESS,,1,Approved,0,2026-05-11 15:24:38.959140
PAY008272,CUST6688,23410,Wallet,Annual,SUCCESS,,1,Approved,0,2026-04-12 22:34:38.959140
PAY008273,CUST9449,8558,Net Banking,Monthly,SUCCESS,,0,Approved,0,2026-08-09 19:20:38.959140
PAY008274,CUST1164,22128,Debit Card,Monthly,SUCCESS,,1,Approved,0,2026-07-24 16:04:38.959140
PAY008275,CUST9126,4852,Wallet,Quarterly,SUCCESS,,1,Approved,0,2026-06-25 16:38:38.959140
PAY008276,CUST4939,4158,Credit Card,Annual,SUCCESS,,0,Approved,0,2026-03-21 13:14:38.959140
PAY008277,CUST1224,7216,Debit Card,Monthly,SUCCESS,,0,Approved,0,2026-06-20 16:11:38.959140
PAY008278,CUST6067,16154,Wallet,Annual,SUCCESS,,3,Approved,0,2026-05-11 13:13:38.959140
PAY008279,CUST6453,3573,UPI,Monthly,FAILED,User Cancelled,2,Processing Error,0,2026-03-17 12:23:38.959140
PAY008280,CUST6323,14848,Wallet,Monthly,FAILED,Insufficient Funds,3,Blocked,1,2026-03-16 14:05:38.959140
PAY008281,CUST7404,15203,Credit Card,Quarterly,SUCCESS,,0,Approved,0,2026-04-28 04:16:38.959140
PAY008282,CUST4160,2327,Wallet,Quarterly,SUCCESS,,0,Approved,0,2026-06-11 19:08:38.959140
PAY008283,CUST7793,17486,UPI,Quarterly,FAILED,Bank Timeout,1,Processing Error,1,2026-05-18 01:11:38.959140
PAY008284,CUST8782,12840,UPI,Quarterly,SUCCESS,,3,Approved,0,2026-07-10 02:14:38.959140
PAY008285,CUST5901,15096,Credit Card,Annual,FAILED,Invalid CVV,2,Blocked,0,2026-04-12 12:27:38.959140
PAY008286,CUST5457,3351,Wallet,Annual,SUCCESS,,2,Approved,0,2026-08-12 09:04:38.959140
PAY008287,CUST5338,17789,UPI,Annual,SUCCESS,,0,Approved,0,2026-07-10 01:33:38.959140
PAY008288,CUST8285,10843,Net Banking,Monthly,SUCCESS,,1,Approved,0,2026-08-01 12:18:38.959140
PAY008289,CUST6537,17571,UPI,Quarterly,SUCCESS,,3,Approved,0,2026-05-10 07:18:38.959140
PAY008290,CUST9753,8799,UPI,Annual,SUCCESS,,2,Approved,0,2026-08-10 04:35:38.959140
PAY008291,CUST9463,24539,Wallet,Annual,SUCCESS,,3,Approved,0,2026-05-29 05:56:38.959140
PAY008292,CUST2849,917,Wallet,Monthly,SUCCESS,,0,Approved,0,2026-04-19 21:28:38.959140
PAY008293,CUST5560,2138,UPI,Quarterly,SUCCESS,,3,Approved,0,2026-08-24 10:57:38.959140
PAY008294,CUST9813,818,Debit Card,Monthly,FAILED,Fraud Suspected,0,Blocked,0,2026-04-22 15:07:38.959140
PAY008295,CUST2231,24581,Debit Card,Monthly,SUCCESS,,1,Approved,0,2026-06-17 03:59:38.959140
PAY008296,CUST9731,5895,Net Banking,Annual,SUCCESS,,2,Approved,0,2026-06-04 05:28:38.959140
PAY008297,CUST4030,11820,Credit Card,Quarterly,SUCCESS,,3,Approved,0,2026-08-25 13:18:38.959140
PAY008298,CUST1776,15877,Wallet,Annual,SUCCESS,,1,Approved,0,2026-04-21 03:29:38.959140
PAY008299,CUST5861,8025,Debit Card,Quarterly,SUCCESS,,2,Approved,0,2026-05-06 18:48:38.959140
PAY008300,CUST3926,9382,UPI,Annual,SUCCESS,,1,Approved,0,2026-07-26 09:11:38.959140
PAY008301,CUST7858,1475,UPI,Quarterly,FAILED,Invalid CVV,2,Blocked,0,2026-05-02 16:06:38.959140
PAY008302,CUST8737,23624,Wallet,Monthly,SUCCESS,,1,Approved,0,2026-03-20 05:18:38.959140
PAY008303,CUST8305,2588,Net Banking,Monthly,SUCCESS,,2,Approved,0,2026-05-21 00:51:38.959140
PAY008304,CUST2518,19651,UPI,Monthly,SUCCESS,,2,Approved,0,2026-03-31 07:13:38.959140
PAY008305,CUST3670,11603,Debit Card,Quarterly,SUCCESS,,3,Approved,0,2026-07-20 12:39:38.959140
PAY008306,CUST1551,4456,Credit Card,Annual,SUCCESS,,0,Approved,0,2026-03-20 03:11:38.959140
PAY008307,CUST1381,14963,UPI,Monthly,SUCCESS,,2,Approved,0,2026-05-16 19:36:38.959140
PAY008308,CUST7262,9857,Credit Card,Monthly,FAILED,User Cancelled,2,Processing Error,0,2026-03-23 05:13:38.959140
PAY008309,CUST7110,12366,Net Banking,Monthly,FAILED,Bank Timeout,3,Processing Error,1,2026-08-19 21:49:38.959140
PAY008310,CUST6231,6239,Wallet,Annual,FAILED,Card Expired,0,Processing Error,0,2026-04-08 14:43:38.959140
PAY008311,CUST1358,18493,Debit Card,Monthly,SUCCESS,,1,Approved,0,2026-06-20 13:21:38.959140
PAY008312,CUST8833,3950,Net Banking,Annual,SUCCESS,,1,Approved,0,2026-07-04 16:28:38.959140
PAY008313,CUST1078,21891,Credit Card,Monthly,SUCCESS,,3,Approved,0,2026-04-12 10:21:38.959140
PAY008314,CUST8626,9248,Net Banking,Quarterly,FAILED,Bank Timeout,1,Declined,1,2026-08-08 01:25:38.959140
PAY008315,CUST7158,15691,Net Banking,Annual,SUCCESS,,2,Approved,0,2026-08-27 02:34:38.959140
PAY008316,CUST5809,6201,Wallet,Quarterly,SUCCESS,,2,Approved,0,2026-03-31 01:21:38.959140
PAY008317,CUST8974,21383,Net Banking,Quarterly,SUCCESS,,0,Approved,0,2026-08-18 08:49:38.959140
PAY008318,CUST6644,20859,Wallet,Quarterly,SUCCESS,,2,Approved,0,2026-05-28 09:26:38.959140
PAY008319,CUST5903,14483,Debit Card,Monthly,SUCCESS,,2,Approved,0,2026-05-20 14:43:38.959140
PAY008320,CUST4966,19162,Debit Card,Quarterly,FAILED,Bank Timeout,1,Processing Error,1,2026-04-29 05:37:38.959140
PAY008321,CUST7529,4274,Debit Card,Monthly,SUCCESS,,2,Approved,0,2026-03-26 09:41:38.959140
PAY008322,CUST4404,17183,Debit Card,Monthly,SUCCESS,,3,Approved,0,2026-08-17 21:17:38.959140
PAY008323,CUST7443,15399,Credit Card,Quarterly,SUCCESS,,3,Approved,0,2026-06-14 08:07:38.959140
PAY008324,CUST8230,2325,Debit Card,Quarterly,FAILED,UPI Failure,2,Processing Error,1,2026-04-30 14:52:38.959140
PAY008325,CUST4166,6548,UPI,Annual,FAILED,Card Expired,3,Approved,0,2026-07-07 18:10:38.959140
PAY008326,CUST7851,5966,UPI,Quarterly,SUCCESS,,3,Approved,0,2026-06-06 08:34:38.959140
PAY008327,CUST5632,16663,Credit Card,Monthly,SUCCESS,,3,Approved,0,2026-05-28 13:17:38.959140
PAY008328,CUST6315,23131,Net Banking,Annual,SUCCESS,,0,Approved,0,2026-07-08 19:15:38.959140
PAY008329,CUST4428,13318,Debit Card,Quarterly,FAILED,Card Expired,1,Processing Error,0,2026-04-05 01:26:38.959140
PAY008330,CUST6209,17507,UPI,Quarterly,SUCCESS,,3,Approved,0,2026-08-12 21:57:38.959140
PAY008331,CUST2175,4445,Credit Card,Annual,SUCCESS,,0,Approved,0,2026-05-02 03:41:38.959140
PAY008332,CUST1768,20697,Wallet,Annual,SUCCESS,,3,Approved,0,2026-07-01 07:27:38.959140
PAY008333,CUST8154,14194,Net Banking,Monthly,FAILED,Card Expired,3,Timeout,0,2026-05-06 03:10:38.959140
PAY008334,CUST4881,3457,Wallet,Quarterly,FAILED,User Cancelled,3,Blocked,0,2026-03-12 08:44:38.959140
PAY008335,CUST3702,3605,Credit Card,Quarterly,SUCCESS,,2,Approved,0,2026-05-16 02:00:38.959140
PAY008336,CUST7321,24280,Debit Card,Quarterly,SUCCESS,,1,Approved,0,2026-04-26 16:08:38.959140
PAY008337,CUST8967,21663,Wallet,Quarterly,SUCCESS,,2,Approved,0,2026-07-18 13:22:38.959140
PAY008338,CUST4907,6510,Credit Card,Monthly,FAILED,Invalid CVV,2,Blocked,0,2026-03-30 16:33:38.959140
PAY008339,CUST2352,5994,Credit Card,Annual,FAILED,UPI Failure,1,Approved,1,2026-08-02 02:13:38.959140
PAY008340,CUST2347,1743,Debit Card,Annual,SUCCESS,,0,Approved,0,2026-04-04 20:33:38.959140
PAY008341,CUST6161,1143,Debit Card,Quarterly,SUCCESS,,2,Approved,0,2026-05-29 10:02:38.959140
PAY008342,CUST4548,16020,Credit Card,Annual,SUCCESS,,1,Approved,0,2026-05-01 14:45:38.959140
PAY008343,CUST3087,19970,UPI,Annual,SUCCESS,,0,Approved,0,2026-04-13 01:38:38.959140
PAY008344,CUST5303,20892,Wallet,Annual,FAILED,Invalid CVV,1,Blocked,0,2026-05-24 12:17:38.959140
PAY008345,CUST5448,19354,Net Banking,Annual,SUCCESS,,0,Approved,0,2026-06-13 06:14:38.959140
PAY008346,CUST3264,24802,Wallet,Quarterly,SUCCESS,,3,Approved,0,2026-04-16 08:38:38.959140
PAY008347,CUST3321,16826,Net Banking,Monthly,FAILED,User Cancelled,2,Processing Error,0,2026-07-25 14:23:38.959140
PAY008348,CUST5896,6310,Net Banking,Annual,FAILED,Bank Timeout,3,Timeout,1,2026-03-19 12:14:38.959140
PAY008349,CUST2004,11492,Net Banking,Quarterly,SUCCESS,,0,Approved,0,2026-06-27 08:57:38.959140
PAY008350,CUST7826,1019,Credit Card,Quarterly,FAILED,Network Error,2,Approved,1,2026-06-02 21:12:38.959140
PAY008351,CUST9714,23708,Wallet,Annual,SUCCESS,,2,Approved,0,2026-06-09 04:39:38.959140
PAY008352,CUST5923,5913,Net Banking,Monthly,SUCCESS,,2,Approved,0,2026-04-27 13:45:38.959140
PAY008353,CUST3290,23949,UPI,Annual,SUCCESS,,2,Approved,0,2026-08-01 20:01:38.959140
PAY008354,CUST1725,15124,Wallet,Annual,FAILED,Network Error,2,Blocked,1,2026-06-24 11:06:38.959140
PAY008355,CUST1623,2719,Credit Card,Monthly,SUCCESS,,1,Approved,0,2026-04-03 23:51:38.959140
PAY008356,CUST9319,3256,Debit Card,Monthly,SUCCESS,,1,Approved,0,2026-07-05 07:09:38.959140
PAY008357,CUST6319,16798,Debit Card,Monthly,SUCCESS,,2,Approved,0,2026-03-15 15:15:38.959140
PAY008358,CUST4767,22027,Net Banking,Monthly,SUCCESS,,2,Approved,0,2026-04-08 20:52:38.959140
PAY008359,CUST8800,17709,Debit Card,Monthly,SUCCESS,,3,Approved,0,2026-06-08 11:43:38.959140
PAY008360,CUST3882,24704,Credit Card,Annual,SUCCESS,,0,Approved,0,2026-04-16 05:41:38.959140
PAY008361,CUST8606,15690,Wallet,Annual,SUCCESS,,1,Approved,0,2026-05-01 00:53:38.959140
PAY008362,CUST5203,5366,Wallet,Quarterly,SUCCESS,,3,Approved,0,2026-06-02 22:39:38.959140
PAY008363,CUST2013,20933,Credit Card,Monthly,SUCCESS,,1,Approved,0,2026-03-23 22:23:38.959140
PAY008364,CUST5219,7699,Credit Card,Quarterly,SUCCESS,,2,Approved,0,2026-08-04 10:33:38.959140
PAY008365,CUST6824,15863,Wallet,Quarterly,SUCCESS,,1,Approved,0,2026-03-19 20:04:38.959140
PAY008366,CUST5548,2627,Debit Card,Annual,SUCCESS,,3,Approved,0,2026-08-17 23:49:38.959140
PAY008367,CUST2526,13847,Credit Card,Annual,FAILED,Fraud Suspected,1,Declined,0,2026-04-04 00:46:38.959140
PAY008368,CUST6991,2718,Wallet,Annual,SUCCESS,,1,Approved,0,2026-05-13 13:22:38.959140
PAY008369,CUST4375,6503,UPI,Quarterly,SUCCESS,,1,Approved,0,2026-07-13 06:55:38.959140
PAY008370,CUST6404,8855,Net Banking,Monthly,SUCCESS,,0,Approved,0,2026-04-02 00:45:38.959140
PAY008371,CUST9162,14862,Wallet,Annual,SUCCESS,,0,Approved,0,2026-06-01 01:03:38.959140
PAY008372,CUST5917,23680,Debit Card,Annual,SUCCESS,,1,Approved,0,2026-08-10 00:27:38.959140
PAY008373,CUST2689,9943,Credit Card,Monthly,FAILED,UPI Failure,3,Approved,1,2026-05-08 03:01:38.959140
PAY008374,CUST9624,24830,Net Banking,Monthly,SUCCESS,,3,Approved,0,2026-08-02 12:17:38.959140
PAY008375,CUST3577,1458,Net Banking,Quarterly,SUCCESS,,1,Approved,0,2026-05-03 03:19:38.959140
PAY008376,CUST4781,23862,Wallet,Quarterly,SUCCESS,,3,Approved,0,2026-08-18 02:23:38.959140
PAY008377,CUST1205,17411,Wallet,Monthly,FAILED,Network Error,2,Approved,1,2026-05-16 08:57:38.959140
PAY008378,CUST8802,11443,Credit Card,Quarterly,SUCCESS,,2,Approved,0,2026-06-09 10:43:38.959140
PAY008379,CUST1564,6241,Credit Card,Quarterly,SUCCESS,,3,Approved,0,2026-05-12 12:17:38.959140
PAY008380,CUST6008,19954,Credit Card,Monthly,SUCCESS,,1,Approved,0,2026-05-19 14:13:38.959140
PAY008381,CUST8190,5767,Credit Card,Annual,SUCCESS,,1,Approved,0,2026-06-17 21:19:38.959140
PAY008382,CUST7785,18034,Debit Card,Annual,FAILED,Network Error,0,Processing Error,1,2026-06-06 18:01:38.959140
PAY008383,CUST1043,1470,UPI,Annual,FAILED,User Cancelled,3,Blocked,0,2026-07-05 21:15:38.959140
PAY008384,CUST7783,21825,Credit Card,Monthly,FAILED,Network Error,2,Timeout,1,2026-04-18 23:10:38.959140
PAY008385,CUST2266,971,UPI,Annual,SUCCESS,,1,Approved,0,2026-03-23 02:48:38.959140
PAY008386,CUST1656,22593,Wallet,Monthly,SUCCESS,,0,Approved,0,2026-03-10 13:15:38.959140
PAY008387,CUST3150,1903,Credit Card,Monthly,SUCCESS,,2,Approved,0,2026-04-21 17:24:38.959140
PAY008388,CUST1807,7800,Wallet,Annual,SUCCESS,,2,Approved,0,2026-05-18 14:41:38.959140
PAY008389,CUST2161,9649,Net Banking,Monthly,SUCCESS,,3,Approved,0,2026-05-18 12:27:38.959140
PAY008390,CUST3971,607,Debit Card,Quarterly,FAILED,UPI Failure,0,Blocked,1,2026-04-30 20:49:38.959140
PAY008391,CUST4136,18621,Wallet,Monthly,FAILED,Card Expired,0,Processing Error,0,2026-07-27 18:54:38.959140
PAY008392,CUST9697,13819,Wallet,Quarterly,FAILED,Invalid CVV,2,Blocked,0,2026-03-20 09:53:38.959140
PAY008393,CUST8616,14176,Credit Card,Monthly,SUCCESS,,0,Approved,0,2026-04-12 01:56:38.959140
PAY008394,CUST3518,7918,Debit Card,Quarterly,SUCCESS,,2,Approved,0,2026-03-19 11:40:38.959140
PAY008395,CUST8586,6627,UPI,Annual,SUCCESS,,1,Approved,0,2026-07-22 21:02:38.959140
PAY008396,CUST5511,11550,UPI,Annual,SUCCESS,,1,Approved,0,2026-08-10 12:05:38.959140
PAY008397,CUST5911,14106,Net Banking,Annual,FAILED,User Cancelled,2,Processing Error,0,2026-07-29 10:02:38.959140
PAY008398,CUST5167,15395,Net Banking,Annual,SUCCESS,,3,Approved,0,2026-07-28 13:36:38.959140
PAY008399,CUST1284,4034,UPI,Monthly,FAILED,Fraud Suspected,2,Approved,0,2026-04-08 23:43:38.959140
PAY008400,CUST4135,3694,Net Banking,Annual,FAILED,UPI Failure,1,Timeout,1,2026-07-26 03:54:38.959140
PAY008401,CUST8777,24074,Credit Card,Annual,SUCCESS,,0,Approved,0,2026-03-12 22:33:38.959140
PAY008402,CUST4653,6340,Credit Card,Quarterly,FAILED,User Cancelled,1,Blocked,0,2026-04-05 14:39:38.959140
PAY008403,CUST4425,5487,Credit Card,Quarterly,SUCCESS,,1,Approved,0,2026-08-15 08:21:38.959140
PAY008404,CUST2943,3887,Net Banking,Quarterly,SUCCESS,,2,Approved,0,2026-04-29 00:50:38.959140
PAY008405,CUST8161,15231,UPI,Monthly,SUCCESS,,3,Approved,0,2026-08-05 02:30:38.959140
PAY008406,CUST6758,1752,Wallet,Monthly,SUCCESS,,0,Approved,0,2026-03-13 06:14:38.959140
PAY008407,CUST4911,4115,Wallet,Monthly,FAILED,Fraud Suspected,3,Processing Error,0,2026-04-08 09:59:38.959140
PAY008408,CUST2396,6852,Debit Card,Monthly,SUCCESS,,2,Approved,0,2026-06-10 07:36:38.959140
PAY008409,CUST4691,19394,UPI,Quarterly,SUCCESS,,3,Approved,0,2026-08-24 02:00:38.959140
PAY008410,CUST9247,11490,Net Banking,Quarterly,FAILED,Insufficient Funds,2,Approved,1,2026-07-10 21:02:38.959140
PAY008411,CUST2614,11189,Credit Card,Monthly,SUCCESS,,3,Approved,0,2026-05-08 14:26:38.959140
PAY008412,CUST4155,7418,Net Banking,Monthly,SUCCESS,,1,Approved,0,2026-08-27 12:11:38.959140
PAY008413,CUST5196,17711,Net Banking,Annual,SUCCESS,,2,Approved,0,2026-04-28 19:02:38.959140
PAY008414,CUST2435,10574,Credit Card,Annual,FAILED,Network Error,0,Blocked,1,2026-03-28 23:44:38.959140
PAY008415,CUST2788,22260,Wallet,Quarterly,SUCCESS,,2,Approved,0,2026-08-12 00:21:38.959140
PAY008416,CUST7601,7497,Debit Card,Quarterly,SUCCESS,,1,Approved,0,2026-08-29 22:38:38.959140
PAY008417,CUST8353,2252,Credit Card,Monthly,SUCCESS,,3,Approved,0,2026-08-13 16:29:38.959140
PAY008418,CUST6920,16062,Credit Card,Quarterly,FAILED,Insufficient Funds,0,Processing Error,1,2026-03-21 22:59:38.959140
PAY008419,CUST4012,9749,Net Banking,Annual,SUCCESS,,3,Approved,0,2026-03-24 21:30:38.959140
PAY008420,CUST3552,20645,Net Banking,Monthly,SUCCESS,,0,Approved,0,2026-06-15 00:19:38.959140
PAY008421,CUST7855,15843,Wallet,Annual,SUCCESS,,3,Approved,0,2026-05-05 21:09:38.959140
PAY008422,CUST1361,24659,Debit Card,Monthly,SUCCESS,,0,Approved,0,2026-05-27 20:36:38.959140
PAY008423,CUST6888,20291,Net Banking,Quarterly,SUCCESS,,3,Approved,0,2026-03-11 17:55:38.959140
PAY008424,CUST3124,3386,UPI,Annual,FAILED,Bank Timeout,0,Blocked,1,2026-08-06 01:15:38.959140
PAY008425,CUST8057,15854,Debit Card,Monthly,SUCCESS,,2,Approved,0,2026-06-09 07:23:38.959140
PAY008426,CUST9078,7879,Debit Card,Monthly,SUCCESS,,0,Approved,0,2026-06-24 07:50:38.959140
PAY008427,CUST3205,22743,Wallet,Annual,FAILED,Card Expired,3,Timeout,0,2026-04-14 21:18:38.959140
PAY008428,CUST7623,19067,UPI,Annual,SUCCESS,,0,Approved,0,2026-06-11 17:42:38.959140
PAY008429,CUST8077,21292,Credit Card,Quarterly,SUCCESS,,3,Approved,0,2026-06-17 02:25:38.959140
PAY008430,CUST3778,21712,Credit Card,Monthly,FAILED,Invalid CVV,2,Timeout,0,2026-08-02 04:18:38.959140
PAY008431,CUST6621,18704,Wallet,Monthly,SUCCESS,,1,Approved,0,2026-05-10 09:25:38.959140
PAY008432,CUST1967,6591,Wallet,Quarterly,SUCCESS,,2,Approved,0,2026-06-15 03:22:38.959140
PAY008433,CUST5748,20624,Wallet,Monthly,SUCCESS,,1,Approved,0,2026-04-25 00:48:38.959140
PAY008434,CUST4809,1383,Debit Card,Annual,SUCCESS,,2,Approved,0,2026-08-10 05:32:38.959140
PAY008435,CUST3680,7963,Net Banking,Quarterly,FAILED,Bank Timeout,0,Processing Error,1,2026-08-19 11:40:38.959140
PAY008436,CUST9137,6970,Wallet,Annual,SUCCESS,,2,Approved,0,2026-03-18 08:56:38.959140
PAY008437,CUST9223,6256,UPI,Annual,SUCCESS,,1,Approved,0,2026-08-27 21:02:38.959140
PAY008438,CUST9045,21796,Net Banking,Annual,SUCCESS,,3,Approved,0,2026-03-25 11:05:38.959140
PAY008439,CUST1712,320,Credit Card,Monthly,SUCCESS,,1,Approved,0,2026-04-30 14:11:38.959140
PAY008440,CUST6093,16202,Debit Card,Quarterly,FAILED,Card Expired,1,Processing Error,0,2026-05-28 07:26:38.959140
PAY008441,CUST5456,8674,Wallet,Monthly,FAILED,Card Expired,0,Blocked,0,2026-06-04 00:58:38.959140
PAY008442,CUST1251,2136,UPI,Monthly,SUCCESS,,0,Approved,0,2026-07-24 15:18:38.959140
PAY008443,CUST2924,22618,Debit Card,Annual,SUCCESS,,1,Approved,0,2026-07-19 03:14:38.959140
PAY008444,CUST2534,8463,Credit Card,Annual,SUCCESS,,0,Approved,0,2026-03-24 07:24:38.959140
PAY008445,CUST2278,3668,Wallet,Monthly,SUCCESS,,2,Approved,0,2026-07-08 01:00:38.959140
PAY008446,CUST5728,16221,Credit Card,Annual,SUCCESS,,1,Approved,0,2026-04-27 07:52:38.959140
PAY008447,CUST7183,13878,UPI,Annual,SUCCESS,,2,Approved,0,2026-05-07 11:23:38.959140
PAY008448,CUST2616,24401,Debit Card,Annual,SUCCESS,,2,Approved,0,2026-05-26 09:40:38.959140
PAY008449,CUST7507,24489,Debit Card,Annual,SUCCESS,,1,Approved,0,2026-04-16 08:49:38.959140
PAY008450,CUST2708,10242,Debit Card,Annual,FAILED,Insufficient Funds,3,Blocked,1,2026-08-17 17:19:38.959140
PAY008451,CUST4033,22631,Wallet,Monthly,SUCCESS,,0,Approved,0,2026-06-27 14:54:38.959140
PAY008452,CUST6694,7446,Net Banking,Monthly,FAILED,Bank Timeout,1,Processing Error,1,2026-08-28 11:45:38.959140
PAY008453,CUST2154,17619,Credit Card,Quarterly,SUCCESS,,3,Approved,0,2026-06-16 17:36:38.959140
PAY008454,CUST3585,22496,Net Banking,Quarterly,SUCCESS,,0,Approved,0,2026-05-18 21:28:38.959140
PAY008455,CUST7173,22219,Debit Card,Quarterly,SUCCESS,,3,Approved,0,2026-07-14 12:14:38.959140
PAY008456,CUST6238,9812,Wallet,Quarterly,FAILED,UPI Failure,3,Processing Error,1,2026-05-16 08:50:38.959140
PAY008457,CUST9306,15906,UPI,Monthly,SUCCESS,,1,Approved,0,2026-07-13 18:02:38.959140
PAY008458,CUST3180,10522,Credit Card,Annual,FAILED,Invalid CVV,0,Blocked,0,2026-07-21 02:59:38.959140
PAY008459,CUST4669,15662,Wallet,Monthly,SUCCESS,,1,Approved,0,2026-08-09 07:54:38.959140
PAY008460,CUST3878,9356,Net Banking,Quarterly,SUCCESS,,0,Approved,0,2026-08-25 11:35:38.959140
PAY008461,CUST1855,13348,Net Banking,Monthly,SUCCESS,,2,Approved,0,2026-05-30 12:03:38.959140
PAY008462,CUST7596,17945,UPI,Annual,SUCCESS,,2,Approved,0,2026-04-26 09:49:38.959140
PAY008463,CUST8535,11875,Credit Card,Monthly,SUCCESS,,1,Approved,0,2026-03-24 14:41:38.959140
PAY008464,CUST6443,7237,Wallet,Quarterly,SUCCESS,,0,Approved,0,2026-07-03 23:31:38.959140
PAY008465,CUST9321,19228,Wallet,Monthly,SUCCESS,,1,Approved,0,2026-08-02 05:45:38.959140
PAY008466,CUST9190,23503,Net Banking,Annual,FAILED,User Cancelled,1,Timeout,0,2026-06-24 22:05:38.959140
PAY008467,CUST2121,1906,Wallet,Annual,FAILED,Insufficient Funds,1,Processing Error,1,2026-06-08 11:45:38.959140
PAY008468,CUST2361,4273,Debit Card,Annual,SUCCESS,,1,Approved,0,2026-07-12 11:59:38.959140
PAY008469,CUST2290,10144,Wallet,Quarterly,SUCCESS,,2,Approved,0,2026-07-01 12:23:38.959140
PAY008470,CUST9944,14979,Debit Card,Annual,SUCCESS,,0,Approved,0,2026-07-03 23:25:38.959140
PAY008471,CUST8206,16089,Credit Card,Quarterly,SUCCESS,,0,Approved,0,2026-03-30 03:42:38.959140
PAY008472,CUST7178,20783,Credit Card,Quarterly,SUCCESS,,2,Approved,0,2026-08-07 15:59:38.959140
PAY008473,CUST5106,12343,UPI,Quarterly,SUCCESS,,0,Approved,0,2026-06-30 02:53:38.959140
PAY008474,CUST1177,20780,Wallet,Annual,FAILED,Bank Timeout,3,Timeout,1,2026-05-31 15:49:38.959140
PAY008475,CUST2365,18437,Credit Card,Monthly,SUCCESS,,3,Approved,0,2026-03-20 03:25:38.959140
PAY008476,CUST2032,12294,Wallet,Monthly,FAILED,UPI Failure,3,Approved,1,2026-05-25 23:02:38.959140
PAY008477,CUST1118,3990,Debit Card,Quarterly,SUCCESS,,3,Approved,0,2026-03-30 01:04:38.959140
PAY008478,CUST1738,18851,Net Banking,Monthly,SUCCESS,,1,Approved,0,2026-07-18 05:20:38.959140
PAY008479,CUST4969,20029,UPI,Annual,FAILED,Bank Timeout,0,Approved,1,2026-04-06 01:56:38.959140
PAY008480,CUST1572,13127,Credit Card,Quarterly,SUCCESS,,0,Approved,0,2026-05-05 19:32:38.959140
PAY008481,CUST4898,20873,Debit Card,Monthly,SUCCESS,,0,Approved,0,2026-06-04 00:46:38.959140
PAY008482,CUST7679,15908,Debit Card,Quarterly,FAILED,Card Expired,2,Timeout,0,2026-08-22 16:42:38.959140
PAY008483,CUST4382,2913,Debit Card,Quarterly,SUCCESS,,1,Approved,0,2026-04-23 19:48:38.959140
PAY008484,CUST2427,13698,Debit Card,Annual,SUCCESS,,2,Approved,0,2026-07-23 14:32:38.959140
PAY008485,CUST4217,6435,Net Banking,Monthly,SUCCESS,,0,Approved,0,2026-07-13 11:00:38.959140
PAY008486,CUST7547,13601,Debit Card,Monthly,SUCCESS,,2,Approved,0,2026-06-10 10:57:38.959140
PAY008487,CUST6334,9751,Credit Card,Quarterly,SUCCESS,,2,Approved,0,2026-04-16 19:27:38.959140
PAY008488,CUST6994,146,Credit Card,Quarterly,FAILED,Card Expired,0,Processing Error,0,2026-06-20 23:00:38.959140
PAY008489,CUST8129,743,Wallet,Quarterly,SUCCESS,,3,Approved,0,2026-07-06 08:44:38.959140
PAY008490,CUST5337,20589,UPI,Quarterly,FAILED,Card Expired,3,Declined,0,2026-06-06 04:10:38.959140
PAY008491,CUST8097,5004,Debit Card,Annual,FAILED,Fraud Suspected,2,Blocked,0,2026-08-29 10:04:38.959140
PAY008492,CUST1401,10465,Wallet,Monthly,SUCCESS,,1,Approved,0,2026-05-11 19:22:38.959140
PAY008493,CUST2243,6532,Wallet,Quarterly,SUCCESS,,2,Approved,0,2026-07-21 13:56:38.959140
PAY008494,CUST3513,12505,Wallet,Annual,SUCCESS,,1,Approved,0,2026-06-26 18:26:38.959140
PAY008495,CUST2610,24078,Credit Card,Monthly,SUCCESS,,3,Approved,0,2026-05-15 01:31:38.959140
PAY008496,CUST2699,2910,Credit Card,Quarterly,FAILED,Fraud Suspected,0,Blocked,0,2026-03-16 02:08:38.959140
PAY008497,CUST1423,9282,Wallet,Annual,FAILED,Fraud Suspected,1,Processing Error,0,2026-06-11 19:37:38.959140
PAY008498,CUST1797,5283,Wallet,Monthly,SUCCESS,,0,Approved,0,2026-05-14 18:27:38.959140
PAY008499,CUST7406,7021,Credit Card,Quarterly,FAILED,Bank Timeout,1,Declined,1,2026-06-20 22:31:38.959140
PAY008500,CUST8020,7308,Debit Card,Quarterly,SUCCESS,,1,Approved,0,2026-08-15 09:30:38.959140
PAY008501,CUST3766,4022,Debit Card,Annual,SUCCESS,,0,Approved,0,2026-07-14 05:00:38.959140
PAY008502,CUST1435,4686,Net Banking,Monthly,SUCCESS,,1,Approved,0,2026-03-10 06:35:38.959140
PAY008503,CUST3784,24942,Debit Card,Quarterly,FAILED,Network Error,0,Blocked,1,2026-06-11 01:39:38.959140
PAY008504,CUST8375,16282,Net Banking,Monthly,SUCCESS,,0,Approved,0,2026-06-07 15:37:38.959140
PAY008505,CUST9051,18877,Wallet,Monthly,SUCCESS,,3,Approved,0,2026-03-11 05:37:38.959140
PAY008506,CUST4742,4707,Debit Card,Annual,SUCCESS,,1,Approved,0,2026-04-21 23:20:38.959140
PAY008507,CUST4379,24073,UPI,Quarterly,SUCCESS,,1,Approved,0,2026-05-14 14:06:38.959140
PAY008508,CUST9903,14247,Net Banking,Annual,SUCCESS,,1,Approved,0,2026-07-17 09:20:38.959140
PAY008509,CUST1360,10293,Debit Card,Annual,SUCCESS,,2,Approved,0,2026-07-14 21:05:38.959140
PAY008510,CUST5365,22776,Net Banking,Annual,FAILED,Fraud Suspected,0,Approved,0,2026-06-22 09:18:38.959140
PAY008511,CUST3716,24873,Wallet,Annual,SUCCESS,,3,Approved,0,2026-06-18 00:53:38.959140
PAY008512,CUST3106,5774,Debit Card,Quarterly,SUCCESS,,0,Approved,0,2026-06-15 09:45:38.959140
PAY008513,CUST4188,5376,Net Banking,Monthly,SUCCESS,,0,Approved,0,2026-05-21 15:38:38.959140
PAY008514,CUST8067,227,Debit Card,Annual,SUCCESS,,1,Approved,0,2026-06-13 01:03:38.959140
PAY008515,CUST3660,21717,Credit Card,Monthly,FAILED,Network Error,3,Declined,1,2026-08-16 15:55:38.959140
PAY008516,CUST8421,8363,Wallet,Annual,FAILED,Invalid CVV,1,Declined,0,2026-08-12 15:29:38.959140
PAY008517,CUST6577,16890,Debit Card,Monthly,SUCCESS,,0,Approved,0,2026-04-07 15:59:38.959140
PAY008518,CUST9871,4567,Debit Card,Quarterly,SUCCESS,,3,Approved,0,2026-08-28 04:15:38.959140
PAY008519,CUST8628,342,Debit Card,Annual,SUCCESS,,2,Approved,0,2026-04-25 19:10:38.959140
PAY008520,CUST5474,14001,Debit Card,Monthly,SUCCESS,,2,Approved,0,2026-04-17 21:50:38.959140
PAY008521,CUST1550,15114,Net Banking,Annual,SUCCESS,,2,Approved,0,2026-07-09 08:35:38.959140
PAY008522,CUST3893,24860,Wallet,Monthly,SUCCESS,,2,Approved,0,2026-04-18 07:00:38.959140
PAY008523,CUST5401,8883,Wallet,Monthly,SUCCESS,,2,Approved,0,2026-08-08 23:01:38.959140
PAY008524,CUST7046,12361,Debit Card,Monthly,SUCCESS,,0,Approved,0,2026-06-22 19:07:38.959140
PAY008525,CUST9095,21466,Credit Card,Annual,FAILED,User Cancelled,3,Timeout,0,2026-06-05 16:42:38.959140
PAY008526,CUST8380,4060,UPI,Quarterly,SUCCESS,,2,Approved,0,2026-07-09 13:17:38.959140
PAY008527,CUST8025,11445,Credit Card,Monthly,SUCCESS,,0,Approved,0,2026-03-28 15:34:38.959140
PAY008528,CUST3046,6494,Debit Card,Annual,SUCCESS,,3,Approved,0,2026-05-29 13:06:38.959140
PAY008529,CUST5101,18054,Wallet,Monthly,FAILED,Fraud Suspected,3,Blocked,0,2026-04-08 20:11:38.959140
PAY008530,CUST9500,11518,Credit Card,Monthly,SUCCESS,,1,Approved,0,2026-08-25 07:27:38.959140
PAY008531,CUST1841,14024,Wallet,Monthly,SUCCESS,,1,Approved,0,2026-07-20 08:31:38.959140
PAY008532,CUST9228,797,UPI,Annual,SUCCESS,,3,Approved,0,2026-07-04 13:24:38.959140
PAY008533,CUST3119,6077,Debit Card,Monthly,SUCCESS,,1,Approved,0,2026-03-16 08:33:38.959140
PAY008534,CUST3362,227,Credit Card,Annual,SUCCESS,,2,Approved,0,2026-07-27 11:38:38.959140
PAY008535,CUST2343,8593,Credit Card,Monthly,SUCCESS,,3,Approved,0,2026-06-20 15:19:38.959140
PAY008536,CUST1184,16151,Credit Card,Quarterly,SUCCESS,,1,Approved,0,2026-06-24 17:58:38.959140
PAY008537,CUST8851,605,Wallet,Annual,SUCCESS,,1,Approved,0,2026-04-09 15:14:38.959140
PAY008538,CUST9396,4561,Wallet,Monthly,FAILED,UPI Failure,2,Blocked,1,2026-08-09 06:26:38.959140
PAY008539,CUST4468,20164,Credit Card,Quarterly,SUCCESS,,2,Approved,0,2026-08-25 19:19:38.959140
PAY008540,CUST1805,7702,Wallet,Monthly,FAILED,Bank Timeout,1,Timeout,1,2026-08-09 20:28:38.959140
PAY008541,CUST4817,15427,Net Banking,Annual,FAILED,Insufficient Funds,3,Approved,1,2026-07-04 15:27:38.959140
PAY008542,CUST7222,3565,Wallet,Quarterly,SUCCESS,,2,Approved,0,2026-03-18 18:17:38.959140
PAY008543,CUST9357,12591,Wallet,Annual,SUCCESS,,0,Approved,0,2026-06-09 23:04:38.959140
PAY008544,CUST1818,18970,Wallet,Quarterly,SUCCESS,,1,Approved,0,2026-07-10 14:50:38.959140
PAY008545,CUST4060,11834,Credit Card,Annual,SUCCESS,,0,Approved,0,2026-07-29 22:17:38.959140
PAY008546,CUST8482,13751,Debit Card,Annual,FAILED,Insufficient Funds,3,Blocked,1,2026-03-18 01:44:38.959140
PAY008547,CUST8242,3690,UPI,Quarterly,SUCCESS,,0,Approved,0,2026-07-29 15:51:38.959140
PAY008548,CUST9001,2145,Credit Card,Quarterly,FAILED,Fraud Suspected,1,Blocked,0,2026-05-22 16:00:38.959140
PAY008549,CUST2731,11368,Credit Card,Quarterly,SUCCESS,,0,Approved,0,2026-07-25 05:10:38.959140
PAY008550,CUST4338,14060,Debit Card,Monthly,SUCCESS,,2,Approved,0,2026-06-12 16:07:38.959140
PAY008551,CUST7985,18592,Net Banking,Monthly,SUCCESS,,3,Approved,0,2026-06-16 06:48:38.959140
PAY008552,CUST6566,21632,Wallet,Annual,SUCCESS,,1,Approved,0,2026-08-04 03:47:38.959140
PAY008553,CUST9137,10716,UPI,Monthly,FAILED,Fraud Suspected,3,Processing Error,0,2026-03-24 16:16:38.959140
PAY008554,CUST1771,2992,Credit Card,Quarterly,SUCCESS,,0,Approved,0,2026-07-22 19:49:38.959140
PAY008555,CUST6723,13259,Wallet,Monthly,SUCCESS,,1,Approved,0,2026-08-21 03:20:38.959140
PAY008556,CUST5353,15506,UPI,Quarterly,SUCCESS,,1,Approved,0,2026-04-15 13:45:38.959140
PAY008557,CUST5056,2938,UPI,Annual,FAILED,Invalid CVV,2,Processing Error,0,2026-05-07 03:40:38.959140
PAY008558,CUST8639,21945,UPI,Quarterly,SUCCESS,,1,Approved,0,2026-06-16 11:08:38.959140
PAY008559,CUST2898,11333,UPI,Annual,SUCCESS,,2,Approved,0,2026-04-05 08:08:38.959140
PAY008560,CUST5207,16490,Wallet,Annual,SUCCESS,,2,Approved,0,2026-06-29 04:18:38.959140
PAY008561,CUST6501,20544,UPI,Quarterly,FAILED,Invalid CVV,1,Timeout,0,2026-07-19 19:42:38.959140
PAY008562,CUST6004,13006,Wallet,Monthly,SUCCESS,,3,Approved,0,2026-05-25 19:33:38.959140
PAY008563,CUST8381,2988,Debit Card,Monthly,SUCCESS,,1,Approved,0,2026-07-31 10:30:38.959140
PAY008564,CUST9959,24493,UPI,Monthly,FAILED,Card Expired,0,Blocked,0,2026-07-15 05:20:38.959140
PAY008565,CUST5484,256,Debit Card,Monthly,FAILED,Bank Timeout,3,Declined,1,2026-04-23 22:50:38.959140
PAY008566,CUST6148,11480,UPI,Annual,SUCCESS,,2,Approved,0,2026-08-24 05:25:38.959140
PAY008567,CUST8980,20591,Wallet,Annual,SUCCESS,,0,Approved,0,2026-07-04 15:00:38.959140
PAY008568,CUST2847,10772,Debit Card,Quarterly,SUCCESS,,0,Approved,0,2026-05-30 17:53:38.959140
PAY008569,CUST7015,13229,Wallet,Annual,FAILED,Network Error,0,Timeout,1,2026-08-19 06:38:38.959140
PAY008570,CUST5646,19578,Wallet,Quarterly,SUCCESS,,1,Approved,0,2026-03-15 00:16:38.959140
PAY008571,CUST1094,1628,Net Banking,Annual,SUCCESS,,0,Approved,0,2026-03-15 21:25:38.959140
PAY008572,CUST9778,20193,Credit Card,Monthly,SUCCESS,,0,Approved,0,2026-06-27 13:14:38.959140
PAY008573,CUST3759,6346,Net Banking,Quarterly,FAILED,UPI Failure,0,Blocked,1,2026-05-21 04:13:38.959140
PAY008574,CUST1789,23036,Net Banking,Quarterly,SUCCESS,,1,Approved,0,2026-07-16 14:51:38.959140
PAY008575,CUST8055,18577,Debit Card,Monthly,SUCCESS,,0,Approved,0,2026-07-07 03:04:38.959140
PAY008576,CUST2806,2071,UPI,Annual,SUCCESS,,3,Approved,0,2026-05-30 06:01:38.959140
PAY008577,CUST2604,20541,UPI,Quarterly,SUCCESS,,3,Approved,0,2026-05-16 01:42:38.959140
PAY008578,CUST4524,933,Net Banking,Quarterly,SUCCESS,,3,Approved,0,2026-05-08 12:59:38.959140
PAY008579,CUST9732,11694,Credit Card,Annual,SUCCESS,,2,Approved,0,2026-07-17 13:29:38.959140
PAY008580,CUST8120,17309,Net Banking,Annual,SUCCESS,,2,Approved,0,2026-08-14 18:19:38.959140
PAY008581,CUST8573,8490,Wallet,Monthly,SUCCESS,,1,Approved,0,2026-04-25 08:40:38.959140
PAY008582,CUST7158,13544,Credit Card,Monthly,FAILED,UPI Failure,0,Blocked,1,2026-03-11 02:48:38.959140
PAY008583,CUST4570,19701,UPI,Quarterly,SUCCESS,,3,Approved,0,2026-03-17 01:11:38.959140
PAY008584,CUST7943,17310,Credit Card,Monthly,SUCCESS,,0,Approved,0,2026-06-02 07:30:38.959140
PAY008585,CUST2905,5761,Credit Card,Annual,FAILED,Card Expired,2,Approved,0,2026-05-09 20:41:38.959140
PAY008586,CUST6940,13816,UPI,Annual,SUCCESS,,0,Approved,0,2026-08-17 11:47:38.959140
PAY008587,CUST3077,16576,Debit Card,Quarterly,SUCCESS,,2,Approved,0,2026-05-05 10:16:38.959140
PAY008588,CUST5160,23033,Credit Card,Quarterly,SUCCESS,,0,Approved,0,2026-03-20 22:10:38.959140
PAY008589,CUST2514,13576,Credit Card,Quarterly,SUCCESS,,2,Approved,0,2026-06-08 06:27:38.959140
PAY008590,CUST8216,11569,Wallet,Annual,SUCCESS,,2,Approved,0,2026-08-01 23:14:38.959140
PAY008591,CUST5165,11661,Wallet,Annual,FAILED,Invalid CVV,0,Approved,0,2026-06-26 03:12:38.959140
PAY008592,CUST1351,2285,Debit Card,Quarterly,SUCCESS,,2,Approved,0,2026-03-14 21:47:38.959140
PAY008593,CUST7129,9952,Credit Card,Monthly,FAILED,Invalid CVV,2,Declined,0,2026-08-12 15:11:38.959140
PAY008594,CUST4556,8165,Wallet,Annual,SUCCESS,,3,Approved,0,2026-08-05 11:24:38.959140
PAY008595,CUST7591,13327,Net Banking,Quarterly,SUCCESS,,3,Approved,0,2026-07-23 01:36:38.959140
PAY008596,CUST1231,8512,Credit Card,Monthly,SUCCESS,,2,Approved,0,2026-04-11 21:14:38.959140
PAY008597,CUST7625,10609,Debit Card,Annual,FAILED,UPI Failure,3,Approved,1,2026-06-25 01:35:38.959140
PAY008598,CUST1956,4390,Net Banking,Quarterly,SUCCESS,,2,Approved,0,2026-05-15 22:24:38.959140
PAY008599,CUST1698,14371,Wallet,Quarterly,SUCCESS,,1,Approved,0,2026-05-08 09:12:38.959140
PAY008600,CUST3278,1698,Credit Card,Quarterly,SUCCESS,,0,Approved,0,2026-06-21 08:26:38.959140
PAY008601,CUST4380,13810,Wallet,Annual,SUCCESS,,3,Approved,0,2026-04-09 23:45:38.959140
PAY008602,CUST2390,6004,Net Banking,Annual,SUCCESS,,3,Approved,0,2026-03-10 00:34:38.959140
PAY008603,CUST2103,5780,Credit Card,Monthly,FAILED,User Cancelled,3,Blocked,0,2026-05-11 07:11:38.959140
PAY008604,CUST3237,14340,Net Banking,Monthly,FAILED,User Cancelled,0,Timeout,0,2026-04-13 08:58:38.959140
PAY008605,CUST4313,18148,Credit Card,Annual,SUCCESS,,1,Approved,0,2026-04-17 17:28:38.959140
PAY008606,CUST6313,1981,Credit Card,Monthly,SUCCESS,,0,Approved,0,2026-04-09 00:48:38.959140
PAY008607,CUST6060,23786,UPI,Quarterly,SUCCESS,,3,Approved,0,2026-06-03 13:15:38.959140
PAY008608,CUST4808,23640,UPI,Monthly,SUCCESS,,2,Approved,0,2026-04-18 20:46:38.959140
PAY008609,CUST7794,9766,Credit Card,Annual,SUCCESS,,1,Approved,0,2026-05-07 17:42:38.959140
PAY008610,CUST2744,15196,Wallet,Quarterly,SUCCESS,,2,Approved,0,2026-04-13 23:53:38.959140
PAY008611,CUST5713,7858,Wallet,Monthly,SUCCESS,,1,Approved,0,2026-05-17 17:47:38.959140
PAY008612,CUST6961,5017,Wallet,Quarterly,SUCCESS,,3,Approved,0,2026-04-24 22:24:38.959140
PAY008613,CUST4399,12492,Credit Card,Monthly,FAILED,Network Error,3,Approved,1,2026-04-14 03:17:38.959140
PAY008614,CUST1051,24942,UPI,Annual,SUCCESS,,0,Approved,0,2026-06-02 16:45:38.959140
PAY008615,CUST9017,2841,Debit Card,Annual,SUCCESS,,2,Approved,0,2026-05-10 00:11:38.959140
PAY008616,CUST3922,4484,UPI,Annual,SUCCESS,,2,Approved,0,2026-03-28 02:01:38.959140
PAY008617,CUST1249,22787,UPI,Quarterly,SUCCESS,,1,Approved,0,2026-05-01 15:51:38.959140
PAY008618,CUST6601,2470,Debit Card,Quarterly,SUCCESS,,2,Approved,0,2026-04-27 06:04:38.959140
PAY008619,CUST6633,24244,Credit Card,Quarterly,FAILED,Invalid CVV,3,Declined,0,2026-08-25 17:27:38.959140
PAY008620,CUST3012,3482,Credit Card,Monthly,SUCCESS,,0,Approved,0,2026-06-06 04:27:38.959140
PAY008621,CUST5397,12117,UPI,Annual,SUCCESS,,3,Approved,0,2026-07-13 18:26:38.959140
PAY008622,CUST3829,14659,Credit Card,Monthly,FAILED,User Cancelled,2,Blocked,0,2026-05-18 02:13:38.959140
PAY008623,CUST3920,4374,Credit Card,Monthly,SUCCESS,,1,Approved,0,2026-05-02 01:24:38.959140
PAY008624,CUST4735,14847,Credit Card,Annual,FAILED,Invalid CVV,0,Timeout,0,2026-05-22 01:25:38.959140
PAY008625,CUST2384,24214,Wallet,Annual,SUCCESS,,2,Approved,0,2026-08-23 13:47:38.959140
PAY008626,CUST2072,20640,UPI,Monthly,SUCCESS,,1,Approved,0,2026-08-23 21:20:38.959140
PAY008627,CUST1142,20205,Wallet,Annual,SUCCESS,,1,Approved,0,2026-05-29 06:03:38.959140
PAY008628,CUST8719,23870,Net Banking,Annual,SUCCESS,,0,Approved,0,2026-05-25 13:32:38.959140
PAY008629,CUST2530,1654,Net Banking,Annual,SUCCESS,,0,Approved,0,2026-07-20 06:34:38.959140
PAY008630,CUST2879,8146,UPI,Annual,FAILED,Card Expired,0,Approved,0,2026-03-17 02:28:38.959140
PAY008631,CUST1767,12955,Debit Card,Annual,FAILED,User Cancelled,0,Declined,0,2026-03-18 13:10:38.959140
PAY008632,CUST7561,12782,Debit Card,Monthly,SUCCESS,,3,Approved,0,2026-06-15 03:59:38.959140
PAY008633,CUST8736,18065,Credit Card,Monthly,SUCCESS,,2,Approved,0,2026-04-17 03:10:38.959140
PAY008634,CUST3992,23233,Wallet,Monthly,SUCCESS,,1,Approved,0,2026-08-07 04:10:38.959140
PAY008635,CUST5388,7126,Wallet,Annual,SUCCESS,,1,Approved,0,2026-05-04 18:43:38.959140
PAY008636,CUST7704,827,Wallet,Annual,SUCCESS,,3,Approved,0,2026-07-28 12:18:38.959140
PAY008637,CUST7535,11793,Debit Card,Quarterly,SUCCESS,,3,Approved,0,2026-06-03 22:18:38.959140
PAY008638,CUST2638,11649,Debit Card,Quarterly,SUCCESS,,1,Approved,0,2026-06-18 16:15:38.959140
PAY008639,CUST5840,2488,Debit Card,Annual,SUCCESS,,1,Approved,0,2026-08-15 19:48:38.959140
PAY008640,CUST2078,14961,UPI,Quarterly,SUCCESS,,2,Approved,0,2026-06-23 17:52:38.959140
PAY008641,CUST8626,16787,Wallet,Annual,SUCCESS,,2,Approved,0,2026-07-11 10:00:38.959140
PAY008642,CUST5367,18384,Debit Card,Annual,FAILED,Bank Timeout,1,Declined,1,2026-04-05 04:44:38.959140
PAY008643,CUST5949,9587,Wallet,Quarterly,SUCCESS,,2,Approved,0,2026-05-31 11:13:38.959140
PAY008644,CUST6085,21884,Debit Card,Quarterly,SUCCESS,,3,Approved,0,2026-07-29 11:41:38.959140
PAY008645,CUST7028,8699,Net Banking,Monthly,SUCCESS,,1,Approved,0,2026-03-31 07:00:38.959140
PAY008646,CUST3170,19314,Net Banking,Annual,SUCCESS,,0,Approved,0,2026-04-25 12:52:38.959140
PAY008647,CUST2397,2203,Debit Card,Monthly,SUCCESS,,1,Approved,0,2026-04-15 18:04:38.959140
PAY008648,CUST2888,4347,Credit Card,Monthly,FAILED,Fraud Suspected,3,Processing Error,0,2026-05-22 04:55:38.959140
PAY008649,CUST7011,11620,Credit Card,Quarterly,SUCCESS,,2,Approved,0,2026-04-26 20:22:38.959140
PAY008650,CUST3831,3762,UPI,Quarterly,SUCCESS,,1,Approved,0,2026-05-29 04:08:38.959140
PAY008651,CUST1432,14562,Credit Card,Annual,FAILED,UPI Failure,1,Blocked,1,2026-03-20 18:34:38.959140
PAY008652,CUST7473,7106,Credit Card,Monthly,SUCCESS,,2,Approved,0,2026-05-21 16:19:38.959140
PAY008653,CUST2896,11360,Wallet,Monthly,SUCCESS,,1,Approved,0,2026-06-20 07:44:38.959140
PAY008654,CUST2373,21089,Wallet,Annual,FAILED,Bank Timeout,1,Blocked,1,2026-06-17 17:52:38.959140
PAY008655,CUST8248,23801,Credit Card,Annual,SUCCESS,,2,Approved,0,2026-03-12 04:42:38.959140
PAY008656,CUST1178,17538,Debit Card,Monthly,SUCCESS,,2,Approved,0,2026-05-10 15:31:38.959140
PAY008657,CUST2419,3997,Debit Card,Quarterly,SUCCESS,,2,Approved,0,2026-03-26 21:35:38.959140
PAY008658,CUST7667,16555,Credit Card,Monthly,SUCCESS,,2,Approved,0,2026-05-20 18:14:38.959140
PAY008659,CUST3655,23240,Net Banking,Annual,SUCCESS,,3,Approved,0,2026-08-25 08:51:38.959140
PAY008660,CUST5997,7637,Debit Card,Quarterly,SUCCESS,,0,Approved,0,2026-08-20 18:49:38.959140
PAY008661,CUST5399,11597,Wallet,Annual,SUCCESS,,0,Approved,0,2026-07-16 22:54:38.959140
PAY008662,CUST5850,6770,Debit Card,Quarterly,SUCCESS,,0,Approved,0,2026-03-22 11:42:38.959140
PAY008663,CUST6313,8098,Debit Card,Quarterly,SUCCESS,,2,Approved,0,2026-05-07 07:39:38.959140
PAY008664,CUST2202,3023,Wallet,Annual,FAILED,Bank Timeout,1,Declined,1,2026-07-07 02:53:38.959140
PAY008665,CUST2292,21301,Credit Card,Monthly,FAILED,Card Expired,2,Declined,0,2026-06-19 17:13:38.959140
PAY008666,CUST3490,19977,Credit Card,Monthly,FAILED,Network Error,1,Approved,1,2026-03-19 23:31:38.959140
PAY008667,CUST2131,5503,Net Banking,Quarterly,SUCCESS,,2,Approved,0,2026-08-16 10:46:38.959140
PAY008668,CUST7616,19501,Wallet,Monthly,SUCCESS,,3,Approved,0,2026-03-18 02:35:38.959140
PAY008669,CUST7697,5305,Net Banking,Quarterly,SUCCESS,,1,Approved,0,2026-05-17 15:23:38.959140
PAY008670,CUST8878,701,Net Banking,Monthly,SUCCESS,,0,Approved,0,2026-06-26 17:24:38.959140
PAY008671,CUST6985,9720,Wallet,Quarterly,SUCCESS,,3,Approved,0,2026-04-12 12:45:38.959140
PAY008672,CUST2486,24043,Credit Card,Quarterly,SUCCESS,,0,Approved,0,2026-04-04 11:47:38.959140
PAY008673,CUST3650,6288,Debit Card,Monthly,SUCCESS,,0,Approved,0,2026-03-31 07:30:38.959140
PAY008674,CUST5234,6604,Net Banking,Quarterly,SUCCESS,,3,Approved,0,2026-07-20 11:40:38.959140
PAY008675,CUST8791,15336,Debit Card,Quarterly,SUCCESS,,0,Approved,0,2026-05-26 09:17:38.959140
PAY008676,CUST2414,848,Debit Card,Annual,SUCCESS,,1,Approved,0,2026-07-02 11:01:38.959140
PAY008677,CUST5265,4015,Debit Card,Annual,SUCCESS,,0,Approved,0,2026-06-30 14:08:38.959140
PAY008678,CUST6247,715,Credit Card,Monthly,SUCCESS,,2,Approved,0,2026-05-17 01:32:38.959140
PAY008679,CUST6763,24217,Debit Card,Monthly,SUCCESS,,2,Approved,0,2026-08-16 20:38:38.959140
PAY008680,CUST7019,19621,UPI,Quarterly,SUCCESS,,2,Approved,0,2026-08-02 03:45:38.959140
PAY008681,CUST3437,6932,Wallet,Annual,FAILED,UPI Failure,3,Declined,1,2026-03-19 14:12:38.959140
PAY008682,CUST3454,19046,Wallet,Annual,SUCCESS,,1,Approved,0,2026-08-30 02:03:38.959140
PAY008683,CUST9657,24047,UPI,Monthly,FAILED,Invalid CVV,3,Blocked,0,2026-08-16 08:40:38.959140
PAY008684,CUST3949,20822,Wallet,Quarterly,SUCCESS,,2,Approved,0,2026-08-28 00:46:38.959140
PAY008685,CUST6144,10310,Credit Card,Annual,SUCCESS,,1,Approved,0,2026-03-15 14:59:38.959140
PAY008686,CUST5171,14033,UPI,Quarterly,SUCCESS,,0,Approved,0,2026-08-29 11:33:38.959140
PAY008687,CUST9136,7752,Debit Card,Annual,FAILED,UPI Failure,3,Declined,1,2026-03-13 01:16:38.959140
PAY008688,CUST6726,1058,UPI,Monthly,SUCCESS,,0,Approved,0,2026-08-16 01:57:38.959140
PAY008689,CUST8250,9726,Wallet,Annual,SUCCESS,,0,Approved,0,2026-08-18 04:34:38.959140
PAY008690,CUST5302,19828,Wallet,Quarterly,FAILED,Card Expired,3,Approved,0,2026-06-04 00:47:38.959140
PAY008691,CUST6878,11504,Debit Card,Monthly,SUCCESS,,0,Approved,0,2026-07-22 17:24:38.959140
PAY008692,CUST6051,9795,UPI,Quarterly,FAILED,Fraud Suspected,3,Approved,0,2026-06-12 23:00:38.959140
PAY008693,CUST9392,3521,Wallet,Quarterly,SUCCESS,,2,Approved,0,2026-03-10 22:57:38.959140
PAY008694,CUST2270,18985,Debit Card,Annual,SUCCESS,,2,Approved,0,2026-08-11 00:16:38.959140
PAY008695,CUST8472,20083,Wallet,Monthly,FAILED,Card Expired,1,Declined,0,2026-04-03 03:49:38.959140
PAY008696,CUST1225,13139,Debit Card,Annual,SUCCESS,,2,Approved,0,2026-07-10 13:17:38.959140
PAY008697,CUST1187,13330,Wallet,Annual,SUCCESS,,1,Approved,0,2026-04-20 15:03:38.959140
PAY008698,CUST2678,19163,Debit Card,Annual,FAILED,Card Expired,2,Timeout,0,2026-06-03 12:49:38.959140
PAY008699,CUST8655,18987,Net Banking,Quarterly,FAILED,Fraud Suspected,1,Declined,0,2026-07-27 11:01:38.959140
PAY008700,CUST4965,15064,Net Banking,Quarterly,FAILED,Invalid CVV,2,Timeout,0,2026-03-28 10:54:38.959140
PAY008701,CUST6628,24182,Net Banking,Monthly,FAILED,UPI Failure,3,Blocked,1,2026-07-26 18:14:38.959140
PAY008702,CUST4875,3419,Net Banking,Monthly,SUCCESS,,3,Approved,0,2026-05-02 18:51:38.959140
PAY008703,CUST7632,23230,Wallet,Quarterly,SUCCESS,,0,Approved,0,2026-03-26 23:38:38.959140
PAY008704,CUST2161,12273,Net Banking,Monthly,SUCCESS,,1,Approved,0,2026-05-05 08:45:38.959140
PAY008705,CUST9972,16283,Credit Card,Quarterly,SUCCESS,,2,Approved,0,2026-06-07 03:05:38.959140
PAY008706,CUST4342,8226,Credit Card,Quarterly,SUCCESS,,2,Approved,0,2026-07-21 01:49:38.959140
PAY008707,CUST3712,4115,Wallet,Annual,SUCCESS,,0,Approved,0,2026-03-14 17:30:38.959140
PAY008708,CUST2107,3940,Debit Card,Monthly,SUCCESS,,2,Approved,0,2026-06-21 20:38:38.959140
PAY008709,CUST2338,3039,Net Banking,Quarterly,SUCCESS,,1,Approved,0,2026-03-18 01:47:38.959140
PAY008710,CUST8783,23045,Wallet,Quarterly,SUCCESS,,0,Approved,0,2026-05-05 20:07:38.959140
PAY008711,CUST3121,19367,Credit Card,Annual,SUCCESS,,2,Approved,0,2026-08-18 02:44:38.959140
PAY008712,CUST5219,24312,Debit Card,Annual,SUCCESS,,0,Approved,0,2026-04-10 06:15:38.959140
PAY008713,CUST1143,8705,Wallet,Monthly,SUCCESS,,3,Approved,0,2026-07-24 05:59:38.959140
PAY008714,CUST9477,1514,Debit Card,Quarterly,SUCCESS,,1,Approved,0,2026-06-01 18:52:38.959140
PAY008715,CUST5720,6425,Credit Card,Quarterly,SUCCESS,,3,Approved,0,2026-07-14 03:01:38.959140
PAY008716,CUST8566,22278,UPI,Monthly,SUCCESS,,2,Approved,0,2026-07-11 09:35:38.959140
PAY008717,CUST5787,3640,Net Banking,Quarterly,SUCCESS,,2,Approved,0,2026-08-06 18:52:38.959140
PAY008718,CUST1024,20606,Net Banking,Annual,SUCCESS,,1,Approved,0,2026-08-24 14:50:38.959140
PAY008719,CUST4858,15143,UPI,Annual,SUCCESS,,1,Approved,0,2026-04-02 17:56:38.959140
PAY008720,CUST4409,21331,Debit Card,Annual,FAILED,Invalid CVV,3,Declined,0,2026-03-14 10:29:38.959140
PAY008721,CUST6896,7654,UPI,Annual,SUCCESS,,3,Approved,0,2026-08-29 00:19:38.959140
PAY008722,CUST4295,21534,Wallet,Annual,SUCCESS,,0,Approved,0,2026-07-13 02:02:38.959140
PAY008723,CUST1031,12858,Credit Card,Quarterly,FAILED,Fraud Suspected,0,Timeout,0,2026-04-03 23:59:38.959140
PAY008724,CUST7201,13858,Wallet,Annual,SUCCESS,,1,Approved,0,2026-07-07 18:32:38.959140
PAY008725,CUST1904,20347,Debit Card,Quarterly,FAILED,Fraud Suspected,2,Processing Error,0,2026-03-29 14:33:38.959140
PAY008726,CUST9037,2784,Wallet,Monthly,SUCCESS,,2,Approved,0,2026-04-21 11:30:38.959140
PAY008727,CUST8066,21005,UPI,Annual,SUCCESS,,0,Approved,0,2026-08-09 01:57:38.959140
PAY008728,CUST1266,4331,UPI,Annual,FAILED,Bank Timeout,1,Approved,1,2026-07-12 05:18:38.959140
PAY008729,CUST1140,19565,Net Banking,Annual,SUCCESS,,3,Approved,0,2026-06-15 10:30:38.959140
PAY008730,CUST5392,18195,Net Banking,Quarterly,SUCCESS,,1,Approved,0,2026-07-01 17:41:38.959140
PAY008731,CUST3415,6735,Credit Card,Monthly,SUCCESS,,0,Approved,0,2026-06-28 18:41:38.959140
PAY008732,CUST1342,4062,Credit Card,Quarterly,FAILED,Card Expired,1,Processing Error,0,2026-06-11 09:01:38.959140
PAY008733,CUST3726,7211,Net Banking,Monthly,FAILED,Bank Timeout,1,Declined,1,2026-07-18 07:23:38.959140
PAY008734,CUST2169,8587,Net Banking,Monthly,SUCCESS,,1,Approved,0,2026-04-27 13:48:38.959140
PAY008735,CUST9901,18324,Wallet,Annual,SUCCESS,,0,Approved,0,2026-04-25 02:14:38.959140
PAY008736,CUST3688,17857,Credit Card,Annual,SUCCESS,,1,Approved,0,2026-07-09 20:30:38.959140
PAY008737,CUST7474,4257,UPI,Annual,FAILED,Fraud Suspected,1,Processing Error,0,2026-06-09 04:59:38.959140
PAY008738,CUST9328,14671,UPI,Annual,SUCCESS,,0,Approved,0,2026-03-18 01:34:38.959140
PAY008739,CUST4715,4906,Net Banking,Annual,SUCCESS,,0,Approved,0,2026-04-22 11:19:38.959140
PAY008740,CUST5259,22411,Debit Card,Annual,SUCCESS,,1,Approved,0,2026-03-24 11:45:38.959140
PAY008741,CUST3150,9992,Credit Card,Quarterly,SUCCESS,,2,Approved,0,2026-05-30 02:27:38.959140
PAY008742,CUST9067,1779,Debit Card,Quarterly,SUCCESS,,2,Approved,0,2026-06-11 17:21:38.959140
PAY008743,CUST8412,5836,Credit Card,Monthly,SUCCESS,,2,Approved,0,2026-06-29 10:50:38.959140
PAY008744,CUST1855,8391,Wallet,Monthly,SUCCESS,,2,Approved,0,2026-07-05 17:18:38.959140
PAY008745,CUST1825,14449,UPI,Quarterly,FAILED,Network Error,2,Declined,1,2026-08-10 22:07:38.959140
PAY008746,CUST8448,21336,Net Banking,Monthly,SUCCESS,,1,Approved,0,2026-03-10 03:50:38.959140
PAY008747,CUST6828,24565,Wallet,Annual,FAILED,User Cancelled,3,Blocked,0,2026-06-05 17:25:38.959140
PAY008748,CUST6196,16041,Net Banking,Monthly,SUCCESS,,0,Approved,0,2026-07-20 04:23:38.959140
PAY008749,CUST4471,10990,Net Banking,Annual,SUCCESS,,1,Approved,0,2026-06-09 02:29:38.959140
PAY008750,CUST6349,6139,Net Banking,Annual,FAILED,Fraud Suspected,1,Approved,0,2026-06-15 01:02:38.959140
PAY008751,CUST2716,22349,Wallet,Monthly,SUCCESS,,3,Approved,0,2026-05-17 22:40:38.959140
PAY008752,CUST1719,24293,Net Banking,Annual,SUCCESS,,0,Approved,0,2026-04-06 17:24:38.959140
PAY008753,CUST1589,5169,Wallet,Annual,SUCCESS,,2,Approved,0,2026-06-16 06:43:38.959140
PAY008754,CUST3176,5338,Net Banking,Quarterly,SUCCESS,,2,Approved,0,2026-07-07 09:48:38.959140
PAY008755,CUST8317,14840,Credit Card,Monthly,SUCCESS,,1,Approved,0,2026-08-20 06:28:38.959140
PAY008756,CUST2840,23918,Net Banking,Quarterly,SUCCESS,,0,Approved,0,2026-03-21 09:17:38.959140
PAY008757,CUST8530,11008,Debit Card,Quarterly,SUCCESS,,3,Approved,0,2026-05-31 13:43:38.959140
PAY008758,CUST7858,3765,Net Banking,Annual,SUCCESS,,0,Approved,0,2026-08-18 19:20:38.959140
PAY008759,CUST9324,9834,Wallet,Monthly,SUCCESS,,2,Approved,0,2026-07-13 17:06:38.959140
PAY008760,CUST9055,16186,Wallet,Annual,FAILED,Invalid CVV,0,Processing Error,0,2026-07-15 09:54:38.959140
PAY008761,CUST3714,1813,Debit Card,Annual,SUCCESS,,1,Approved,0,2026-03-13 02:31:38.959140
PAY008762,CUST4512,7278,Credit Card,Quarterly,FAILED,Insufficient Funds,0,Blocked,1,2026-08-24 06:06:38.959140
PAY008763,CUST2972,17578,Debit Card,Annual,SUCCESS,,3,Approved,0,2026-08-03 09:58:38.959140
PAY008764,CUST4210,22532,Wallet,Annual,SUCCESS,,0,Approved,0,2026-08-04 01:34:38.959140
PAY008765,CUST7048,7629,Debit Card,Monthly,SUCCESS,,0,Approved,0,2026-04-13 10:59:38.959140
PAY008766,CUST4605,8267,UPI,Monthly,SUCCESS,,3,Approved,0,2026-07-21 17:22:38.959140
PAY008767,CUST9435,18815,Wallet,Monthly,FAILED,Insufficient Funds,2,Timeout,1,2026-08-01 16:59:38.959140
PAY008768,CUST8577,17830,Credit Card,Monthly,FAILED,User Cancelled,3,Blocked,0,2026-07-15 13:18:38.959140
PAY008769,CUST8880,21140,Wallet,Monthly,SUCCESS,,1,Approved,0,2026-08-16 01:06:38.959140
PAY008770,CUST9839,4793,Net Banking,Monthly,SUCCESS,,1,Approved,0,2026-08-17 11:08:38.959140
PAY008771,CUST5529,3183,Net Banking,Quarterly,FAILED,Bank Timeout,0,Approved,1,2026-05-25 04:16:38.959140
PAY008772,CUST4646,6538,Wallet,Monthly,SUCCESS,,0,Approved,0,2026-07-27 16:20:38.959140
PAY008773,CUST7437,19065,Net Banking,Monthly,FAILED,Fraud Suspected,0,Blocked,0,2026-08-23 01:32:38.959140
PAY008774,CUST5200,12545,Debit Card,Quarterly,SUCCESS,,3,Approved,0,2026-08-10 22:40:38.959140
PAY008775,CUST1692,4031,UPI,Quarterly,SUCCESS,,2,Approved,0,2026-03-24 16:52:38.959140
PAY008776,CUST3871,5554,Debit Card,Quarterly,SUCCESS,,3,Approved,0,2026-07-29 11:14:38.959140
PAY008777,CUST1761,7588,Wallet,Quarterly,FAILED,Card Expired,0,Blocked,0,2026-07-21 21:14:38.959140
PAY008778,CUST4674,16586,UPI,Monthly,SUCCESS,,2,Approved,0,2026-04-10 17:38:38.959140
PAY008779,CUST3944,24076,Net Banking,Annual,SUCCESS,,3,Approved,0,2026-08-25 15:29:38.959140
PAY008780,CUST8981,12299,Credit Card,Monthly,FAILED,User Cancelled,1,Declined,0,2026-03-30 16:05:38.959140
PAY008781,CUST5705,4049,UPI,Annual,SUCCESS,,2,Approved,0,2026-04-19 03:26:38.959140
PAY008782,CUST8569,7762,Net Banking,Quarterly,SUCCESS,,1,Approved,0,2026-05-24 21:16:38.959140
PAY008783,CUST2795,14489,Wallet,Annual,FAILED,UPI Failure,1,Processing Error,1,2026-06-02 11:23:38.959140
PAY008784,CUST4091,13448,Debit Card,Quarterly,SUCCESS,,0,Approved,0,2026-05-12 23:29:38.959140
PAY008785,CUST7242,10957,Wallet,Monthly,FAILED,Insufficient Funds,3,Blocked,1,2026-04-30 22:41:38.959140
PAY008786,CUST9256,21291,Net Banking,Monthly,SUCCESS,,3,Approved,0,2026-07-30 00:45:38.959140
PAY008787,CUST3593,9611,Wallet,Monthly,SUCCESS,,3,Approved,0,2026-07-31 08:50:38.959140
PAY008788,CUST4162,16401,Net Banking,Monthly,SUCCESS,,3,Approved,0,2026-07-24 16:14:38.959140
PAY008789,CUST9908,24875,UPI,Monthly,SUCCESS,,0,Approved,0,2026-08-23 04:53:38.959140
PAY008790,CUST4874,863,UPI,Annual,FAILED,UPI Failure,0,Blocked,1,2026-06-05 13:42:38.959140
PAY008791,CUST2158,5226,Wallet,Annual,FAILED,UPI Failure,3,Timeout,1,2026-04-15 19:43:38.959140
PAY008792,CUST4005,24514,Credit Card,Quarterly,SUCCESS,,0,Approved,0,2026-04-16 15:01:38.959140
PAY008793,CUST4258,16981,Credit Card,Annual,SUCCESS,,0,Approved,0,2026-07-01 11:41:38.959140
PAY008794,CUST5230,5371,Debit Card,Quarterly,SUCCESS,,3,Approved,0,2026-08-15 22:31:38.959140
PAY008795,CUST5646,22826,Debit Card,Quarterly,SUCCESS,,2,Approved,0,2026-07-20 01:14:38.959140
PAY008796,CUST5631,14637,Net Banking,Annual,FAILED,Bank Timeout,3,Timeout,1,2026-07-16 20:56:38.959140
PAY008797,CUST6108,15162,UPI,Quarterly,SUCCESS,,0,Approved,0,2026-05-31 17:47:38.959140
PAY008798,CUST1094,18385,Net Banking,Monthly,FAILED,Fraud Suspected,3,Declined,0,2026-05-30 14:29:38.959140
PAY008799,CUST8416,14158,Net Banking,Monthly,SUCCESS,,1,Approved,0,2026-04-13 14:02:38.959140
PAY008800,CUST9922,4388,Net Banking,Annual,FAILED,Network Error,2,Approved,1,2026-07-18 23:18:38.959140
PAY008801,CUST9196,16278,UPI,Monthly,FAILED,Card Expired,0,Declined,0,2026-06-27 01:08:38.959140
PAY008802,CUST2829,5386,Debit Card,Quarterly,FAILED,User Cancelled,3,Blocked,0,2026-04-18 08:27:38.959140
PAY008803,CUST7369,1200,Credit Card,Monthly,SUCCESS,,1,Approved,0,2026-08-21 06:30:38.959140
PAY008804,CUST4273,24869,Credit Card,Quarterly,SUCCESS,,0,Approved,0,2026-06-28 10:54:38.959140
PAY008805,CUST4765,16728,Net Banking,Annual,SUCCESS,,2,Approved,0,2026-05-01 16:55:38.959140
PAY008806,CUST9192,17830,Debit Card,Monthly,SUCCESS,,1,Approved,0,2026-08-17 14:40:38.959140
PAY008807,CUST3173,3353,UPI,Monthly,SUCCESS,,1,Approved,0,2026-05-13 09:32:38.959140
PAY008808,CUST2139,6200,Wallet,Monthly,SUCCESS,,0,Approved,0,2026-06-20 04:53:38.959140
PAY008809,CUST5778,21389,Net Banking,Annual,SUCCESS,,0,Approved,0,2026-04-06 17:48:38.959140
PAY008810,CUST8642,13825,Wallet,Monthly,SUCCESS,,3,Approved,0,2026-08-22 18:29:38.959140
PAY008811,CUST5366,3294,UPI,Annual,SUCCESS,,3,Approved,0,2026-04-09 15:44:38.959140
PAY008812,CUST4491,15682,Net Banking,Quarterly,SUCCESS,,2,Approved,0,2026-03-24 10:22:38.959140
PAY008813,CUST2666,22453,Wallet,Annual,FAILED,Card Expired,2,Timeout,0,2026-06-14 08:47:38.959140
PAY008814,CUST5760,18559,Debit Card,Monthly,SUCCESS,,0,Approved,0,2026-06-19 03:06:38.959140
PAY008815,CUST7988,192,Debit Card,Monthly,SUCCESS,,2,Approved,0,2026-06-30 22:54:38.959140
PAY008816,CUST7114,11108,Net Banking,Annual,FAILED,Fraud Suspected,0,Approved,0,2026-08-21 20:14:38.959140
PAY008817,CUST4507,22492,Debit Card,Monthly,SUCCESS,,2,Approved,0,2026-07-03 04:27:38.959140
PAY008818,CUST3860,3350,Wallet,Quarterly,FAILED,UPI Failure,0,Timeout,1,2026-08-08 22:17:38.959140
PAY008819,CUST3280,20034,Debit Card,Quarterly,SUCCESS,,3,Approved,0,2026-04-08 18:20:38.959140
PAY008820,CUST6510,21677,Wallet,Monthly,FAILED,Bank Timeout,2,Declined,1,2026-03-18 09:57:38.959140
PAY008821,CUST3764,3954,Debit Card,Quarterly,FAILED,Bank Timeout,1,Processing Error,1,2026-08-18 02:49:38.959140
PAY008822,CUST5051,22297,UPI,Quarterly,FAILED,User Cancelled,2,Approved,0,2026-08-25 23:15:38.959140
PAY008823,CUST5118,17985,Net Banking,Quarterly,SUCCESS,,1,Approved,0,2026-05-08 22:17:38.959140
PAY008824,CUST8945,4965,Wallet,Monthly,FAILED,Invalid CVV,1,Processing Error,0,2026-06-30 10:31:38.959140
PAY008825,CUST2318,14641,Net Banking,Monthly,SUCCESS,,2,Approved,0,2026-08-19 12:54:38.959140
PAY008826,CUST7624,13227,Net Banking,Annual,SUCCESS,,3,Approved,0,2026-04-11 18:06:38.959140
PAY008827,CUST3231,525,Credit Card,Annual,FAILED,Network Error,0,Processing Error,1,2026-06-01 08:34:38.959140
PAY008828,CUST1246,3748,Credit Card,Quarterly,FAILED,Fraud Suspected,3,Blocked,0,2026-05-19 19:54:38.959140
PAY008829,CUST5109,20887,UPI,Annual,SUCCESS,,2,Approved,0,2026-05-04 02:08:38.959140
PAY008830,CUST6932,19599,Net Banking,Quarterly,SUCCESS,,0,Approved,0,2026-08-22 23:35:38.959140
PAY008831,CUST5927,10745,UPI,Annual,SUCCESS,,2,Approved,0,2026-06-19 19:40:38.959140
PAY008832,CUST4668,5984,Debit Card,Annual,SUCCESS,,1,Approved,0,2026-06-15 16:40:38.959140
PAY008833,CUST4835,23334,Debit Card,Monthly,SUCCESS,,1,Approved,0,2026-04-03 08:18:38.959140
PAY008834,CUST9373,16076,Net Banking,Monthly,SUCCESS,,2,Approved,0,2026-08-16 15:54:38.959140
PAY008835,CUST9829,8050,Debit Card,Quarterly,SUCCESS,,0,Approved,0,2026-05-12 12:55:38.959140
PAY008836,CUST6526,15649,UPI,Quarterly,FAILED,Fraud Suspected,0,Declined,0,2026-07-08 03:41:38.959140
PAY008837,CUST3629,6372,Net Banking,Monthly,SUCCESS,,0,Approved,0,2026-05-28 10:51:38.959140
PAY008838,CUST2251,1192,Debit Card,Quarterly,FAILED,Invalid CVV,2,Declined,0,2026-05-08 06:11:38.959140
PAY008839,CUST3941,13110,Net Banking,Quarterly,SUCCESS,,0,Approved,0,2026-07-27 07:54:38.959140
PAY008840,CUST6488,17643,Wallet,Quarterly,SUCCESS,,3,Approved,0,2026-05-14 08:48:38.959140
PAY008841,CUST9380,15589,UPI,Quarterly,SUCCESS,,3,Approved,0,2026-06-15 21:36:38.959140
PAY008842,CUST7629,16973,Debit Card,Monthly,SUCCESS,,0,Approved,0,2026-07-01 09:02:38.959140
PAY008843,CUST5960,18094,Net Banking,Monthly,SUCCESS,,3,Approved,0,2026-04-30 20:03:38.959140
PAY008844,CUST6291,2835,Debit Card,Quarterly,FAILED,UPI Failure,3,Blocked,1,2026-07-04 09:23:38.959140
PAY008845,CUST7501,15729,UPI,Annual,SUCCESS,,3,Approved,0,2026-03-14 01:14:38.959140
PAY008846,CUST9852,11301,Debit Card,Quarterly,FAILED,Network Error,2,Timeout,1,2026-06-18 07:27:38.959140
PAY008847,CUST3730,23662,Net Banking,Annual,SUCCESS,,1,Approved,0,2026-08-25 21:22:38.959140
PAY008848,CUST6271,2795,Net Banking,Quarterly,SUCCESS,,0,Approved,0,2026-07-19 23:16:38.959140
PAY008849,CUST2383,14973,Debit Card,Quarterly,SUCCESS,,0,Approved,0,2026-08-23 02:38:38.959140
PAY008850,CUST1931,13237,Debit Card,Monthly,SUCCESS,,0,Approved,0,2026-06-16 01:47:38.959140
PAY008851,CUST1738,19362,Wallet,Quarterly,SUCCESS,,1,Approved,0,2026-03-14 15:04:38.959140
PAY008852,CUST5547,7903,Net Banking,Monthly,SUCCESS,,0,Approved,0,2026-05-25 16:35:38.959140
PAY008853,CUST6063,22585,Wallet,Monthly,SUCCESS,,3,Approved,0,2026-07-03 07:47:38.959140
PAY008854,CUST4450,7922,Wallet,Annual,FAILED,User Cancelled,3,Blocked,0,2026-05-09 17:41:38.959140
PAY008855,CUST2456,7467,Debit Card,Annual,SUCCESS,,1,Approved,0,2026-07-06 20:17:38.959140
PAY008856,CUST5679,5167,Wallet,Quarterly,SUCCESS,,2,Approved,0,2026-08-11 17:02:38.959140
PAY008857,CUST7452,22570,Net Banking,Quarterly,FAILED,Bank Timeout,1,Approved,1,2026-06-09 03:11:38.959140
PAY008858,CUST8347,8575,UPI,Monthly,SUCCESS,,3,Approved,0,2026-06-28 22:44:38.959140
PAY008859,CUST9797,801,UPI,Monthly,SUCCESS,,1,Approved,0,2026-08-10 11:48:38.959140
PAY008860,CUST7850,6823,Net Banking,Quarterly,SUCCESS,,1,Approved,0,2026-07-23 21:08:38.959140
PAY008861,CUST6053,15385,Wallet,Annual,FAILED,Invalid CVV,0,Timeout,0,2026-06-10 07:17:38.959140
PAY008862,CUST9096,2376,Net Banking,Quarterly,SUCCESS,,3,Approved,0,2026-04-04 22:49:38.959140
PAY008863,CUST3651,4939,Debit Card,Monthly,SUCCESS,,2,Approved,0,2026-08-26 19:11:38.959140
PAY008864,CUST4298,5149,Debit Card,Monthly,FAILED,Card Expired,1,Timeout,0,2026-08-04 19:13:38.959140
PAY008865,CUST2196,19284,Wallet,Quarterly,SUCCESS,,1,Approved,0,2026-06-05 09:24:38.959140
PAY008866,CUST3739,24521,Debit Card,Monthly,FAILED,Card Expired,3,Processing Error,0,2026-08-22 02:33:38.959140
PAY008867,CUST1407,6322,UPI,Annual,SUCCESS,,1,Approved,0,2026-06-14 09:06:38.959140
PAY008868,CUST1728,24712,UPI,Quarterly,SUCCESS,,3,Approved,0,2026-08-17 11:50:38.959140
PAY008869,CUST1323,9722,Wallet,Monthly,SUCCESS,,2,Approved,0,2026-05-20 22:26:38.959140
PAY008870,CUST2918,18420,Net Banking,Annual,SUCCESS,,3,Approved,0,2026-04-27 02:28:38.959140
PAY008871,CUST3163,15033,Credit Card,Monthly,SUCCESS,,1,Approved,0,2026-03-27 03:00:38.959140
PAY008872,CUST9170,10547,Net Banking,Monthly,SUCCESS,,1,Approved,0,2026-04-28 10:43:38.959140
PAY008873,CUST1488,16156,Credit Card,Quarterly,SUCCESS,,2,Approved,0,2026-03-22 19:39:38.959140
PAY008874,CUST5590,9869,Wallet,Annual,SUCCESS,,0,Approved,0,2026-05-17 22:28:38.959140
PAY008875,CUST4063,22863,Credit Card,Annual,SUCCESS,,3,Approved,0,2026-06-13 23:12:38.959140
PAY008876,CUST3140,22183,Net Banking,Annual,SUCCESS,,1,Approved,0,2026-08-30 08:13:38.959140
PAY008877,CUST7768,5320,Credit Card,Quarterly,SUCCESS,,2,Approved,0,2026-07-14 11:10:38.959140
PAY008878,CUST3312,11757,UPI,Annual,SUCCESS,,0,Approved,0,2026-03-22 04:26:38.959140
PAY008879,CUST6701,18669,Credit Card,Quarterly,SUCCESS,,0,Approved,0,2026-04-26 14:19:38.959140
PAY008880,CUST1123,11137,UPI,Annual,SUCCESS,,2,Approved,0,2026-04-21 21:04:38.959140
PAY008881,CUST6517,8998,Wallet,Quarterly,SUCCESS,,3,Approved,0,2026-03-20 09:00:38.959140
PAY008882,CUST2152,11922,UPI,Monthly,FAILED,User Cancelled,0,Declined,0,2026-04-26 02:16:38.959140
PAY008883,CUST8406,6810,UPI,Monthly,SUCCESS,,3,Approved,0,2026-03-10 02:25:38.959140
PAY008884,CUST2092,20912,Credit Card,Monthly,FAILED,Fraud Suspected,3,Declined,0,2026-03-13 20:06:38.959140
PAY008885,CUST8948,300,Wallet,Quarterly,FAILED,Invalid CVV,0,Blocked,0,2026-04-30 22:06:38.959140
PAY008886,CUST1990,2748,Wallet,Quarterly,SUCCESS,,0,Approved,0,2026-08-20 06:11:38.959140
PAY008887,CUST6686,10378,Debit Card,Annual,SUCCESS,,2,Approved,0,2026-04-10 17:07:38.959140
PAY008888,CUST3329,23184,Credit Card,Monthly,SUCCESS,,3,Approved,0,2026-08-04 18:13:38.959140
PAY008889,CUST5362,24555,Debit Card,Monthly,SUCCESS,,2,Approved,0,2026-08-03 16:15:38.959140
PAY008890,CUST7271,678,Net Banking,Monthly,SUCCESS,,2,Approved,0,2026-08-13 17:52:38.959140
PAY008891,CUST7741,4803,Wallet,Monthly,SUCCESS,,1,Approved,0,2026-07-14 20:48:38.959140
PAY008892,CUST9459,400,Net Banking,Monthly,SUCCESS,,3,Approved,0,2026-04-24 12:40:38.959140
PAY008893,CUST6468,11057,UPI,Quarterly,SUCCESS,,1,Approved,0,2026-08-29 04:41:38.959140
PAY008894,CUST8915,20928,UPI,Monthly,FAILED,Fraud Suspected,1,Processing Error,0,2026-03-19 16:50:38.959140
PAY008895,CUST8318,6501,Net Banking,Monthly,SUCCESS,,0,Approved,0,2026-07-12 21:12:38.959140
PAY008896,CUST6617,8247,Credit Card,Annual,SUCCESS,,1,Approved,0,2026-05-14 16:35:38.959140
PAY008897,CUST4837,24012,Credit Card,Annual,SUCCESS,,2,Approved,0,2026-04-18 02:55:38.959140
PAY008898,CUST4411,5384,Debit Card,Annual,FAILED,Insufficient Funds,1,Processing Error,1,2026-05-10 04:55:38.959140
PAY008899,CUST4799,7820,UPI,Monthly,SUCCESS,,1,Approved,0,2026-08-19 19:12:38.959140
PAY008900,CUST8909,13561,Debit Card,Monthly,SUCCESS,,2,Approved,0,2026-05-25 23:53:38.959140
PAY008901,CUST5835,1940,UPI,Annual,SUCCESS,,2,Approved,0,2026-07-22 10:47:38.959140
PAY008902,CUST9109,5520,UPI,Monthly,SUCCESS,,0,Approved,0,2026-04-17 09:52:38.959140
PAY008903,CUST4568,4061,UPI,Quarterly,FAILED,Fraud Suspected,0,Declined,0,2026-04-29 02:11:38.959140
PAY008904,CUST1672,19232,Wallet,Quarterly,FAILED,Network Error,0,Timeout,1,2026-08-05 15:28:38.959140
PAY008905,CUST7622,1896,Wallet,Quarterly,SUCCESS,,3,Approved,0,2026-08-16 11:32:38.959140
PAY008906,CUST9542,12953,Debit Card,Monthly,SUCCESS,,2,Approved,0,2026-05-08 09:28:38.959140
PAY008907,CUST7392,6163,Wallet,Quarterly,SUCCESS,,3,Approved,0,2026-05-28 20:56:38.959140
PAY008908,CUST5804,12099,Debit Card,Monthly,SUCCESS,,3,Approved,0,2026-08-09 23:38:38.959140
PAY008909,CUST1377,16294,UPI,Annual,SUCCESS,,3,Approved,0,2026-05-10 22:17:38.959140
PAY008910,CUST7681,11881,Net Banking,Quarterly,SUCCESS,,1,Approved,0,2026-07-16 16:28:38.959140
PAY008911,CUST3835,4608,UPI,Quarterly,SUCCESS,,1,Approved,0,2026-07-26 16:58:38.959140
PAY008912,CUST4127,20189,Wallet,Monthly,SUCCESS,,2,Approved,0,2026-04-10 14:27:38.959140
PAY008913,CUST1356,20057,Credit Card,Annual,FAILED,Fraud Suspected,3,Declined,0,2026-03-23 14:02:38.959140
PAY008914,CUST4611,16441,UPI,Monthly,SUCCESS,,3,Approved,0,2026-07-01 04:22:38.959140
PAY008915,CUST7279,9598,Credit Card,Quarterly,SUCCESS,,1,Approved,0,2026-06-11 23:30:38.959140
PAY008916,CUST9034,7604,Debit Card,Annual,SUCCESS,,0,Approved,0,2026-08-24 06:13:38.959140
PAY008917,CUST5875,7245,Net Banking,Quarterly,SUCCESS,,3,Approved,0,2026-04-15 05:29:38.959140
PAY008918,CUST8117,7232,Debit Card,Annual,SUCCESS,,0,Approved,0,2026-08-15 18:38:38.959140
PAY008919,CUST8063,4780,Debit Card,Quarterly,SUCCESS,,3,Approved,0,2026-08-17 10:50:38.959140
PAY008920,CUST9017,20724,Credit Card,Annual,FAILED,Card Expired,3,Timeout,0,2026-08-12 17:04:38.959140
PAY008921,CUST9359,8122,Debit Card,Annual,SUCCESS,,3,Approved,0,2026-07-24 22:01:38.959140
PAY008922,CUST9585,8891,Credit Card,Quarterly,FAILED,Bank Timeout,2,Blocked,1,2026-07-03 20:43:38.959140
PAY008923,CUST1345,13527,Net Banking,Quarterly,SUCCESS,,0,Approved,0,2026-07-01 09:48:38.959140
PAY008924,CUST6687,13069,Debit Card,Quarterly,SUCCESS,,0,Approved,0,2026-03-27 20:24:38.959140
PAY008925,CUST9929,1520,UPI,Annual,FAILED,Fraud Suspected,3,Blocked,0,2026-08-26 06:07:38.959140
PAY008926,CUST2710,24846,UPI,Quarterly,SUCCESS,,3,Approved,0,2026-08-18 00:20:38.959140
PAY008927,CUST8995,20027,UPI,Annual,SUCCESS,,0,Approved,0,2026-03-21 11:26:38.959140
PAY008928,CUST1128,4230,UPI,Annual,SUCCESS,,3,Approved,0,2026-08-21 08:19:38.959140
PAY008929,CUST2914,13686,Debit Card,Quarterly,SUCCESS,,1,Approved,0,2026-07-04 15:01:38.959140
PAY008930,CUST7395,8645,UPI,Quarterly,SUCCESS,,1,Approved,0,2026-03-20 18:31:38.959140
PAY008931,CUST8888,2365,Net Banking,Annual,SUCCESS,,0,Approved,0,2026-05-22 07:22:38.959140
PAY008932,CUST3493,8804,Net Banking,Annual,SUCCESS,,1,Approved,0,2026-05-09 13:11:38.959140
PAY008933,CUST2369,24165,Wallet,Annual,FAILED,Fraud Suspected,0,Processing Error,0,2026-06-27 20:55:38.959140
PAY008934,CUST9136,4391,UPI,Monthly,SUCCESS,,1,Approved,0,2026-04-10 07:34:38.959140
PAY008935,CUST6572,22941,Net Banking,Quarterly,FAILED,Network Error,3,Declined,1,2026-07-30 02:26:38.959140
PAY008936,CUST3964,4689,Credit Card,Monthly,SUCCESS,,0,Approved,0,2026-08-27 14:51:38.959140
PAY008937,CUST7712,6745,Debit Card,Monthly,FAILED,Insufficient Funds,2,Timeout,1,2026-06-10 09:50:38.959140
PAY008938,CUST5584,2774,Net Banking,Monthly,FAILED,Card Expired,3,Approved,0,2026-04-03 20:44:38.959140
PAY008939,CUST1264,2283,UPI,Annual,FAILED,Invalid CVV,0,Processing Error,0,2026-06-13 09:04:38.959140
PAY008940,CUST1327,17614,Debit Card,Quarterly,SUCCESS,,1,Approved,0,2026-05-12 11:35:38.959140
PAY008941,CUST2558,11948,Credit Card,Quarterly,FAILED,Card Expired,1,Declined,0,2026-03-29 16:32:38.959140
PAY008942,CUST9185,14623,Credit Card,Quarterly,SUCCESS,,0,Approved,0,2026-08-26 05:42:38.959140
PAY008943,CUST5559,7831,UPI,Quarterly,FAILED,Insufficient Funds,2,Timeout,1,2026-07-06 08:45:38.959140
PAY008944,CUST7301,13591,Credit Card,Annual,FAILED,UPI Failure,2,Approved,1,2026-07-24 13:19:38.959140
PAY008945,CUST2812,6386,Credit Card,Monthly,SUCCESS,,3,Approved,0,2026-06-17 14:54:38.959140
PAY008946,CUST5611,11012,Wallet,Annual,SUCCESS,,1,Approved,0,2026-07-25 00:08:38.959140
PAY008947,CUST1369,15451,Net Banking,Annual,SUCCESS,,1,Approved,0,2026-07-29 23:39:38.959140
PAY008948,CUST9776,24000,Debit Card,Monthly,FAILED,Fraud Suspected,2,Timeout,0,2026-07-09 02:56:38.959140
PAY008949,CUST8921,5394,Net Banking,Annual,SUCCESS,,3,Approved,0,2026-07-18 19:58:38.959140
PAY008950,CUST8107,3238,Net Banking,Monthly,SUCCESS,,0,Approved,0,2026-05-25 21:47:38.959140
PAY008951,CUST5648,14802,Debit Card,Quarterly,SUCCESS,,1,Approved,0,2026-07-24 13:03:38.959140
PAY008952,CUST8209,4126,Net Banking,Quarterly,SUCCESS,,0,Approved,0,2026-05-22 15:15:38.959140
PAY008953,CUST4150,2240,UPI,Quarterly,SUCCESS,,0,Approved,0,2026-08-11 16:08:38.959140
PAY008954,CUST9027,9165,UPI,Monthly,SUCCESS,,2,Approved,0,2026-04-15 04:36:38.959140
PAY008955,CUST6434,17100,Net Banking,Annual,SUCCESS,,2,Approved,0,2026-04-09 05:12:38.959140
PAY008956,CUST4904,8932,Debit Card,Monthly,FAILED,Network Error,1,Processing Error,1,2026-08-04 11:40:38.959140
PAY008957,CUST6103,18629,Wallet,Quarterly,SUCCESS,,3,Approved,0,2026-04-01 15:47:38.959140
PAY008958,CUST3642,16800,Debit Card,Monthly,SUCCESS,,1,Approved,0,2026-04-08 23:55:38.959140
PAY008959,CUST8306,6136,Debit Card,Annual,SUCCESS,,1,Approved,0,2026-05-30 05:26:38.959140
PAY008960,CUST4769,19075,Wallet,Quarterly,SUCCESS,,0,Approved,0,2026-04-13 20:06:38.959140
PAY008961,CUST8812,3725,UPI,Quarterly,SUCCESS,,1,Approved,0,2026-08-25 16:53:38.959140
PAY008962,CUST6488,16289,Credit Card,Monthly,SUCCESS,,3,Approved,0,2026-07-20 09:07:38.959140
PAY008963,CUST1739,2802,UPI,Annual,SUCCESS,,1,Approved,0,2026-07-19 12:49:38.959140
PAY008964,CUST5607,20870,Credit Card,Monthly,SUCCESS,,1,Approved,0,2026-04-17 21:41:38.959140
PAY008965,CUST4453,22312,Wallet,Quarterly,SUCCESS,,3,Approved,0,2026-07-04 10:00:38.959140
PAY008966,CUST1538,6986,UPI,Monthly,SUCCESS,,2,Approved,0,2026-08-08 22:11:38.959140
PAY008967,CUST9897,21834,Credit Card,Quarterly,SUCCESS,,3,Approved,0,2026-04-22 11:18:38.959140
PAY008968,CUST4092,18640,Net Banking,Quarterly,SUCCESS,,2,Approved,0,2026-07-04 07:06:38.959140
PAY008969,CUST2161,24043,Wallet,Annual,SUCCESS,,2,Approved,0,2026-06-30 00:01:38.959140
PAY008970,CUST2871,22863,Credit Card,Annual,SUCCESS,,2,Approved,0,2026-08-11 21:44:38.959140
PAY008971,CUST6164,10243,Debit Card,Monthly,SUCCESS,,2,Approved,0,2026-08-02 16:13:38.959140
PAY008972,CUST9148,19644,Credit Card,Quarterly,SUCCESS,,3,Approved,0,2026-06-08 11:01:38.959140
PAY008973,CUST4424,19154,UPI,Annual,FAILED,Bank Timeout,2,Blocked,1,2026-08-15 11:42:38.959140
PAY008974,CUST7513,17313,Net Banking,Quarterly,SUCCESS,,3,Approved,0,2026-03-29 14:31:38.959140
PAY008975,CUST9391,9910,UPI,Annual,SUCCESS,,1,Approved,0,2026-08-01 03:40:38.959140
PAY008976,CUST2841,11212,Net Banking,Annual,SUCCESS,,2,Approved,0,2026-07-20 23:45:38.959140
PAY008977,CUST1093,19943,Debit Card,Annual,SUCCESS,,3,Approved,0,2026-05-31 20:51:38.959140
PAY008978,CUST8022,21950,Debit Card,Annual,FAILED,Fraud Suspected,0,Approved,0,2026-03-22 15:56:38.959140
PAY008979,CUST2566,16287,Credit Card,Quarterly,SUCCESS,,3,Approved,0,2026-05-13 03:06:38.959140
PAY008980,CUST1287,21087,Net Banking,Quarterly,SUCCESS,,2,Approved,0,2026-06-26 12:15:38.959140
PAY008981,CUST6991,11516,Net Banking,Monthly,FAILED,Network Error,0,Timeout,1,2026-04-15 06:22:38.959140
PAY008982,CUST6418,7182,UPI,Quarterly,FAILED,User Cancelled,1,Processing Error,0,2026-05-03 18:35:38.959140
PAY008983,CUST4500,5129,UPI,Annual,SUCCESS,,1,Approved,0,2026-07-16 03:13:38.959140
PAY008984,CUST7994,9907,Net Banking,Quarterly,FAILED,Insufficient Funds,3,Timeout,1,2026-05-21 19:43:38.959140
PAY008985,CUST9981,12027,Credit Card,Monthly,FAILED,Bank Timeout,3,Timeout,1,2026-03-25 01:09:38.959140
PAY008986,CUST8958,9881,Wallet,Quarterly,FAILED,Fraud Suspected,2,Processing Error,0,2026-03-27 13:45:38.959140
PAY008987,CUST3453,24292,Debit Card,Annual,SUCCESS,,1,Approved,0,2026-06-10 12:10:38.959140
PAY008988,CUST5690,20255,Wallet,Monthly,SUCCESS,,0,Approved,0,2026-08-03 18:59:38.959140
PAY008989,CUST1781,7085,Wallet,Monthly,FAILED,Bank Timeout,2,Blocked,1,2026-07-04 03:49:38.959140
PAY008990,CUST7402,24135,Wallet,Quarterly,SUCCESS,,0,Approved,0,2026-07-15 13:25:38.959140
PAY008991,CUST8340,8747,Wallet,Quarterly,SUCCESS,,2,Approved,0,2026-07-29 13:11:38.959140
PAY008992,CUST2037,14857,Wallet,Monthly,FAILED,Insufficient Funds,1,Processing Error,1,2026-04-02 16:15:38.959140
PAY008993,CUST3344,13334,Net Banking,Annual,FAILED,Card Expired,2,Blocked,0,2026-04-24 11:56:38.959140
PAY008994,CUST8650,22029,UPI,Annual,SUCCESS,,0,Approved,0,2026-06-09 14:45:38.959140
PAY008995,CUST1343,7579,Debit Card,Quarterly,SUCCESS,,3,Approved,0,2026-04-27 14:43:38.959140
PAY008996,CUST9752,2215,Debit Card,Annual,SUCCESS,,2,Approved,0,2026-07-18 11:18:38.959140
PAY008997,CUST2309,4101,Debit Card,Monthly,FAILED,Bank Timeout,3,Processing Error,1,2026-05-01 08:23:38.959140
PAY008998,CUST5860,14644,Debit Card,Monthly,SUCCESS,,2,Approved,0,2026-03-14 23:31:38.959140
PAY008999,CUST1490,5552,Wallet,Monthly,FAILED,Network Error,2,Processing Error,1,2026-08-11 22:28:38.959140
PAY009000,CUST5523,7828,Credit Card,Monthly,SUCCESS,,2,Approved,0,2026-05-31 05:56:38.959140
PAY009001,CUST6101,3919,Wallet,Monthly,SUCCESS,,0,Approved,0,2026-03-15 04:29:38.959140
PAY009002,CUST3469,1295,Wallet,Annual,SUCCESS,,0,Approved,0,2026-08-18 15:07:38.959140
PAY009003,CUST3927,21972,Net Banking,Monthly,SUCCESS,,3,Approved,0,2026-08-20 20:10:38.959140
PAY009004,CUST2168,11074,UPI,Annual,SUCCESS,,0,Approved,0,2026-06-11 00:08:38.959140
PAY009005,CUST3118,14594,Wallet,Quarterly,SUCCESS,,0,Approved,0,2026-04-27 16:33:38.959140
PAY009006,CUST1754,14810,Net Banking,Quarterly,FAILED,User Cancelled,0,Timeout,0,2026-04-17 13:31:38.959140
PAY009007,CUST6896,21500,Wallet,Annual,SUCCESS,,1,Approved,0,2026-04-19 06:06:38.959140
PAY009008,CUST2289,17557,Wallet,Annual,SUCCESS,,3,Approved,0,2026-05-21 07:53:38.959140
PAY009009,CUST3434,9358,Credit Card,Quarterly,FAILED,Bank Timeout,2,Approved,1,2026-03-23 14:41:38.959140
PAY009010,CUST4346,1243,Net Banking,Monthly,SUCCESS,,2,Approved,0,2026-06-27 10:31:38.959140
PAY009011,CUST4699,4890,Debit Card,Monthly,SUCCESS,,3,Approved,0,2026-04-04 20:52:38.959140
PAY009012,CUST2460,23430,UPI,Monthly,SUCCESS,,1,Approved,0,2026-05-18 06:15:38.959140
PAY009013,CUST2681,17081,Net Banking,Monthly,FAILED,User Cancelled,3,Processing Error,0,2026-03-20 07:40:38.959140
PAY009014,CUST9253,16709,Net Banking,Monthly,FAILED,User Cancelled,2,Timeout,0,2026-06-08 08:49:38.959140
PAY009015,CUST7747,1826,UPI,Quarterly,SUCCESS,,3,Approved,0,2026-04-25 05:13:38.959140
PAY009016,CUST5010,20083,Wallet,Annual,SUCCESS,,2,Approved,0,2026-06-11 10:56:38.959140
PAY009017,CUST8120,23772,Net Banking,Annual,SUCCESS,,0,Approved,0,2026-04-01 01:55:38.959140
PAY009018,CUST8200,13653,Wallet,Annual,SUCCESS,,3,Approved,0,2026-07-30 17:20:38.959140
PAY009019,CUST8381,24128,Debit Card,Monthly,SUCCESS,,1,Approved,0,2026-05-04 16:09:38.959140
PAY009020,CUST7401,1449,UPI,Annual,SUCCESS,,1,Approved,0,2026-07-04 13:42:38.959140
PAY009021,CUST1353,6932,Credit Card,Annual,SUCCESS,,1,Approved,0,2026-05-17 15:03:38.959140
PAY009022,CUST5675,22639,Credit Card,Annual,FAILED,User Cancelled,3,Processing Error,0,2026-03-30 02:58:38.959140
PAY009023,CUST9593,12975,UPI,Annual,SUCCESS,,1,Approved,0,2026-05-30 14:46:38.959140
PAY009024,CUST8099,2705,Debit Card,Annual,SUCCESS,,3,Approved,0,2026-03-23 01:12:38.959140
PAY009025,CUST3401,798,UPI,Quarterly,FAILED,Invalid CVV,3,Approved,0,2026-04-30 15:58:38.959140
PAY009026,CUST8112,11169,Net Banking,Monthly,FAILED,Invalid CVV,2,Timeout,0,2026-05-08 06:03:38.959140
PAY009027,CUST4195,24648,Wallet,Annual,SUCCESS,,1,Approved,0,2026-05-19 22:25:38.959140
PAY009028,CUST4453,6942,UPI,Quarterly,FAILED,Bank Timeout,1,Declined,1,2026-08-01 18:13:38.959140
PAY009029,CUST9994,6098,Credit Card,Monthly,FAILED,Network Error,0,Processing Error,1,2026-03-20 02:45:38.959140
PAY009030,CUST4521,17699,Net Banking,Annual,SUCCESS,,3,Approved,0,2026-06-20 06:12:38.959140
PAY009031,CUST4796,24891,Credit Card,Quarterly,SUCCESS,,0,Approved,0,2026-04-10 13:20:38.959140
PAY009032,CUST6685,23089,Wallet,Monthly,FAILED,UPI Failure,1,Processing Error,1,2026-07-22 13:01:38.959140
PAY009033,CUST3126,19771,Wallet,Monthly,SUCCESS,,1,Approved,0,2026-06-25 03:28:38.959140
PAY009034,CUST5682,2324,Debit Card,Quarterly,FAILED,UPI Failure,1,Approved,1,2026-04-16 20:56:38.959140
PAY009035,CUST8741,23477,Debit Card,Annual,FAILED,User Cancelled,0,Approved,0,2026-07-08 07:49:38.959140
PAY009036,CUST3546,2747,Wallet,Monthly,SUCCESS,,1,Approved,0,2026-06-27 18:04:38.959140
PAY009037,CUST6114,13582,Wallet,Monthly,SUCCESS,,3,Approved,0,2026-07-24 02:06:38.959140
PAY009038,CUST4674,4941,UPI,Monthly,SUCCESS,,3,Approved,0,2026-06-19 22:07:38.959140
PAY009039,CUST4573,22633,Credit Card,Annual,SUCCESS,,0,Approved,0,2026-07-17 19:52:38.959140
PAY009040,CUST8470,7805,Credit Card,Annual,SUCCESS,,3,Approved,0,2026-07-24 06:05:38.959140
PAY009041,CUST9174,9902,Net Banking,Monthly,SUCCESS,,0,Approved,0,2026-04-30 11:25:38.959140
PAY009042,CUST6235,12052,Wallet,Monthly,SUCCESS,,3,Approved,0,2026-03-25 16:21:38.959140
PAY009043,CUST7520,21241,Wallet,Annual,SUCCESS,,0,Approved,0,2026-03-11 22:17:38.959140
PAY009044,CUST4865,5051,UPI,Annual,SUCCESS,,1,Approved,0,2026-04-08 16:20:38.959140
PAY009045,CUST9562,24454,Wallet,Monthly,SUCCESS,,2,Approved,0,2026-07-17 18:00:38.959140
PAY009046,CUST1635,4922,Wallet,Annual,SUCCESS,,0,Approved,0,2026-03-21 11:57:38.959140
PAY009047,CUST3593,22657,Credit Card,Monthly,FAILED,Insufficient Funds,0,Processing Error,1,2026-08-24 00:27:38.959140
PAY009048,CUST8205,4741,Wallet,Monthly,SUCCESS,,3,Approved,0,2026-05-03 09:56:38.959140
PAY009049,CUST9338,3069,Wallet,Monthly,FAILED,Card Expired,2,Approved,0,2026-04-27 11:47:38.959140
PAY009050,CUST6558,8927,Credit Card,Quarterly,SUCCESS,,2,Approved,0,2026-04-06 09:01:38.959140
PAY009051,CUST9125,8838,Wallet,Quarterly,SUCCESS,,2,Approved,0,2026-03-26 13:39:38.959140
PAY009052,CUST3544,15681,Credit Card,Annual,SUCCESS,,3,Approved,0,2026-03-17 16:32:38.959140
PAY009053,CUST1905,22064,Wallet,Monthly,SUCCESS,,1,Approved,0,2026-03-24 15:43:38.959140
PAY009054,CUST5786,2344,Credit Card,Annual,SUCCESS,,0,Approved,0,2026-03-11 17:33:38.959140
PAY009055,CUST4929,19042,Debit Card,Monthly,SUCCESS,,1,Approved,0,2026-08-25 20:47:38.959140
PAY009056,CUST5928,24591,Credit Card,Quarterly,SUCCESS,,1,Approved,0,2026-08-11 13:29:38.959140
PAY009057,CUST2743,19986,UPI,Quarterly,SUCCESS,,3,Approved,0,2026-04-15 19:40:38.959140
PAY009058,CUST8676,13985,Net Banking,Quarterly,FAILED,Card Expired,2,Blocked,0,2026-04-30 01:37:38.959140
PAY009059,CUST9736,17793,Net Banking,Annual,FAILED,UPI Failure,3,Processing Error,1,2026-03-25 17:07:38.959140
PAY009060,CUST1325,13764,Debit Card,Monthly,SUCCESS,,1,Approved,0,2026-07-19 13:54:38.959140
PAY009061,CUST2531,16234,Debit Card,Monthly,FAILED,Card Expired,2,Approved,0,2026-08-01 04:18:38.959140
PAY009062,CUST3932,1051,Credit Card,Monthly,SUCCESS,,1,Approved,0,2026-05-11 10:34:38.959140
PAY009063,CUST7775,3267,Wallet,Monthly,SUCCESS,,0,Approved,0,2026-06-04 22:55:38.959140
PAY009064,CUST9418,10748,UPI,Monthly,FAILED,Bank Timeout,0,Blocked,1,2026-05-07 01:15:38.959140
PAY009065,CUST6975,13748,Debit Card,Quarterly,SUCCESS,,0,Approved,0,2026-08-06 20:14:38.959140
PAY009066,CUST5924,12334,Wallet,Annual,SUCCESS,,0,Approved,0,2026-06-09 21:55:38.959140
PAY009067,CUST1235,2953,Debit Card,Monthly,SUCCESS,,3,Approved,0,2026-07-23 23:56:38.959140
PAY009068,CUST9580,24992,Net Banking,Annual,FAILED,Network Error,2,Approved,1,2026-06-05 01:37:38.959140
PAY009069,CUST3078,14557,Net Banking,Monthly,SUCCESS,,2,Approved,0,2026-08-25 20:33:38.959140
PAY009070,CUST2894,24621,Credit Card,Monthly,SUCCESS,,2,Approved,0,2026-05-02 14:33:38.959140
PAY009071,CUST3867,10637,UPI,Monthly,SUCCESS,,0,Approved,0,2026-08-13 16:03:38.959140
PAY009072,CUST1460,24616,Credit Card,Monthly,SUCCESS,,3,Approved,0,2026-03-12 13:05:38.959140
PAY009073,CUST8153,10508,Credit Card,Quarterly,FAILED,User Cancelled,1,Approved,0,2026-04-14 21:39:38.959140
PAY009074,CUST1873,2808,Wallet,Annual,SUCCESS,,2,Approved,0,2026-06-03 23:22:38.959140
PAY009075,CUST1585,16729,Debit Card,Monthly,SUCCESS,,3,Approved,0,2026-08-12 01:36:38.959140
PAY009076,CUST5581,10309,Credit Card,Annual,SUCCESS,,1,Approved,0,2026-05-11 00:06:38.959140
PAY009077,CUST6036,3778,Debit Card,Annual,SUCCESS,,1,Approved,0,2026-08-09 20:00:38.959140
PAY009078,CUST7893,23992,Debit Card,Annual,SUCCESS,,2,Approved,0,2026-07-06 07:21:38.959140
PAY009079,CUST1263,7654,Credit Card,Monthly,SUCCESS,,0,Approved,0,2026-04-28 08:36:38.959140
PAY009080,CUST2332,23100,Wallet,Monthly,SUCCESS,,2,Approved,0,2026-06-17 11:24:38.959140
PAY009081,CUST6622,16925,UPI,Quarterly,SUCCESS,,2,Approved,0,2026-04-21 19:12:38.959140
PAY009082,CUST9771,5079,UPI,Annual,SUCCESS,,2,Approved,0,2026-08-29 22:21:38.959140
PAY009083,CUST2032,19660,Wallet,Annual,SUCCESS,,2,Approved,0,2026-06-29 06:12:38.959140
PAY009084,CUST4501,8339,UPI,Monthly,FAILED,Network Error,1,Declined,1,2026-05-29 11:42:38.959140
PAY009085,CUST6509,20248,Net Banking,Annual,FAILED,Invalid CVV,1,Timeout,0,2026-07-14 17:16:38.959140
PAY009086,CUST3561,21649,Credit Card,Monthly,SUCCESS,,0,Approved,0,2026-08-12 13:09:38.959140
PAY009087,CUST9912,690,Debit Card,Quarterly,SUCCESS,,2,Approved,0,2026-04-13 09:19:38.959140
PAY009088,CUST4479,22190,Credit Card,Annual,FAILED,User Cancelled,1,Approved,0,2026-05-30 16:55:38.959140
PAY009089,CUST4094,10758,Debit Card,Annual,SUCCESS,,0,Approved,0,2026-06-17 05:23:38.959140
PAY009090,CUST3740,14345,UPI,Monthly,SUCCESS,,0,Approved,0,2026-07-02 09:13:38.959140
PAY009091,CUST9297,1430,Credit Card,Quarterly,SUCCESS,,3,Approved,0,2026-06-25 03:16:38.959140
PAY009092,CUST2236,14835,Net Banking,Annual,SUCCESS,,3,Approved,0,2026-07-31 06:59:38.959140
PAY009093,CUST4611,24215,UPI,Quarterly,SUCCESS,,0,Approved,0,2026-06-20 00:56:38.959140
PAY009094,CUST7030,10224,Debit Card,Monthly,FAILED,Bank Timeout,3,Approved,1,2026-04-15 17:46:38.959140
PAY009095,CUST6250,7998,Credit Card,Monthly,SUCCESS,,3,Approved,0,2026-08-14 00:49:38.959140
PAY009096,CUST9950,10825,Net Banking,Monthly,SUCCESS,,1,Approved,0,2026-08-05 13:41:38.959140
PAY009097,CUST1539,21754,Credit Card,Quarterly,FAILED,Insufficient Funds,1,Approved,1,2026-04-25 06:58:38.959140
PAY009098,CUST9842,16286,UPI,Annual,SUCCESS,,2,Approved,0,2026-08-12 17:39:38.959140
PAY009099,CUST3381,1354,Wallet,Quarterly,SUCCESS,,0,Approved,0,2026-04-12 11:41:38.959140
PAY009100,CUST8999,8860,Wallet,Annual,FAILED,UPI Failure,0,Timeout,1,2026-07-09 22:46:38.959140
PAY009101,CUST2328,4567,Wallet,Annual,SUCCESS,,1,Approved,0,2026-05-11 20:43:38.959140
PAY009102,CUST3969,5344,UPI,Annual,SUCCESS,,3,Approved,0,2026-05-05 09:06:38.959140
PAY009103,CUST7351,4669,Credit Card,Annual,SUCCESS,,2,Approved,0,2026-03-23 00:38:38.959140
PAY009104,CUST4062,9452,Net Banking,Annual,SUCCESS,,3,Approved,0,2026-06-03 01:29:38.959140
PAY009105,CUST3469,20157,UPI,Quarterly,SUCCESS,,1,Approved,0,2026-06-30 05:50:38.959140
PAY009106,CUST8623,2737,UPI,Quarterly,SUCCESS,,2,Approved,0,2026-07-22 15:51:38.959140
PAY009107,CUST5742,23563,Credit Card,Quarterly,FAILED,Network Error,1,Approved,1,2026-07-21 22:18:38.959140
PAY009108,CUST9380,18293,Credit Card,Annual,SUCCESS,,0,Approved,0,2026-05-14 15:22:38.959140
PAY009109,CUST4612,15514,Credit Card,Annual,SUCCESS,,2,Approved,0,2026-05-01 19:08:38.959140
PAY009110,CUST1185,6858,Credit Card,Annual,SUCCESS,,0,Approved,0,2026-04-26 16:59:38.959140
PAY009111,CUST2741,758,UPI,Monthly,SUCCESS,,0,Approved,0,2026-06-17 00:12:38.959140
PAY009112,CUST5909,2400,UPI,Quarterly,SUCCESS,,0,Approved,0,2026-07-04 20:04:38.959140
PAY009113,CUST8158,18811,Credit Card,Monthly,SUCCESS,,3,Approved,0,2026-06-15 15:58:38.959140
PAY009114,CUST4838,7142,UPI,Quarterly,FAILED,Fraud Suspected,2,Timeout,0,2026-06-09 21:46:38.959140
PAY009115,CUST6808,8643,UPI,Annual,SUCCESS,,3,Approved,0,2026-05-10 02:05:38.959140
PAY009116,CUST9737,7609,Wallet,Monthly,SUCCESS,,1,Approved,0,2026-06-13 23:09:38.959140
PAY009117,CUST6359,2726,Wallet,Annual,FAILED,UPI Failure,1,Approved,1,2026-08-29 07:05:38.959140
PAY009118,CUST2999,1044,Debit Card,Quarterly,FAILED,Bank Timeout,3,Processing Error,1,2026-04-19 21:29:38.959140
PAY009119,CUST9749,11345,Debit Card,Quarterly,SUCCESS,,2,Approved,0,2026-04-04 17:48:38.959140
PAY009120,CUST1861,13668,Credit Card,Monthly,FAILED,UPI Failure,1,Declined,1,2026-07-26 07:43:38.959140
PAY009121,CUST3077,7403,Net Banking,Monthly,SUCCESS,,1,Approved,0,2026-07-24 17:11:38.959140
PAY009122,CUST3303,8670,Net Banking,Annual,SUCCESS,,1,Approved,0,2026-08-16 09:16:38.959140
PAY009123,CUST6617,5341,Wallet,Quarterly,SUCCESS,,3,Approved,0,2026-05-12 23:37:38.959140
PAY009124,CUST1824,8694,Credit Card,Monthly,SUCCESS,,2,Approved,0,2026-06-19 16:38:38.959140
PAY009125,CUST9318,8220,UPI,Annual,SUCCESS,,0,Approved,0,2026-03-15 02:30:38.959140
PAY009126,CUST6337,9254,UPI,Quarterly,SUCCESS,,0,Approved,0,2026-08-05 16:04:38.959140
PAY009127,CUST4693,17013,Net Banking,Annual,SUCCESS,,1,Approved,0,2026-06-04 01:02:38.959140
PAY009128,CUST9148,8834,UPI,Annual,FAILED,Fraud Suspected,0,Timeout,0,2026-06-24 12:46:38.959140
PAY009129,CUST5852,21114,UPI,Quarterly,FAILED,Network Error,0,Declined,1,2026-07-19 05:38:38.959140
PAY009130,CUST2555,2448,Credit Card,Monthly,SUCCESS,,2,Approved,0,2026-05-23 06:39:38.959140
PAY009131,CUST5050,14445,Net Banking,Monthly,SUCCESS,,1,Approved,0,2026-08-01 18:31:38.959140
PAY009132,CUST7401,10637,Credit Card,Quarterly,SUCCESS,,2,Approved,0,2026-05-11 23:50:38.959140
PAY009133,CUST6791,4020,Net Banking,Quarterly,SUCCESS,,2,Approved,0,2026-03-30 15:49:38.959140
PAY009134,CUST8374,18393,Debit Card,Annual,SUCCESS,,0,Approved,0,2026-07-23 19:38:38.959140
PAY009135,CUST8025,24724,Net Banking,Quarterly,SUCCESS,,1,Approved,0,2026-06-30 11:48:38.959140
PAY009136,CUST2721,20881,Debit Card,Monthly,SUCCESS,,2,Approved,0,2026-07-15 17:32:38.959140
PAY009137,CUST8336,16892,Debit Card,Quarterly,SUCCESS,,1,Approved,0,2026-07-27 12:34:38.959140
PAY009138,CUST6717,9115,Wallet,Annual,SUCCESS,,2,Approved,0,2026-05-23 17:03:38.959140
PAY009139,CUST4118,5019,Credit Card,Quarterly,FAILED,UPI Failure,2,Processing Error,1,2026-03-13 00:59:38.959140
PAY009140,CUST4778,7653,Net Banking,Monthly,FAILED,Network Error,3,Timeout,1,2026-05-01 07:35:38.959140
PAY009141,CUST1868,9667,Net Banking,Monthly,SUCCESS,,3,Approved,0,2026-04-23 05:08:38.959140
PAY009142,CUST4377,1999,UPI,Quarterly,SUCCESS,,2,Approved,0,2026-06-14 08:47:38.959140
PAY009143,CUST3444,24708,Credit Card,Monthly,SUCCESS,,3,Approved,0,2026-04-18 07:07:38.959140
PAY009144,CUST6239,13323,Net Banking,Quarterly,SUCCESS,,2,Approved,0,2026-07-13 01:07:38.959140
PAY009145,CUST4278,22479,Net Banking,Quarterly,SUCCESS,,2,Approved,0,2026-06-27 14:37:38.959140
PAY009146,CUST7554,10772,UPI,Annual,SUCCESS,,1,Approved,0,2026-03-27 21:23:38.959140
PAY009147,CUST9316,1612,Wallet,Quarterly,SUCCESS,,1,Approved,0,2026-08-22 18:10:38.959140
PAY009148,CUST7408,222,Debit Card,Quarterly,FAILED,Network Error,1,Timeout,1,2026-07-27 00:21:38.959140
PAY009149,CUST6504,19741,Net Banking,Monthly,FAILED,Network Error,1,Blocked,1,2026-05-15 00:53:38.959140
PAY009150,CUST3187,24408,Net Banking,Quarterly,FAILED,Bank Timeout,2,Processing Error,1,2026-05-01 18:52:38.959140
PAY009151,CUST2007,17321,UPI,Monthly,FAILED,Invalid CVV,1,Processing Error,0,2026-08-26 01:35:38.959140
PAY009152,CUST7347,19210,Net Banking,Monthly,SUCCESS,,0,Approved,0,2026-05-23 20:57:38.959140
PAY009153,CUST8497,4765,Net Banking,Quarterly,SUCCESS,,0,Approved,0,2026-07-15 13:59:38.959140
PAY009154,CUST8971,2294,Net Banking,Annual,SUCCESS,,2,Approved,0,2026-04-27 02:31:38.959140
PAY009155,CUST4667,9276,Net Banking,Annual,SUCCESS,,2,Approved,0,2026-04-19 20:47:38.959140
PAY009156,CUST3255,19392,Net Banking,Quarterly,FAILED,Card Expired,3,Processing Error,0,2026-06-26 16:49:38.959140
PAY009157,CUST7707,9052,UPI,Quarterly,SUCCESS,,1,Approved,0,2026-06-22 14:07:38.959140
PAY009158,CUST9694,1364,Credit Card,Monthly,SUCCESS,,3,Approved,0,2026-06-25 02:49:38.959140
PAY009159,CUST9193,21055,Net Banking,Monthly,SUCCESS,,0,Approved,0,2026-06-04 01:41:38.959140
PAY009160,CUST4032,12058,UPI,Monthly,SUCCESS,,3,Approved,0,2026-04-19 00:48:38.959140
PAY009161,CUST7292,14970,Credit Card,Quarterly,SUCCESS,,0,Approved,0,2026-07-22 20:13:38.959140
PAY009162,CUST4602,18894,Debit Card,Annual,SUCCESS,,3,Approved,0,2026-05-28 11:56:38.959140
PAY009163,CUST8573,1667,Credit Card,Quarterly,SUCCESS,,2,Approved,0,2026-08-10 14:25:38.959140
PAY009164,CUST1032,13596,UPI,Annual,SUCCESS,,2,Approved,0,2026-08-03 10:50:38.959140
PAY009165,CUST3681,20304,Wallet,Monthly,SUCCESS,,2,Approved,0,2026-05-31 22:15:38.959140
PAY009166,CUST1664,13162,Wallet,Quarterly,FAILED,Invalid CVV,0,Declined,0,2026-05-19 10:16:38.959140
PAY009167,CUST7279,4448,Credit Card,Annual,SUCCESS,,3,Approved,0,2026-06-16 01:08:38.959140
PAY009168,CUST7146,14086,Net Banking,Monthly,FAILED,Invalid CVV,3,Declined,0,2026-05-31 06:08:38.959140
PAY009169,CUST1302,4296,Net Banking,Quarterly,FAILED,Invalid CVV,3,Approved,0,2026-04-22 06:03:38.959140
PAY009170,CUST5517,8514,UPI,Annual,SUCCESS,,0,Approved,0,2026-07-06 08:04:38.959140
PAY009171,CUST9200,16822,Wallet,Monthly,SUCCESS,,1,Approved,0,2026-07-29 22:43:38.959140
PAY009172,CUST3444,15153,Wallet,Annual,SUCCESS,,2,Approved,0,2026-08-23 13:36:38.959140
PAY009173,CUST1196,21141,Net Banking,Quarterly,SUCCESS,,3,Approved,0,2026-06-26 12:37:38.959140
PAY009174,CUST7787,19127,UPI,Quarterly,FAILED,Bank Timeout,3,Timeout,1,2026-04-01 07:21:38.959140
PAY009175,CUST1060,1414,Credit Card,Annual,SUCCESS,,1,Approved,0,2026-06-18 08:07:38.959140
PAY009176,CUST5929,5698,Debit Card,Quarterly,SUCCESS,,1,Approved,0,2026-07-11 11:42:38.959140
PAY009177,CUST2515,22923,Net Banking,Annual,SUCCESS,,3,Approved,0,2026-05-08 02:27:38.959140
PAY009178,CUST7609,18499,Debit Card,Quarterly,FAILED,Invalid CVV,3,Declined,0,2026-05-21 06:05:38.959140
PAY009179,CUST3876,9887,Credit Card,Annual,FAILED,Network Error,1,Declined,1,2026-06-16 22:08:38.959140
PAY009180,CUST2939,8784,Credit Card,Quarterly,SUCCESS,,0,Approved,0,2026-07-01 03:32:38.959140
PAY009181,CUST6985,2644,Net Banking,Quarterly,FAILED,Fraud Suspected,3,Blocked,0,2026-05-22 13:40:38.959140
PAY009182,CUST5290,9814,UPI,Annual,FAILED,Network Error,1,Timeout,1,2026-05-29 16:08:38.959140
PAY009183,CUST6274,15074,Debit Card,Quarterly,SUCCESS,,0,Approved,0,2026-07-19 08:33:38.959140
PAY009184,CUST5388,24764,Net Banking,Annual,SUCCESS,,1,Approved,0,2026-05-27 16:31:38.959140
PAY009185,CUST5115,4741,Net Banking,Monthly,SUCCESS,,3,Approved,0,2026-06-01 09:59:38.959140
PAY009186,CUST9857,2646,UPI,Quarterly,SUCCESS,,3,Approved,0,2026-05-23 09:37:38.959140
PAY009187,CUST1753,23522,UPI,Monthly,SUCCESS,,0,Approved,0,2026-07-19 23:49:38.959140
PAY009188,CUST1761,18746,UPI,Monthly,FAILED,Invalid CVV,3,Processing Error,0,2026-06-03 08:07:38.959140
PAY009189,CUST8046,914,Debit Card,Monthly,SUCCESS,,1,Approved,0,2026-07-13 05:13:38.959140
PAY009190,CUST6630,5563,Debit Card,Monthly,SUCCESS,,1,Approved,0,2026-04-23 23:47:38.959140
PAY009191,CUST3706,19839,Debit Card,Quarterly,SUCCESS,,2,Approved,0,2026-03-28 06:23:38.959140
PAY009192,CUST2779,13252,Credit Card,Annual,SUCCESS,,1,Approved,0,2026-07-03 02:28:38.959140
PAY009193,CUST5138,858,UPI,Monthly,FAILED,Fraud Suspected,1,Approved,0,2026-05-14 12:39:38.959140
PAY009194,CUST3609,18750,Debit Card,Annual,FAILED,Fraud Suspected,3,Timeout,0,2026-05-09 11:26:38.959140
PAY009195,CUST7811,14669,Wallet,Annual,SUCCESS,,3,Approved,0,2026-05-06 23:08:38.959140
PAY009196,CUST3895,10033,Net Banking,Monthly,SUCCESS,,2,Approved,0,2026-03-14 13:20:38.959140
PAY009197,CUST9045,20281,Credit Card,Monthly,SUCCESS,,3,Approved,0,2026-05-16 07:00:38.959140
PAY009198,CUST4219,21843,UPI,Quarterly,FAILED,Card Expired,1,Timeout,0,2026-07-17 08:28:38.959140
PAY009199,CUST9198,7843,Debit Card,Annual,SUCCESS,,1,Approved,0,2026-06-10 16:19:38.959140
PAY009200,CUST1349,9602,Net Banking,Annual,SUCCESS,,3,Approved,0,2026-03-16 22:01:38.959140
PAY009201,CUST3106,24407,Credit Card,Quarterly,SUCCESS,,0,Approved,0,2026-06-18 06:57:38.959140
PAY009202,CUST1964,8548,Net Banking,Monthly,SUCCESS,,2,Approved,0,2026-06-23 02:42:38.959140
PAY009203,CUST7945,7424,Wallet,Annual,SUCCESS,,3,Approved,0,2026-04-25 00:33:38.959140
PAY009204,CUST6146,12714,Wallet,Monthly,SUCCESS,,3,Approved,0,2026-06-11 12:11:38.959140
PAY009205,CUST8546,3392,Net Banking,Annual,SUCCESS,,1,Approved,0,2026-07-05 02:53:38.959140
PAY009206,CUST2242,11120,Wallet,Annual,FAILED,UPI Failure,1,Timeout,1,2026-07-10 00:02:38.959140
PAY009207,CUST8397,11268,UPI,Monthly,FAILED,Fraud Suspected,1,Declined,0,2026-07-20 17:28:38.959140
PAY009208,CUST4801,15255,Wallet,Monthly,SUCCESS,,3,Approved,0,2026-04-15 18:26:38.959140
PAY009209,CUST7845,8382,Wallet,Quarterly,FAILED,Network Error,0,Declined,1,2026-04-25 10:32:38.959140
PAY009210,CUST5325,4135,Credit Card,Monthly,SUCCESS,,0,Approved,0,2026-08-06 12:33:38.959140
PAY009211,CUST9952,558,Net Banking,Monthly,FAILED,Invalid CVV,0,Timeout,0,2026-08-19 11:42:38.959140
PAY009212,CUST4656,22844,Debit Card,Annual,SUCCESS,,1,Approved,0,2026-08-27 16:35:38.959140
PAY009213,CUST3739,2293,UPI,Monthly,SUCCESS,,1,Approved,0,2026-05-03 02:49:38.959140
PAY009214,CUST8968,14450,Credit Card,Monthly,FAILED,UPI Failure,2,Timeout,1,2026-05-21 00:47:38.959140
PAY009215,CUST6461,2870,Net Banking,Monthly,SUCCESS,,2,Approved,0,2026-03-29 15:28:38.959140
PAY009216,CUST5584,6321,Credit Card,Monthly,SUCCESS,,0,Approved,0,2026-04-11 02:51:38.959140
PAY009217,CUST3520,19143,Debit Card,Quarterly,SUCCESS,,3,Approved,0,2026-06-22 00:13:38.959140
PAY009218,CUST1794,23045,Credit Card,Quarterly,FAILED,UPI Failure,3,Timeout,1,2026-03-30 13:56:38.959140
PAY009219,CUST6442,6793,Net Banking,Annual,SUCCESS,,0,Approved,0,2026-03-16 22:00:38.959140
PAY009220,CUST5440,4155,UPI,Quarterly,FAILED,UPI Failure,3,Declined,1,2026-04-07 05:01:38.959140
PAY009221,CUST2915,16168,Credit Card,Monthly,SUCCESS,,2,Approved,0,2026-04-26 15:02:38.959140
PAY009222,CUST2684,23639,Debit Card,Monthly,SUCCESS,,0,Approved,0,2026-08-22 22:56:38.959140
PAY009223,CUST3484,18169,Credit Card,Monthly,FAILED,Network Error,1,Approved,1,2026-04-02 17:44:38.959140
PAY009224,CUST1680,6877,Credit Card,Annual,FAILED,Fraud Suspected,3,Timeout,0,2026-03-15 08:37:38.959140
PAY009225,CUST5894,13522,Credit Card,Monthly,FAILED,Bank Timeout,0,Blocked,1,2026-06-08 03:18:38.959140
PAY009226,CUST5495,16609,Debit Card,Monthly,SUCCESS,,3,Approved,0,2026-04-12 23:26:38.959140
PAY009227,CUST8235,12195,Credit Card,Annual,SUCCESS,,0,Approved,0,2026-06-29 17:16:38.959140
PAY009228,CUST4965,11015,UPI,Quarterly,SUCCESS,,3,Approved,0,2026-06-08 16:22:38.959140
PAY009229,CUST5848,1396,Wallet,Quarterly,FAILED,Invalid CVV,1,Declined,0,2026-06-03 21:07:38.959140
PAY009230,CUST9681,11947,UPI,Quarterly,FAILED,Card Expired,3,Declined,0,2026-08-23 08:07:38.959140
PAY009231,CUST3587,11522,UPI,Monthly,SUCCESS,,2,Approved,0,2026-07-30 14:01:38.959140
PAY009232,CUST2295,19651,Net Banking,Monthly,SUCCESS,,2,Approved,0,2026-04-17 09:40:38.959140
PAY009233,CUST6528,12899,Wallet,Quarterly,SUCCESS,,3,Approved,0,2026-07-18 08:19:38.959140
PAY009234,CUST3415,7011,Wallet,Annual,FAILED,Card Expired,2,Declined,0,2026-03-23 00:41:38.959140
PAY009235,CUST6316,2297,Credit Card,Quarterly,FAILED,Bank Timeout,0,Declined,1,2026-04-27 22:59:38.959140
PAY009236,CUST6860,13218,Debit Card,Quarterly,SUCCESS,,2,Approved,0,2026-07-13 05:05:38.959140
PAY009237,CUST5279,16523,Wallet,Annual,SUCCESS,,2,Approved,0,2026-05-07 14:52:38.959140
PAY009238,CUST4937,19780,Wallet,Annual,FAILED,Insufficient Funds,0,Timeout,1,2026-05-19 06:00:38.959140
PAY009239,CUST9924,17403,Debit Card,Quarterly,SUCCESS,,2,Approved,0,2026-06-30 22:55:38.959140
PAY009240,CUST1572,13062,Wallet,Annual,FAILED,Invalid CVV,0,Blocked,0,2026-04-05 09:23:38.959140
PAY009241,CUST3174,10174,UPI,Annual,SUCCESS,,0,Approved,0,2026-05-11 16:12:38.959140
PAY009242,CUST1014,20333,Net Banking,Quarterly,SUCCESS,,0,Approved,0,2026-04-12 21:40:38.959140
PAY009243,CUST4765,1772,UPI,Monthly,SUCCESS,,0,Approved,0,2026-05-08 19:47:38.959140
PAY009244,CUST8353,7321,UPI,Quarterly,FAILED,Invalid CVV,1,Processing Error,0,2026-04-15 17:27:38.959140
PAY009245,CUST4835,16259,Wallet,Quarterly,SUCCESS,,1,Approved,0,2026-05-13 03:20:38.959140
PAY009246,CUST2703,4824,Credit Card,Monthly,SUCCESS,,3,Approved,0,2026-06-24 19:58:38.959140
PAY009247,CUST6857,8244,Wallet,Annual,SUCCESS,,1,Approved,0,2026-07-15 17:35:38.959140
PAY009248,CUST2293,8620,Net Banking,Monthly,SUCCESS,,0,Approved,0,2026-05-04 02:41:38.959140
PAY009249,CUST3108,5909,UPI,Monthly,SUCCESS,,1,Approved,0,2026-03-27 11:50:38.959140
PAY009250,CUST5449,10783,Debit Card,Annual,SUCCESS,,2,Approved,0,2026-07-06 09:07:38.959140
PAY009251,CUST7678,24760,UPI,Monthly,FAILED,Bank Timeout,2,Timeout,1,2026-03-12 14:26:38.959140
PAY009252,CUST9749,2410,UPI,Monthly,SUCCESS,,3,Approved,0,2026-08-08 06:10:38.959140
PAY009253,CUST9023,8186,Credit Card,Monthly,SUCCESS,,3,Approved,0,2026-06-06 00:29:38.959140
PAY009254,CUST7451,20879,UPI,Quarterly,FAILED,Card Expired,2,Timeout,0,2026-08-27 22:31:38.959140
PAY009255,CUST6040,16267,UPI,Monthly,SUCCESS,,1,Approved,0,2026-03-20 04:21:38.959140
PAY009256,CUST5649,22216,Debit Card,Monthly,SUCCESS,,2,Approved,0,2026-03-11 10:43:38.959140
PAY009257,CUST6610,2567,Net Banking,Annual,SUCCESS,,3,Approved,0,2026-06-18 23:22:38.959140
PAY009258,CUST5487,6824,Debit Card,Quarterly,FAILED,Invalid CVV,2,Approved,0,2026-04-15 04:58:38.959140
PAY009259,CUST4912,2877,UPI,Monthly,FAILED,Insufficient Funds,1,Timeout,1,2026-06-27 01:03:38.959140
PAY009260,CUST8491,14345,Net Banking,Quarterly,SUCCESS,,3,Approved,0,2026-05-26 16:35:38.959140
PAY009261,CUST4966,13185,Credit Card,Monthly,SUCCESS,,1,Approved,0,2026-05-18 11:42:38.959140
PAY009262,CUST9313,9347,Debit Card,Monthly,SUCCESS,,0,Approved,0,2026-05-22 19:01:38.959140
PAY009263,CUST9603,19180,Net Banking,Monthly,SUCCESS,,0,Approved,0,2026-07-13 00:15:38.959140
PAY009264,CUST9440,10070,Net Banking,Monthly,SUCCESS,,3,Approved,0,2026-03-30 09:03:38.959140
PAY009265,CUST3120,23215,Debit Card,Quarterly,FAILED,Network Error,1,Blocked,1,2026-06-04 12:32:38.959140
PAY009266,CUST7358,7675,Debit Card,Monthly,SUCCESS,,0,Approved,0,2026-05-04 07:02:38.959140
PAY009267,CUST3316,1043,Debit Card,Annual,SUCCESS,,1,Approved,0,2026-04-22 01:59:38.959140
PAY009268,CUST5999,13563,Net Banking,Annual,SUCCESS,,3,Approved,0,2026-08-11 19:54:38.959140
PAY009269,CUST5189,7077,Wallet,Annual,FAILED,UPI Failure,1,Declined,1,2026-04-24 03:40:38.959140
PAY009270,CUST2421,19905,Credit Card,Monthly,SUCCESS,,1,Approved,0,2026-07-05 23:53:38.959140
PAY009271,CUST9470,273,Net Banking,Annual,SUCCESS,,3,Approved,0,2026-03-22 21:27:38.959140
PAY009272,CUST6858,9555,Net Banking,Annual,SUCCESS,,3,Approved,0,2026-03-13 11:01:38.959140
PAY009273,CUST7003,4998,Net Banking,Annual,FAILED,User Cancelled,3,Approved,0,2026-04-24 17:30:38.959140
PAY009274,CUST2367,17264,Net Banking,Annual,SUCCESS,,1,Approved,0,2026-05-18 09:46:38.959140
PAY009275,CUST9557,6642,UPI,Monthly,SUCCESS,,2,Approved,0,2026-04-19 07:07:38.959140
PAY009276,CUST3772,18461,UPI,Annual,FAILED,User Cancelled,0,Processing Error,0,2026-04-12 13:16:38.959140
PAY009277,CUST5910,15674,Debit Card,Monthly,SUCCESS,,3,Approved,0,2026-03-18 10:52:38.959140
PAY009278,CUST3399,8826,Net Banking,Quarterly,SUCCESS,,0,Approved,0,2026-05-01 08:14:38.959140
PAY009279,CUST7473,13940,UPI,Quarterly,SUCCESS,,0,Approved,0,2026-08-15 08:04:38.959140
PAY009280,CUST1443,8168,Net Banking,Monthly,SUCCESS,,0,Approved,0,2026-08-16 18:10:38.959140
PAY009281,CUST1167,12989,Debit Card,Annual,SUCCESS,,3,Approved,0,2026-07-13 07:47:38.959140
PAY009282,CUST9665,7235,Credit Card,Quarterly,SUCCESS,,3,Approved,0,2026-07-25 13:09:38.959140
PAY009283,CUST4674,12427,Net Banking,Quarterly,SUCCESS,,3,Approved,0,2026-08-01 04:54:38.959140
PAY009284,CUST3887,6175,Debit Card,Monthly,SUCCESS,,2,Approved,0,2026-07-28 07:30:38.959140
PAY009285,CUST9827,10319,Net Banking,Annual,SUCCESS,,0,Approved,0,2026-04-10 20:54:38.959140
PAY009286,CUST9268,3571,Credit Card,Quarterly,SUCCESS,,1,Approved,0,2026-07-25 01:48:38.959140
PAY009287,CUST5695,5324,Wallet,Monthly,FAILED,UPI Failure,2,Processing Error,1,2026-08-08 17:21:38.959140
PAY009288,CUST2995,22808,Credit Card,Quarterly,SUCCESS,,0,Approved,0,2026-05-22 21:40:38.959140
PAY009289,CUST1603,3056,Wallet,Quarterly,SUCCESS,,0,Approved,0,2026-05-02 09:02:38.959140
PAY009290,CUST9539,6247,Net Banking,Annual,SUCCESS,,1,Approved,0,2026-05-07 17:09:38.959140
PAY009291,CUST5520,17159,Net Banking,Monthly,FAILED,Invalid CVV,0,Declined,0,2026-03-15 07:10:38.959140
PAY009292,CUST4182,12786,Wallet,Annual,FAILED,Invalid CVV,2,Blocked,0,2026-08-23 13:21:38.959140
PAY009293,CUST3987,10484,UPI,Quarterly,SUCCESS,,0,Approved,0,2026-08-26 02:04:38.959140
PAY009294,CUST1431,11726,Net Banking,Annual,SUCCESS,,1,Approved,0,2026-06-09 05:55:38.959140
PAY009295,CUST8921,24705,UPI,Monthly,SUCCESS,,2,Approved,0,2026-06-02 08:58:38.959140
PAY009296,CUST1270,19145,Credit Card,Annual,SUCCESS,,3,Approved,0,2026-04-04 00:23:38.959140
PAY009297,CUST1496,12560,Net Banking,Quarterly,SUCCESS,,1,Approved,0,2026-06-07 06:58:38.959140
PAY009298,CUST6423,22171,Net Banking,Annual,FAILED,UPI Failure,0,Blocked,1,2026-04-16 17:50:38.959140
PAY009299,CUST4700,6707,Debit Card,Annual,SUCCESS,,2,Approved,0,2026-05-02 10:27:38.959140
PAY009300,CUST7809,5429,Credit Card,Annual,FAILED,User Cancelled,0,Blocked,0,2026-05-05 11:49:38.959140
PAY009301,CUST5753,19859,UPI,Quarterly,SUCCESS,,2,Approved,0,2026-04-03 21:56:38.959140
PAY009302,CUST1359,1972,Net Banking,Annual,FAILED,User Cancelled,2,Approved,0,2026-08-07 11:18:38.959140
PAY009303,CUST9413,13449,UPI,Annual,SUCCESS,,0,Approved,0,2026-05-16 18:38:38.959140
PAY009304,CUST9255,5223,UPI,Quarterly,SUCCESS,,2,Approved,0,2026-04-17 05:43:38.959140
PAY009305,CUST9013,20611,UPI,Monthly,FAILED,Bank Timeout,1,Timeout,1,2026-04-08 11:43:38.959140
PAY009306,CUST1709,13589,Credit Card,Annual,SUCCESS,,3,Approved,0,2026-05-22 01:14:38.959140
PAY009307,CUST2535,23054,Debit Card,Annual,SUCCESS,,1,Approved,0,2026-06-13 07:31:38.959140
PAY009308,CUST8118,13004,Wallet,Annual,SUCCESS,,2,Approved,0,2026-08-18 13:32:38.959140
PAY009309,CUST5229,23486,Wallet,Annual,FAILED,Card Expired,3,Timeout,0,2026-06-18 06:39:38.959140
PAY009310,CUST2129,12679,Debit Card,Monthly,SUCCESS,,0,Approved,0,2026-07-22 13:58:38.959140
PAY009311,CUST6007,7391,Debit Card,Annual,SUCCESS,,3,Approved,0,2026-05-19 13:08:38.959140
PAY009312,CUST1859,15379,Credit Card,Quarterly,SUCCESS,,2,Approved,0,2026-04-20 10:28:38.959140
PAY009313,CUST5394,14196,Debit Card,Quarterly,SUCCESS,,3,Approved,0,2026-06-17 10:12:38.959140
PAY009314,CUST6391,2213,Debit Card,Quarterly,SUCCESS,,0,Approved,0,2026-07-27 12:15:38.959140
PAY009315,CUST1054,2626,Wallet,Quarterly,SUCCESS,,3,Approved,0,2026-08-24 06:52:38.959140
PAY009316,CUST9378,1984,Net Banking,Quarterly,SUCCESS,,2,Approved,0,2026-05-28 16:05:38.959140
PAY009317,CUST9927,24086,Credit Card,Annual,SUCCESS,,0,Approved,0,2026-06-03 13:05:38.959140
PAY009318,CUST4727,12579,UPI,Quarterly,FAILED,Fraud Suspected,0,Processing Error,0,2026-08-14 10:25:38.959140
PAY009319,CUST8477,17833,Wallet,Quarterly,SUCCESS,,0,Approved,0,2026-04-06 00:06:38.959140
PAY009320,CUST9130,23032,Credit Card,Monthly,SUCCESS,,1,Approved,0,2026-08-28 19:16:38.959140
PAY009321,CUST5993,19347,Net Banking,Quarterly,SUCCESS,,3,Approved,0,2026-07-01 13:40:38.959140
PAY009322,CUST7415,5096,Debit Card,Annual,FAILED,Fraud Suspected,0,Timeout,0,2026-06-04 07:29:38.959140
PAY009323,CUST7942,22797,Wallet,Quarterly,SUCCESS,,2,Approved,0,2026-04-14 08:38:38.959140
PAY009324,CUST5483,7515,UPI,Quarterly,FAILED,Invalid CVV,0,Blocked,0,2026-07-09 09:04:38.959140
PAY009325,CUST8446,18957,Credit Card,Annual,SUCCESS,,2,Approved,0,2026-05-12 00:26:38.959140
PAY009326,CUST8681,11316,Credit Card,Annual,FAILED,UPI Failure,3,Blocked,1,2026-07-18 08:12:38.959140
PAY009327,CUST1349,14005,Credit Card,Annual,SUCCESS,,0,Approved,0,2026-04-13 01:05:38.959140
PAY009328,CUST7597,5379,Credit Card,Annual,SUCCESS,,3,Approved,0,2026-08-15 16:02:38.959140
PAY009329,CUST8386,13019,Net Banking,Annual,FAILED,UPI Failure,2,Declined,1,2026-07-29 12:58:38.959140
PAY009330,CUST7693,22851,Debit Card,Quarterly,SUCCESS,,3,Approved,0,2026-05-15 12:24:38.959140
PAY009331,CUST4718,2726,Debit Card,Monthly,SUCCESS,,3,Approved,0,2026-05-13 16:21:38.959140
PAY009332,CUST6639,3628,UPI,Monthly,SUCCESS,,3,Approved,0,2026-07-28 09:05:38.959140
PAY009333,CUST5576,10455,UPI,Quarterly,FAILED,Network Error,3,Timeout,1,2026-08-29 20:32:38.959140
PAY009334,CUST2659,3962,Net Banking,Monthly,SUCCESS,,0,Approved,0,2026-06-24 21:40:38.959140
PAY009335,CUST8871,13708,Credit Card,Quarterly,SUCCESS,,3,Approved,0,2026-08-24 21:55:38.959140
PAY009336,CUST7214,16624,Credit Card,Quarterly,FAILED,Bank Timeout,1,Declined,1,2026-04-17 21:12:38.959140
PAY009337,CUST9464,18596,Credit Card,Quarterly,SUCCESS,,3,Approved,0,2026-08-01 19:55:38.959140
PAY009338,CUST3069,19156,UPI,Monthly,SUCCESS,,0,Approved,0,2026-07-25 03:08:38.959140
PAY009339,CUST7915,18328,Net Banking,Monthly,SUCCESS,,3,Approved,0,2026-04-07 13:20:38.959140
PAY009340,CUST1243,13926,UPI,Monthly,FAILED,Fraud Suspected,0,Processing Error,0,2026-07-04 00:20:38.959140
PAY009341,CUST5186,17892,Debit Card,Quarterly,SUCCESS,,1,Approved,0,2026-08-30 02:44:38.959140
PAY009342,CUST1446,12611,Net Banking,Annual,SUCCESS,,2,Approved,0,2026-05-19 04:24:38.959140
PAY009343,CUST7444,1480,Debit Card,Monthly,SUCCESS,,0,Approved,0,2026-05-27 08:35:38.959140
PAY009344,CUST5265,6659,Debit Card,Quarterly,SUCCESS,,0,Approved,0,2026-03-15 13:06:38.959140
PAY009345,CUST6498,21515,Wallet,Monthly,SUCCESS,,3,Approved,0,2026-06-15 00:10:38.959140
PAY009346,CUST7305,4227,Debit Card,Annual,SUCCESS,,0,Approved,0,2026-03-13 03:46:38.959140
PAY009347,CUST2889,15772,Debit Card,Quarterly,SUCCESS,,3,Approved,0,2026-05-04 11:15:38.959140
PAY009348,CUST1041,1940,Credit Card,Quarterly,SUCCESS,,0,Approved,0,2026-06-10 04:58:38.959140
PAY009349,CUST2108,140,Net Banking,Monthly,FAILED,UPI Failure,3,Declined,1,2026-07-21 07:55:38.959140
PAY009350,CUST9600,23837,Net Banking,Annual,SUCCESS,,3,Approved,0,2026-05-24 20:27:38.959140
PAY009351,CUST7353,21789,Credit Card,Monthly,FAILED,UPI Failure,0,Blocked,1,2026-08-02 07:57:38.959140
PAY009352,CUST3405,14312,Credit Card,Monthly,SUCCESS,,3,Approved,0,2026-03-29 14:06:38.959140
PAY009353,CUST4702,22920,Net Banking,Quarterly,SUCCESS,,2,Approved,0,2026-06-10 04:17:38.959140
PAY009354,CUST2573,17773,Net Banking,Annual,SUCCESS,,0,Approved,0,2026-07-23 22:11:38.959140
PAY009355,CUST4680,17984,Net Banking,Quarterly,SUCCESS,,0,Approved,0,2026-08-08 04:58:38.959140
PAY009356,CUST1631,5574,Wallet,Quarterly,SUCCESS,,1,Approved,0,2026-08-13 08:17:38.959140
PAY009357,CUST1342,22540,Debit Card,Monthly,FAILED,Card Expired,0,Declined,0,2026-04-04 04:10:38.959140
PAY009358,CUST4181,12582,Debit Card,Annual,FAILED,Fraud Suspected,1,Processing Error,0,2026-06-27 10:38:38.959140
PAY009359,CUST1103,22874,Wallet,Monthly,SUCCESS,,2,Approved,0,2026-05-20 23:41:38.959140
PAY009360,CUST8674,14645,Wallet,Annual,SUCCESS,,2,Approved,0,2026-03-12 14:57:38.959140
PAY009361,CUST8652,6902,Debit Card,Quarterly,FAILED,Fraud Suspected,2,Approved,0,2026-05-05 12:53:38.959140
PAY009362,CUST7527,12731,Credit Card,Monthly,SUCCESS,,0,Approved,0,2026-08-08 02:30:38.959140
PAY009363,CUST7119,7826,UPI,Monthly,SUCCESS,,1,Approved,0,2026-06-30 18:28:38.959140
PAY009364,CUST1653,19342,Credit Card,Monthly,FAILED,Invalid CVV,3,Approved,0,2026-08-04 06:01:38.959140
PAY009365,CUST8529,12946,Credit Card,Quarterly,FAILED,Insufficient Funds,2,Blocked,1,2026-08-11 18:20:38.959140
PAY009366,CUST6439,22337,UPI,Annual,SUCCESS,,0,Approved,0,2026-08-15 15:57:38.959140
PAY009367,CUST2012,7451,Wallet,Monthly,SUCCESS,,1,Approved,0,2026-08-26 02:12:38.959140
PAY009368,CUST8702,20634,Credit Card,Annual,SUCCESS,,0,Approved,0,2026-05-20 15:30:38.959140
PAY009369,CUST1542,19784,UPI,Annual,FAILED,Fraud Suspected,1,Declined,0,2026-03-11 14:05:38.959140
PAY009370,CUST8833,2111,Credit Card,Monthly,SUCCESS,,2,Approved,0,2026-04-07 22:37:38.959140
PAY009371,CUST7448,18116,Debit Card,Quarterly,SUCCESS,,3,Approved,0,2026-08-16 12:02:38.959140
PAY009372,CUST2760,6183,Credit Card,Annual,SUCCESS,,1,Approved,0,2026-04-28 19:01:38.959140
PAY009373,CUST5069,11087,Wallet,Quarterly,SUCCESS,,0,Approved,0,2026-07-15 03:16:38.959140
PAY009374,CUST4059,3242,Credit Card,Monthly,SUCCESS,,2,Approved,0,2026-08-03 08:40:38.959140
PAY009375,CUST5319,5936,UPI,Annual,SUCCESS,,2,Approved,0,2026-04-25 04:28:38.959140
PAY009376,CUST6662,14258,Wallet,Annual,SUCCESS,,0,Approved,0,2026-08-11 21:58:38.959140
PAY009377,CUST9039,4291,Net Banking,Annual,SUCCESS,,1,Approved,0,2026-03-19 09:23:38.959140
PAY009378,CUST4082,17806,Wallet,Monthly,SUCCESS,,3,Approved,0,2026-03-21 19:00:38.959140
PAY009379,CUST4594,11156,Credit Card,Monthly,SUCCESS,,0,Approved,0,2026-05-02 10:28:38.959140
PAY009380,CUST7184,23310,UPI,Quarterly,FAILED,Fraud Suspected,3,Timeout,0,2026-04-09 19:59:38.959140
PAY009381,CUST1626,5829,Wallet,Quarterly,SUCCESS,,0,Approved,0,2026-06-13 18:28:38.959140
PAY009382,CUST9100,14906,UPI,Monthly,SUCCESS,,0,Approved,0,2026-06-13 14:35:38.959140
PAY009383,CUST4215,17081,Credit Card,Quarterly,SUCCESS,,2,Approved,0,2026-05-29 07:50:38.959140
PAY009384,CUST1969,2048,Credit Card,Quarterly,SUCCESS,,2,Approved,0,2026-06-02 07:40:38.959140
PAY009385,CUST8834,12355,UPI,Quarterly,SUCCESS,,1,Approved,0,2026-05-06 07:33:38.959140
PAY009386,CUST1030,15810,Debit Card,Annual,SUCCESS,,1,Approved,0,2026-06-27 06:35:38.959140
PAY009387,CUST2138,18976,Net Banking,Monthly,SUCCESS,,0,Approved,0,2026-08-20 01:01:38.959140
PAY009388,CUST8063,21379,UPI,Quarterly,FAILED,Insufficient Funds,1,Declined,1,2026-06-05 04:55:38.959140
PAY009389,CUST9151,12755,UPI,Monthly,SUCCESS,,3,Approved,0,2026-04-11 17:33:38.959140
PAY009390,CUST3713,9682,Net Banking,Monthly,SUCCESS,,0,Approved,0,2026-03-16 16:38:38.959140
PAY009391,CUST4383,17613,Credit Card,Monthly,SUCCESS,,1,Approved,0,2026-03-12 05:10:38.959140
PAY009392,CUST4895,19061,Wallet,Quarterly,FAILED,Network Error,0,Approved,1,2026-05-04 02:43:38.959140
PAY009393,CUST3744,10896,Credit Card,Monthly,FAILED,Card Expired,1,Blocked,0,2026-03-26 06:09:38.959140
PAY009394,CUST8580,7675,Credit Card,Annual,SUCCESS,,0,Approved,0,2026-04-20 17:41:38.959140
PAY009395,CUST8379,15561,Net Banking,Monthly,SUCCESS,,1,Approved,0,2026-06-14 03:02:38.959140
PAY009396,CUST3305,24615,Credit Card,Annual,SUCCESS,,0,Approved,0,2026-05-03 21:31:38.959140
PAY009397,CUST1112,13177,UPI,Annual,SUCCESS,,0,Approved,0,2026-07-22 19:15:38.959140
PAY009398,CUST3576,22186,Net Banking,Quarterly,FAILED,Invalid CVV,3,Timeout,0,2026-06-30 01:17:38.959140
PAY009399,CUST7033,19966,Credit Card,Quarterly,SUCCESS,,3,Approved,0,2026-06-14 06:17:38.959140
PAY009400,CUST9576,19333,Debit Card,Quarterly,SUCCESS,,0,Approved,0,2026-04-13 01:36:38.959140
PAY009401,CUST5100,7497,Wallet,Annual,FAILED,UPI Failure,0,Timeout,1,2026-08-13 15:43:38.959140
PAY009402,CUST6875,22991,Debit Card,Quarterly,SUCCESS,,0,Approved,0,2026-08-01 13:17:38.959140
PAY009403,CUST1679,22089,Credit Card,Quarterly,FAILED,Fraud Suspected,1,Timeout,0,2026-04-16 03:40:38.959140
PAY009404,CUST6428,21482,UPI,Monthly,SUCCESS,,2,Approved,0,2026-08-01 03:18:38.959140
PAY009405,CUST2694,19966,Net Banking,Monthly,SUCCESS,,1,Approved,0,2026-07-03 02:37:38.959140
PAY009406,CUST2313,17245,Debit Card,Annual,FAILED,User Cancelled,3,Declined,0,2026-04-28 13:55:38.959140
PAY009407,CUST8349,24638,Credit Card,Quarterly,FAILED,Invalid CVV,3,Approved,0,2026-05-01 02:58:38.959140
PAY009408,CUST4869,16348,Wallet,Annual,SUCCESS,,3,Approved,0,2026-05-08 23:37:38.959140
PAY009409,CUST4681,14842,Debit Card,Monthly,SUCCESS,,3,Approved,0,2026-06-15 13:01:38.959140
PAY009410,CUST2834,15551,UPI,Annual,SUCCESS,,0,Approved,0,2026-08-03 20:16:38.959140
PAY009411,CUST5668,14094,Net Banking,Annual,FAILED,UPI Failure,1,Timeout,1,2026-03-30 14:06:38.959140
PAY009412,CUST2200,6702,Net Banking,Quarterly,FAILED,Card Expired,0,Timeout,0,2026-05-25 01:59:38.959140
PAY009413,CUST1772,23472,Debit Card,Quarterly,SUCCESS,,0,Approved,0,2026-06-07 15:21:38.959140
PAY009414,CUST3962,19736,Credit Card,Annual,SUCCESS,,3,Approved,0,2026-05-01 08:08:38.959140
PAY009415,CUST1224,22863,UPI,Quarterly,SUCCESS,,3,Approved,0,2026-03-21 16:06:38.959140
PAY009416,CUST6244,17059,Credit Card,Quarterly,SUCCESS,,2,Approved,0,2026-04-08 15:32:38.959140
PAY009417,CUST7270,15304,Debit Card,Quarterly,FAILED,Network Error,0,Approved,1,2026-06-26 22:26:38.959140
PAY009418,CUST4155,22628,Debit Card,Annual,FAILED,UPI Failure,0,Timeout,1,2026-07-28 01:07:38.959140
PAY009419,CUST5476,18447,Credit Card,Quarterly,SUCCESS,,1,Approved,0,2026-04-08 06:31:38.959140
PAY009420,CUST2858,23798,Credit Card,Monthly,SUCCESS,,2,Approved,0,2026-08-23 12:02:38.959140
PAY009421,CUST7106,23546,Debit Card,Monthly,SUCCESS,,3,Approved,0,2026-07-23 00:38:38.959140
PAY009422,CUST4594,6108,Debit Card,Quarterly,SUCCESS,,2,Approved,0,2026-05-24 09:41:38.959140
PAY009423,CUST9462,20321,Credit Card,Annual,SUCCESS,,3,Approved,0,2026-06-18 05:20:38.959140
PAY009424,CUST6046,15616,Credit Card,Annual,FAILED,Bank Timeout,3,Approved,1,2026-08-01 19:59:38.959140
PAY009425,CUST7159,4055,Wallet,Quarterly,FAILED,UPI Failure,2,Approved,1,2026-04-04 14:24:38.959140
PAY009426,CUST4571,9334,Wallet,Monthly,SUCCESS,,2,Approved,0,2026-05-14 05:22:38.959140
PAY009427,CUST5363,705,Net Banking,Quarterly,SUCCESS,,1,Approved,0,2026-08-28 17:13:38.959140
PAY009428,CUST6017,13253,UPI,Quarterly,FAILED,User Cancelled,2,Timeout,0,2026-07-22 17:29:38.959140
PAY009429,CUST6571,19564,Credit Card,Monthly,SUCCESS,,2,Approved,0,2026-04-06 00:22:38.959140
PAY009430,CUST1493,13104,UPI,Monthly,SUCCESS,,1,Approved,0,2026-03-10 19:01:38.959140
PAY009431,CUST2857,17823,Credit Card,Annual,SUCCESS,,3,Approved,0,2026-04-10 15:11:38.959140
PAY009432,CUST3693,6295,UPI,Annual,SUCCESS,,0,Approved,0,2026-08-24 07:46:38.959140
PAY009433,CUST6594,11694,Net Banking,Monthly,SUCCESS,,3,Approved,0,2026-07-01 23:10:38.959140
PAY009434,CUST3016,17692,Net Banking,Annual,SUCCESS,,3,Approved,0,2026-07-09 05:30:38.959140
PAY009435,CUST2770,17959,Credit Card,Annual,SUCCESS,,3,Approved,0,2026-03-22 12:29:38.959140
PAY009436,CUST7768,24863,Wallet,Quarterly,FAILED,Fraud Suspected,3,Approved,0,2026-07-11 02:01:38.959140
PAY009437,CUST6085,1150,UPI,Quarterly,FAILED,Card Expired,2,Blocked,0,2026-07-23 10:34:38.959140
PAY009438,CUST1586,16083,Credit Card,Monthly,SUCCESS,,1,Approved,0,2026-05-13 06:40:38.959140
PAY009439,CUST8536,17430,Debit Card,Monthly,SUCCESS,,2,Approved,0,2026-06-24 16:42:38.959140
PAY009440,CUST6124,6080,Debit Card,Quarterly,SUCCESS,,1,Approved,0,2026-06-13 15:01:38.959140
PAY009441,CUST4010,7424,Credit Card,Quarterly,FAILED,Invalid CVV,1,Approved,0,2026-05-25 16:38:38.959140
PAY009442,CUST3192,23941,UPI,Monthly,SUCCESS,,0,Approved,0,2026-06-08 10:14:38.959140
PAY009443,CUST2215,5811,UPI,Monthly,FAILED,Insufficient Funds,0,Timeout,1,2026-04-23 22:13:38.959140
PAY009444,CUST9535,20101,UPI,Quarterly,SUCCESS,,0,Approved,0,2026-05-12 19:30:38.959140
PAY009445,CUST1840,20584,Debit Card,Quarterly,SUCCESS,,3,Approved,0,2026-07-09 08:37:38.959140
PAY009446,CUST5187,7207,Net Banking,Annual,SUCCESS,,0,Approved,0,2026-06-25 08:14:38.959140
PAY009447,CUST9441,23292,Wallet,Quarterly,SUCCESS,,3,Approved,0,2026-05-22 08:13:38.959140
PAY009448,CUST7315,6569,Debit Card,Quarterly,SUCCESS,,2,Approved,0,2026-07-31 19:36:38.959140
PAY009449,CUST7601,20103,Credit Card,Quarterly,SUCCESS,,2,Approved,0,2026-04-25 21:28:38.959140
PAY009450,CUST4649,7295,UPI,Quarterly,SUCCESS,,0,Approved,0,2026-03-17 10:00:38.959140
PAY009451,CUST3483,12588,Credit Card,Quarterly,SUCCESS,,3,Approved,0,2026-08-04 15:51:38.959140
PAY009452,CUST3060,5885,Wallet,Annual,FAILED,Insufficient Funds,2,Approved,1,2026-04-23 20:21:38.959140
PAY009453,CUST2470,19529,Credit Card,Annual,FAILED,Insufficient Funds,2,Approved,1,2026-03-11 23:25:38.959140
PAY009454,CUST9235,1788,UPI,Annual,SUCCESS,,3,Approved,0,2026-07-08 15:20:38.959140
PAY009455,CUST5970,21614,Net Banking,Quarterly,SUCCESS,,2,Approved,0,2026-03-27 14:10:38.959140
PAY009456,CUST1727,13783,Net Banking,Monthly,SUCCESS,,1,Approved,0,2026-05-30 19:51:38.959140
PAY009457,CUST8779,22717,Credit Card,Quarterly,SUCCESS,,1,Approved,0,2026-07-04 08:29:38.959140
PAY009458,CUST7123,2755,Credit Card,Quarterly,SUCCESS,,2,Approved,0,2026-04-21 18:21:38.959140
PAY009459,CUST3709,8708,Credit Card,Monthly,SUCCESS,,3,Approved,0,2026-07-22 14:26:38.959140
PAY009460,CUST7628,23331,Net Banking,Monthly,SUCCESS,,2,Approved,0,2026-06-01 05:07:38.959140
PAY009461,CUST1023,16055,Wallet,Monthly,SUCCESS,,2,Approved,0,2026-07-30 05:04:38.959140
PAY009462,CUST4709,12570,Debit Card,Annual,SUCCESS,,0,Approved,0,2026-06-28 04:58:38.959140
PAY009463,CUST9914,3416,Debit Card,Annual,SUCCESS,,2,Approved,0,2026-03-27 09:10:38.959140
PAY009464,CUST7580,9839,Debit Card,Quarterly,FAILED,Fraud Suspected,0,Blocked,0,2026-03-20 07:19:38.959140
PAY009465,CUST7044,8291,Debit Card,Annual,SUCCESS,,3,Approved,0,2026-06-20 07:48:38.959140
PAY009466,CUST8648,10384,Net Banking,Quarterly,SUCCESS,,3,Approved,0,2026-07-23 07:12:38.959140
PAY009467,CUST5779,2277,UPI,Monthly,SUCCESS,,1,Approved,0,2026-04-23 13:39:38.959140
PAY009468,CUST1430,24832,Debit Card,Monthly,FAILED,Bank Timeout,2,Blocked,1,2026-04-03 02:31:38.959140
PAY009469,CUST8052,11807,Credit Card,Annual,SUCCESS,,0,Approved,0,2026-06-05 16:17:38.959140
PAY009470,CUST2609,8956,Credit Card,Annual,SUCCESS,,1,Approved,0,2026-03-14 00:47:38.959140
PAY009471,CUST5924,4578,Credit Card,Quarterly,SUCCESS,,1,Approved,0,2026-03-17 11:17:38.959140
PAY009472,CUST2386,900,Wallet,Annual,SUCCESS,,1,Approved,0,2026-05-02 21:21:38.959140
PAY009473,CUST9389,15277,Net Banking,Monthly,SUCCESS,,3,Approved,0,2026-07-20 05:33:38.959140
PAY009474,CUST3442,22034,Credit Card,Monthly,SUCCESS,,1,Approved,0,2026-05-29 23:25:38.959140
PAY009475,CUST9077,15072,UPI,Annual,SUCCESS,,1,Approved,0,2026-05-06 05:09:38.959140
PAY009476,CUST8284,24200,Net Banking,Quarterly,SUCCESS,,0,Approved,0,2026-06-09 00:44:38.959140
PAY009477,CUST6955,16942,Credit Card,Quarterly,SUCCESS,,2,Approved,0,2026-04-16 19:46:38.959140
PAY009478,CUST6579,8187,UPI,Quarterly,SUCCESS,,2,Approved,0,2026-05-07 17:08:38.959140
PAY009479,CUST1885,9651,Debit Card,Monthly,SUCCESS,,1,Approved,0,2026-05-25 10:37:38.959140
PAY009480,CUST1037,4265,Wallet,Annual,SUCCESS,,2,Approved,0,2026-04-21 15:12:38.959140
PAY009481,CUST1533,24897,Net Banking,Quarterly,SUCCESS,,3,Approved,0,2026-07-20 19:20:38.959140
PAY009482,CUST3526,9877,Debit Card,Annual,SUCCESS,,2,Approved,0,2026-07-22 04:07:38.959140
PAY009483,CUST4147,22720,Credit Card,Quarterly,FAILED,Invalid CVV,0,Blocked,0,2026-06-21 03:53:38.959140
PAY009484,CUST6347,16017,Debit Card,Monthly,SUCCESS,,0,Approved,0,2026-03-28 04:07:38.959140
PAY009485,CUST6566,131,Wallet,Quarterly,SUCCESS,,3,Approved,0,2026-04-15 14:07:38.959140
PAY009486,CUST6253,11476,Credit Card,Annual,SUCCESS,,0,Approved,0,2026-07-02 00:34:38.959140
PAY009487,CUST5165,7928,Net Banking,Quarterly,SUCCESS,,3,Approved,0,2026-03-18 03:50:38.959140
PAY009488,CUST7494,2115,Wallet,Monthly,SUCCESS,,2,Approved,0,2026-08-29 05:30:38.959140
PAY009489,CUST6045,1875,UPI,Monthly,FAILED,Network Error,2,Timeout,1,2026-03-27 14:23:38.959140
PAY009490,CUST9034,11986,UPI,Monthly,SUCCESS,,2,Approved,0,2026-07-03 07:15:38.959140
PAY009491,CUST8009,5912,Wallet,Monthly,FAILED,Network Error,2,Declined,1,2026-03-13 13:05:38.959140
PAY009492,CUST3532,7469,UPI,Monthly,SUCCESS,,2,Approved,0,2026-03-16 06:21:38.959140
PAY009493,CUST9512,11431,UPI,Annual,SUCCESS,,2,Approved,0,2026-07-24 18:17:38.959140
PAY009494,CUST1431,20788,Net Banking,Quarterly,SUCCESS,,2,Approved,0,2026-05-19 14:36:38.959140
PAY009495,CUST7930,10138,Net Banking,Quarterly,SUCCESS,,1,Approved,0,2026-03-13 13:12:38.959140
PAY009496,CUST7159,6565,UPI,Quarterly,FAILED,Card Expired,2,Processing Error,0,2026-06-27 15:38:38.959140
PAY009497,CUST1654,16252,Debit Card,Quarterly,SUCCESS,,3,Approved,0,2026-04-13 10:07:38.959140
PAY009498,CUST4050,9790,Credit Card,Monthly,SUCCESS,,1,Approved,0,2026-05-24 13:57:38.959140
PAY009499,CUST3548,20641,UPI,Annual,SUCCESS,,1,Approved,0,2026-03-23 05:45:38.959140
PAY009500,CUST1666,4174,Credit Card,Annual,SUCCESS,,0,Approved,0,2026-07-11 22:44:38.959140
PAY009501,CUST1550,6363,Net Banking,Annual,SUCCESS,,0,Approved,0,2026-08-18 11:47:38.959140
PAY009502,CUST7601,18417,Wallet,Quarterly,SUCCESS,,0,Approved,0,2026-08-13 03:40:38.959140
PAY009503,CUST9345,22826,Wallet,Quarterly,FAILED,Invalid CVV,3,Processing Error,0,2026-08-13 18:17:38.959140
PAY009504,CUST9895,6529,Credit Card,Monthly,FAILED,User Cancelled,0,Approved,0,2026-05-27 17:24:38.959140
PAY009505,CUST1730,2262,UPI,Quarterly,FAILED,Bank Timeout,1,Timeout,1,2026-06-07 01:44:38.959140
PAY009506,CUST4771,10089,Debit Card,Quarterly,SUCCESS,,1,Approved,0,2026-06-26 06:52:38.959140
PAY009507,CUST5618,17029,Credit Card,Annual,FAILED,Network Error,2,Blocked,1,2026-06-04 21:37:38.959140
PAY009508,CUST7021,7133,Wallet,Monthly,SUCCESS,,3,Approved,0,2026-04-11 04:38:38.959140
PAY009509,CUST7041,11117,Wallet,Quarterly,SUCCESS,,1,Approved,0,2026-07-09 01:41:38.959140
PAY009510,CUST4350,5105,Credit Card,Monthly,SUCCESS,,0,Approved,0,2026-03-16 05:20:38.959140
PAY009511,CUST3223,456,Net Banking,Annual,SUCCESS,,0,Approved,0,2026-08-22 23:30:38.959140
PAY009512,CUST2810,13161,Net Banking,Monthly,SUCCESS,,0,Approved,0,2026-08-10 15:46:38.959140
PAY009513,CUST6798,10692,UPI,Quarterly,SUCCESS,,2,Approved,0,2026-05-14 23:15:38.959140
PAY009514,CUST8642,17921,Net Banking,Monthly,SUCCESS,,0,Approved,0,2026-08-07 01:39:38.959140
PAY009515,CUST5847,12753,Debit Card,Monthly,SUCCESS,,3,Approved,0,2026-04-04 00:34:38.959140
PAY009516,CUST5213,15744,UPI,Monthly,SUCCESS,,0,Approved,0,2026-08-07 09:28:38.959140
PAY009517,CUST3927,1418,Net Banking,Quarterly,SUCCESS,,0,Approved,0,2026-07-02 19:05:38.959140
PAY009518,CUST8808,6747,Debit Card,Annual,SUCCESS,,2,Approved,0,2026-07-07 06:59:38.959140
PAY009519,CUST7092,13356,Credit Card,Quarterly,SUCCESS,,2,Approved,0,2026-04-04 05:24:38.959140
PAY009520,CUST9000,7137,Wallet,Monthly,SUCCESS,,0,Approved,0,2026-05-29 11:22:38.959140
PAY009521,CUST6867,7664,Net Banking,Quarterly,SUCCESS,,3,Approved,0,2026-04-10 15:25:38.959140
PAY009522,CUST5216,6926,Credit Card,Quarterly,SUCCESS,,3,Approved,0,2026-04-14 19:54:38.959140
PAY009523,CUST1991,20018,UPI,Monthly,SUCCESS,,0,Approved,0,2026-06-30 05:46:38.959140
PAY009524,CUST3171,5620,Net Banking,Quarterly,FAILED,Insufficient Funds,2,Approved,1,2026-04-11 00:25:38.959140
PAY009525,CUST3176,1019,Debit Card,Annual,SUCCESS,,3,Approved,0,2026-05-21 05:32:38.959140
PAY009526,CUST8738,24965,Debit Card,Quarterly,SUCCESS,,3,Approved,0,2026-06-16 20:10:38.959140
PAY009527,CUST5702,4336,Credit Card,Monthly,SUCCESS,,2,Approved,0,2026-06-09 01:19:38.959140
PAY009528,CUST8967,24174,Debit Card,Annual,SUCCESS,,1,Approved,0,2026-07-31 11:51:38.959140
PAY009529,CUST5706,23357,Net Banking,Annual,SUCCESS,,2,Approved,0,2026-03-19 19:23:38.959140
PAY009530,CUST8086,22102,Net Banking,Monthly,SUCCESS,,0,Approved,0,2026-04-15 16:21:38.959140
PAY009531,CUST5826,20761,Wallet,Annual,SUCCESS,,3,Approved,0,2026-06-13 08:47:38.959140
PAY009532,CUST4858,20694,Wallet,Annual,FAILED,Bank Timeout,0,Processing Error,1,2026-07-03 00:07:38.959140
PAY009533,CUST6638,14891,UPI,Annual,FAILED,Fraud Suspected,2,Timeout,0,2026-03-25 13:37:38.959140
PAY009534,CUST1753,7013,Wallet,Annual,SUCCESS,,1,Approved,0,2026-08-19 04:29:38.959140
PAY009535,CUST5488,7366,Credit Card,Annual,SUCCESS,,1,Approved,0,2026-07-16 00:38:38.959140
PAY009536,CUST1974,24657,Debit Card,Annual,SUCCESS,,1,Approved,0,2026-06-08 03:14:38.959140
PAY009537,CUST6015,21897,Debit Card,Quarterly,SUCCESS,,1,Approved,0,2026-04-29 08:29:38.959140
PAY009538,CUST5218,21689,Wallet,Quarterly,FAILED,Fraud Suspected,2,Processing Error,0,2026-05-18 12:19:38.959140
PAY009539,CUST1236,18699,UPI,Quarterly,FAILED,Card Expired,0,Approved,0,2026-04-24 04:53:38.959140
PAY009540,CUST9702,5519,UPI,Quarterly,SUCCESS,,0,Approved,0,2026-08-14 01:32:38.959140
PAY009541,CUST4201,19264,Net Banking,Annual,FAILED,Card Expired,2,Declined,0,2026-08-27 11:57:38.959140
PAY009542,CUST9326,13592,Wallet,Monthly,SUCCESS,,3,Approved,0,2026-03-15 19:49:38.959140
PAY009543,CUST2171,7870,Credit Card,Annual,SUCCESS,,2,Approved,0,2026-03-28 05:02:38.959140
PAY009544,CUST6286,23374,Debit Card,Annual,SUCCESS,,1,Approved,0,2026-04-10 05:34:38.959140
PAY009545,CUST1315,9476,Credit Card,Monthly,SUCCESS,,2,Approved,0,2026-05-30 15:30:38.959140
PAY009546,CUST2419,17985,Credit Card,Monthly,SUCCESS,,0,Approved,0,2026-03-19 23:34:38.959140
PAY009547,CUST1928,1863,Wallet,Monthly,SUCCESS,,3,Approved,0,2026-04-13 00:42:38.959140
PAY009548,CUST4650,9188,Net Banking,Quarterly,SUCCESS,,1,Approved,0,2026-08-29 11:55:38.959140
PAY009549,CUST5487,9133,Debit Card,Annual,SUCCESS,,2,Approved,0,2026-07-11 16:54:38.959140
PAY009550,CUST4174,14569,UPI,Monthly,SUCCESS,,1,Approved,0,2026-07-25 17:33:38.959140
PAY009551,CUST9319,22967,Net Banking,Quarterly,SUCCESS,,2,Approved,0,2026-08-09 21:43:38.959140
PAY009552,CUST7087,17488,Wallet,Monthly,SUCCESS,,0,Approved,0,2026-08-08 16:33:38.959140
PAY009553,CUST2523,11671,Net Banking,Monthly,SUCCESS,,2,Approved,0,2026-07-03 13:54:38.959140
PAY009554,CUST8113,12776,UPI,Monthly,FAILED,Card Expired,2,Declined,0,2026-04-06 20:49:38.959140
PAY009555,CUST8925,3147,Credit Card,Monthly,SUCCESS,,2,Approved,0,2026-08-27 14:43:38.959140
PAY009556,CUST7642,4211,Debit Card,Monthly,FAILED,Network Error,2,Approved,1,2026-05-08 23:48:38.959140
PAY009557,CUST1255,9621,Debit Card,Quarterly,SUCCESS,,0,Approved,0,2026-06-17 10:08:38.959140
PAY009558,CUST1222,1013,Wallet,Quarterly,FAILED,Network Error,2,Blocked,1,2026-07-20 00:40:38.959140
PAY009559,CUST1611,721,Wallet,Quarterly,FAILED,Invalid CVV,3,Approved,0,2026-07-26 07:47:38.959140
PAY009560,CUST2306,19483,Credit Card,Monthly,SUCCESS,,3,Approved,0,2026-05-08 17:16:38.959140
PAY009561,CUST9575,16469,Net Banking,Annual,SUCCESS,,0,Approved,0,2026-08-10 21:12:38.959140
PAY009562,CUST5274,11026,Wallet,Annual,SUCCESS,,3,Approved,0,2026-08-22 03:35:38.959140
PAY009563,CUST6251,16024,Net Banking,Quarterly,SUCCESS,,0,Approved,0,2026-05-25 21:59:38.959140
PAY009564,CUST9065,18950,Wallet,Annual,SUCCESS,,3,Approved,0,2026-05-27 03:43:38.959140
PAY009565,CUST3914,24067,UPI,Monthly,SUCCESS,,3,Approved,0,2026-06-18 00:02:38.959140
PAY009566,CUST5897,12146,UPI,Monthly,FAILED,User Cancelled,1,Processing Error,0,2026-07-06 23:51:38.959140
PAY009567,CUST1296,11147,Net Banking,Annual,FAILED,Card Expired,2,Timeout,0,2026-08-26 18:06:38.959140
PAY009568,CUST2493,18369,UPI,Quarterly,FAILED,Card Expired,2,Blocked,0,2026-03-26 02:00:38.959140
PAY009569,CUST5453,16161,Wallet,Monthly,SUCCESS,,3,Approved,0,2026-04-15 03:45:38.959140
PAY009570,CUST5135,10597,Wallet,Quarterly,SUCCESS,,0,Approved,0,2026-07-14 19:28:38.959140
PAY009571,CUST6184,14936,Debit Card,Monthly,FAILED,Card Expired,2,Processing Error,0,2026-06-01 04:22:38.959140
PAY009572,CUST5705,3174,Credit Card,Annual,SUCCESS,,1,Approved,0,2026-07-26 07:02:38.959140
PAY009573,CUST6637,6533,Net Banking,Monthly,SUCCESS,,3,Approved,0,2026-06-24 19:25:38.959140
PAY009574,CUST2742,20909,Net Banking,Annual,FAILED,Insufficient Funds,2,Approved,1,2026-06-02 06:23:38.959140
PAY009575,CUST5438,11490,UPI,Monthly,FAILED,Bank Timeout,0,Declined,1,2026-07-01 16:42:38.959140
PAY009576,CUST4326,14684,Wallet,Monthly,SUCCESS,,1,Approved,0,2026-03-17 20:31:38.959140
PAY009577,CUST1042,24035,Wallet,Quarterly,FAILED,Insufficient Funds,3,Timeout,1,2026-05-20 05:55:38.959140
PAY009578,CUST6726,6127,Wallet,Annual,FAILED,Bank Timeout,3,Declined,1,2026-04-05 01:18:38.959140
PAY009579,CUST2946,14588,UPI,Annual,SUCCESS,,3,Approved,0,2026-04-09 09:53:38.959140
PAY009580,CUST8288,11884,Credit Card,Quarterly,SUCCESS,,1,Approved,0,2026-04-11 19:07:38.959140
PAY009581,CUST5492,1415,Wallet,Annual,FAILED,UPI Failure,3,Timeout,1,2026-05-21 01:19:38.959140
PAY009582,CUST1271,19018,Credit Card,Quarterly,SUCCESS,,3,Approved,0,2026-04-17 17:44:38.959140
PAY009583,CUST5184,8020,Debit Card,Annual,SUCCESS,,3,Approved,0,2026-07-28 22:29:38.959140
PAY009584,CUST3273,16699,Wallet,Quarterly,FAILED,Invalid CVV,1,Blocked,0,2026-03-10 12:38:38.959140
PAY009585,CUST7877,14586,Net Banking,Monthly,SUCCESS,,0,Approved,0,2026-04-29 10:59:38.959140
PAY009586,CUST2381,4543,Wallet,Monthly,SUCCESS,,3,Approved,0,2026-07-18 21:30:38.959140
PAY009587,CUST9569,7053,UPI,Monthly,SUCCESS,,3,Approved,0,2026-07-14 02:24:38.959140
PAY009588,CUST3729,14759,Wallet,Annual,SUCCESS,,1,Approved,0,2026-03-10 01:56:38.959140
PAY009589,CUST8253,5628,Wallet,Quarterly,SUCCESS,,1,Approved,0,2026-06-23 01:51:38.959140
PAY009590,CUST1639,18498,UPI,Quarterly,SUCCESS,,3,Approved,0,2026-06-04 11:18:38.959140
PAY009591,CUST3832,24485,Debit Card,Quarterly,SUCCESS,,2,Approved,0,2026-07-12 16:56:38.959140
PAY009592,CUST4557,1554,Credit Card,Monthly,SUCCESS,,1,Approved,0,2026-06-30 18:49:38.959140
PAY009593,CUST5325,7137,UPI,Monthly,SUCCESS,,3,Approved,0,2026-06-03 16:20:38.959140
PAY009594,CUST5317,24019,Credit Card,Quarterly,SUCCESS,,2,Approved,0,2026-08-06 14:47:38.959140
PAY009595,CUST9422,19406,UPI,Annual,SUCCESS,,1,Approved,0,2026-03-29 10:29:38.959140
PAY009596,CUST8486,9226,UPI,Quarterly,SUCCESS,,1,Approved,0,2026-03-15 03:24:38.959140
PAY009597,CUST6032,18145,Debit Card,Monthly,FAILED,Insufficient Funds,1,Timeout,1,2026-08-17 05:36:38.959140
PAY009598,CUST9922,18099,Net Banking,Annual,FAILED,UPI Failure,1,Timeout,1,2026-08-25 02:14:38.959140
PAY009599,CUST9081,18264,Debit Card,Annual,SUCCESS,,0,Approved,0,2026-06-26 02:26:38.959140
PAY009600,CUST8198,23075,Debit Card,Annual,SUCCESS,,2,Approved,0,2026-05-24 14:03:38.959140
PAY009601,CUST3704,5693,Debit Card,Monthly,FAILED,Invalid CVV,1,Timeout,0,2026-04-09 22:17:38.959140
PAY009602,CUST8952,9230,Debit Card,Monthly,SUCCESS,,3,Approved,0,2026-03-26 20:08:38.959140
PAY009603,CUST1875,17932,Net Banking,Quarterly,SUCCESS,,2,Approved,0,2026-08-23 07:05:38.959140
PAY009604,CUST2149,5018,Net Banking,Annual,FAILED,Insufficient Funds,2,Approved,1,2026-05-11 14:22:38.959140
PAY009605,CUST5431,3392,UPI,Annual,SUCCESS,,1,Approved,0,2026-08-02 12:31:38.959140
PAY009606,CUST8476,22730,Net Banking,Monthly,SUCCESS,,3,Approved,0,2026-03-19 09:49:38.959140
PAY009607,CUST3670,851,Net Banking,Annual,SUCCESS,,3,Approved,0,2026-06-28 22:11:38.959140
PAY009608,CUST3959,12441,UPI,Monthly,SUCCESS,,2,Approved,0,2026-06-03 04:12:38.959140
PAY009609,CUST6111,6486,UPI,Monthly,SUCCESS,,0,Approved,0,2026-07-30 11:23:38.959140
PAY009610,CUST6853,4384,Debit Card,Monthly,FAILED,Network Error,2,Declined,1,2026-04-25 13:29:38.959140
PAY009611,CUST3425,14371,Wallet,Quarterly,SUCCESS,,3,Approved,0,2026-04-30 18:07:38.959140
PAY009612,CUST5539,23298,Net Banking,Monthly,SUCCESS,,3,Approved,0,2026-04-10 06:35:38.959140
PAY009613,CUST8112,22215,UPI,Quarterly,FAILED,UPI Failure,1,Approved,1,2026-03-22 05:35:38.959140
PAY009614,CUST8256,4755,Debit Card,Quarterly,SUCCESS,,0,Approved,0,2026-04-17 04:07:38.959140
PAY009615,CUST2248,15681,Net Banking,Annual,SUCCESS,,0,Approved,0,2026-06-22 19:09:38.959140
PAY009616,CUST2212,9325,Debit Card,Monthly,SUCCESS,,1,Approved,0,2026-08-12 01:57:38.959140
PAY009617,CUST2271,3351,Credit Card,Quarterly,FAILED,UPI Failure,2,Blocked,1,2026-03-14 07:18:38.959140
PAY009618,CUST1163,10335,Net Banking,Monthly,SUCCESS,,1,Approved,0,2026-08-07 03:34:38.959140
PAY009619,CUST8574,7363,UPI,Annual,SUCCESS,,2,Approved,0,2026-04-10 06:50:38.959140
PAY009620,CUST9019,8782,UPI,Quarterly,SUCCESS,,1,Approved,0,2026-05-02 23:39:38.959140
PAY009621,CUST3094,9841,Debit Card,Annual,SUCCESS,,1,Approved,0,2026-04-02 03:21:38.959140
PAY009622,CUST5764,24994,UPI,Monthly,SUCCESS,,0,Approved,0,2026-05-25 11:19:38.959140
PAY009623,CUST3671,16515,Debit Card,Monthly,SUCCESS,,2,Approved,0,2026-08-06 12:30:38.959140
PAY009624,CUST6959,20977,Net Banking,Quarterly,SUCCESS,,2,Approved,0,2026-07-31 00:22:38.959140
PAY009625,CUST8882,13028,UPI,Annual,SUCCESS,,1,Approved,0,2026-06-27 16:02:38.959140
PAY009626,CUST1731,3048,Net Banking,Monthly,SUCCESS,,1,Approved,0,2026-07-21 01:50:38.959140
PAY009627,CUST8819,16289,Wallet,Quarterly,SUCCESS,,2,Approved,0,2026-07-03 16:50:38.959140
PAY009628,CUST6832,10435,Net Banking,Quarterly,SUCCESS,,3,Approved,0,2026-06-01 15:32:38.959140
PAY009629,CUST7500,13929,Net Banking,Quarterly,SUCCESS,,3,Approved,0,2026-05-17 10:56:38.959140
PAY009630,CUST2690,23509,Net Banking,Annual,FAILED,Fraud Suspected,0,Blocked,0,2026-04-18 19:17:38.959140
PAY009631,CUST3720,23899,Debit Card,Monthly,FAILED,Insufficient Funds,2,Declined,1,2026-08-22 09:04:38.959140
PAY009632,CUST6785,13967,Credit Card,Annual,SUCCESS,,2,Approved,0,2026-07-23 01:02:38.959140
PAY009633,CUST5700,22367,Credit Card,Monthly,SUCCESS,,2,Approved,0,2026-07-19 03:20:38.959140
PAY009634,CUST5653,3214,Wallet,Annual,SUCCESS,,0,Approved,0,2026-03-12 18:32:38.959140
PAY009635,CUST1864,20444,Debit Card,Annual,SUCCESS,,0,Approved,0,2026-08-09 02:34:38.959140
PAY009636,CUST6992,20354,UPI,Quarterly,SUCCESS,,1,Approved,0,2026-05-25 17:01:38.959140
PAY009637,CUST2402,1977,Wallet,Monthly,SUCCESS,,2,Approved,0,2026-06-26 04:26:38.959140
PAY009638,CUST8492,11680,Wallet,Monthly,SUCCESS,,1,Approved,0,2026-06-30 13:37:38.959140
PAY009639,CUST5186,15133,UPI,Monthly,SUCCESS,,1,Approved,0,2026-07-27 04:13:38.959140
PAY009640,CUST6437,16415,UPI,Annual,SUCCESS,,2,Approved,0,2026-03-16 08:00:38.959140
PAY009641,CUST4432,7034,Net Banking,Quarterly,FAILED,User Cancelled,2,Approved,0,2026-04-28 09:18:38.959140
PAY009642,CUST3445,23864,UPI,Annual,SUCCESS,,2,Approved,0,2026-04-10 16:56:38.959140
PAY009643,CUST4132,10997,UPI,Monthly,SUCCESS,,2,Approved,0,2026-03-10 06:30:38.959140
PAY009644,CUST6845,22975,Wallet,Annual,FAILED,User Cancelled,0,Blocked,0,2026-05-14 07:33:38.959140
PAY009645,CUST2148,24365,Wallet,Annual,FAILED,Bank Timeout,2,Timeout,1,2026-06-21 15:50:38.959140
PAY009646,CUST6286,14299,Credit Card,Quarterly,SUCCESS,,3,Approved,0,2026-05-10 08:17:38.959140
PAY009647,CUST4352,3968,Credit Card,Annual,FAILED,UPI Failure,0,Approved,1,2026-03-29 16:13:38.959140
PAY009648,CUST6818,8253,Credit Card,Annual,SUCCESS,,1,Approved,0,2026-07-14 02:47:38.959140
PAY009649,CUST2984,2419,Net Banking,Annual,SUCCESS,,2,Approved,0,2026-04-27 12:01:38.959140
PAY009650,CUST2200,2412,Debit Card,Annual,SUCCESS,,3,Approved,0,2026-05-10 07:40:38.959140
PAY009651,CUST5821,2169,Net Banking,Annual,SUCCESS,,0,Approved,0,2026-08-14 03:47:38.959140
PAY009652,CUST2936,5923,Net Banking,Monthly,SUCCESS,,3,Approved,0,2026-03-30 19:53:38.959140
PAY009653,CUST4423,5768,Wallet,Quarterly,SUCCESS,,0,Approved,0,2026-05-17 01:09:38.959140
PAY009654,CUST7508,6787,Net Banking,Monthly,SUCCESS,,2,Approved,0,2026-05-08 02:30:38.959140
PAY009655,CUST2920,21863,Credit Card,Monthly,SUCCESS,,0,Approved,0,2026-04-06 10:32:38.959140
PAY009656,CUST7218,6149,Net Banking,Monthly,FAILED,Fraud Suspected,2,Processing Error,0,2026-04-14 19:45:38.959140
PAY009657,CUST2282,3744,Debit Card,Monthly,FAILED,Invalid CVV,1,Declined,0,2026-08-24 15:51:38.959140
PAY009658,CUST7291,8548,UPI,Monthly,SUCCESS,,0,Approved,0,2026-07-26 17:05:38.959140
PAY009659,CUST1153,9648,Debit Card,Annual,FAILED,Card Expired,3,Declined,0,2026-07-20 07:12:38.959140
PAY009660,CUST4602,9117,Wallet,Monthly,FAILED,UPI Failure,2,Timeout,1,2026-04-25 17:31:38.959140
PAY009661,CUST5853,2119,Wallet,Monthly,SUCCESS,,0,Approved,0,2026-06-05 02:20:38.959140
PAY009662,CUST5006,22552,Net Banking,Annual,FAILED,Network Error,1,Declined,1,2026-05-16 01:28:38.959140
PAY009663,CUST9215,14618,UPI,Annual,SUCCESS,,2,Approved,0,2026-03-30 00:26:38.959140
PAY009664,CUST7021,21830,Wallet,Monthly,SUCCESS,,2,Approved,0,2026-05-19 03:58:38.959140
PAY009665,CUST4911,10844,Wallet,Quarterly,SUCCESS,,2,Approved,0,2026-06-10 18:20:38.959140
PAY009666,CUST4255,12410,Debit Card,Annual,SUCCESS,,0,Approved,0,2026-04-04 10:48:38.959140
PAY009667,CUST8852,168,Credit Card,Monthly,SUCCESS,,2,Approved,0,2026-03-10 15:02:38.959140
PAY009668,CUST3085,19641,Wallet,Quarterly,SUCCESS,,0,Approved,0,2026-06-05 09:47:38.959140
PAY009669,CUST7980,22146,Net Banking,Quarterly,FAILED,Network Error,2,Processing Error,1,2026-05-19 03:17:38.959140
PAY009670,CUST3924,7101,Wallet,Quarterly,SUCCESS,,3,Approved,0,2026-07-24 01:59:38.959140
PAY009671,CUST6042,17951,Net Banking,Monthly,SUCCESS,,3,Approved,0,2026-05-09 14:37:38.959140
PAY009672,CUST5707,2702,Credit Card,Annual,SUCCESS,,1,Approved,0,2026-03-25 00:04:38.959140
PAY009673,CUST4724,24428,Wallet,Quarterly,SUCCESS,,1,Approved,0,2026-08-19 19:59:38.959140
PAY009674,CUST3442,14678,Wallet,Annual,SUCCESS,,1,Approved,0,2026-06-10 23:03:38.959140
PAY009675,CUST7257,11607,UPI,Quarterly,SUCCESS,,3,Approved,0,2026-05-15 18:50:38.959140
PAY009676,CUST5997,18293,Net Banking,Quarterly,SUCCESS,,3,Approved,0,2026-04-30 01:32:38.959140
PAY009677,CUST4927,12701,Debit Card,Quarterly,FAILED,Card Expired,2,Declined,0,2026-06-16 15:28:38.959140
PAY009678,CUST5652,5291,Credit Card,Monthly,SUCCESS,,1,Approved,0,2026-04-27 14:44:38.959140
PAY009679,CUST5059,1554,Wallet,Monthly,FAILED,Fraud Suspected,3,Declined,0,2026-06-17 06:03:38.959140
PAY009680,CUST7422,20469,Credit Card,Quarterly,SUCCESS,,3,Approved,0,2026-03-14 15:03:38.959140
PAY009681,CUST2796,23150,Wallet,Monthly,SUCCESS,,1,Approved,0,2026-04-20 16:36:38.959140
PAY009682,CUST6814,15508,Debit Card,Quarterly,SUCCESS,,3,Approved,0,2026-04-29 12:30:38.959140
PAY009683,CUST4147,22377,UPI,Annual,SUCCESS,,0,Approved,0,2026-08-13 08:24:38.959140
PAY009684,CUST7316,17875,Debit Card,Annual,SUCCESS,,3,Approved,0,2026-06-09 14:56:38.959140
PAY009685,CUST9457,19675,UPI,Annual,SUCCESS,,2,Approved,0,2026-08-25 09:33:38.959140
PAY009686,CUST6278,21094,Debit Card,Annual,SUCCESS,,3,Approved,0,2026-05-02 11:24:38.959140
PAY009687,CUST6695,4357,Wallet,Monthly,FAILED,Card Expired,3,Blocked,0,2026-06-07 23:58:38.959140
PAY009688,CUST5874,4085,Debit Card,Annual,FAILED,Network Error,2,Processing Error,1,2026-03-29 22:41:38.959140
PAY009689,CUST9886,5367,Wallet,Quarterly,SUCCESS,,0,Approved,0,2026-03-31 12:44:38.959140
PAY009690,CUST1031,1520,Wallet,Monthly,FAILED,Fraud Suspected,0,Processing Error,0,2026-08-01 22:54:38.959140
PAY009691,CUST6781,2983,Wallet,Annual,FAILED,UPI Failure,3,Declined,1,2026-03-29 20:59:38.959140
PAY009692,CUST5298,21810,Credit Card,Quarterly,SUCCESS,,2,Approved,0,2026-07-12 23:24:38.959140
PAY009693,CUST2499,21041,Credit Card,Annual,FAILED,User Cancelled,0,Timeout,0,2026-04-26 23:25:38.959140
PAY009694,CUST8821,20017,Debit Card,Annual,FAILED,Bank Timeout,2,Approved,1,2026-03-30 21:33:38.959140
PAY009695,CUST6601,14633,UPI,Annual,FAILED,Network Error,2,Processing Error,1,2026-05-25 22:28:38.959140
PAY009696,CUST8515,15476,UPI,Annual,SUCCESS,,0,Approved,0,2026-05-03 23:19:38.959140
PAY009697,CUST3671,14947,Debit Card,Monthly,SUCCESS,,0,Approved,0,2026-07-07 04:57:38.959140
PAY009698,CUST3249,16796,UPI,Monthly,SUCCESS,,1,Approved,0,2026-03-30 00:02:38.959140
PAY009699,CUST8283,12161,Wallet,Annual,FAILED,Network Error,0,Blocked,1,2026-07-29 21:27:38.959140
PAY009700,CUST3982,20495,Debit Card,Quarterly,SUCCESS,,3,Approved,0,2026-07-03 05:10:38.959140
PAY009701,CUST9297,1124,Wallet,Quarterly,SUCCESS,,2,Approved,0,2026-05-14 17:36:38.959140
PAY009702,CUST9402,12002,Wallet,Quarterly,SUCCESS,,0,Approved,0,2026-07-31 15:11:38.959140
PAY009703,CUST3553,11832,Wallet,Quarterly,FAILED,Bank Timeout,1,Blocked,1,2026-08-11 08:45:38.959140
PAY009704,CUST5644,1189,Debit Card,Annual,SUCCESS,,1,Approved,0,2026-05-15 05:50:38.959140
PAY009705,CUST6265,10399,Debit Card,Annual,FAILED,Bank Timeout,2,Approved,1,2026-04-03 13:39:38.959140
PAY009706,CUST2812,23859,Credit Card,Annual,FAILED,Bank Timeout,3,Blocked,1,2026-08-26 17:11:38.959140
PAY009707,CUST4904,22672,Credit Card,Annual,SUCCESS,,3,Approved,0,2026-05-30 08:16:38.959140
PAY009708,CUST1468,22604,Net Banking,Annual,SUCCESS,,1,Approved,0,2026-05-31 19:18:38.959140
PAY009709,CUST2216,6852,Net Banking,Monthly,SUCCESS,,0,Approved,0,2026-03-10 10:38:38.959140
PAY009710,CUST8815,24175,Net Banking,Monthly,SUCCESS,,2,Approved,0,2026-05-13 14:53:38.959140
PAY009711,CUST7782,12360,Credit Card,Monthly,SUCCESS,,0,Approved,0,2026-05-20 08:12:38.959140
PAY009712,CUST7167,22732,Credit Card,Quarterly,FAILED,UPI Failure,3,Timeout,1,2026-07-03 10:55:38.959140
PAY009713,CUST1267,16200,Credit Card,Quarterly,SUCCESS,,0,Approved,0,2026-04-21 21:40:38.959140
PAY009714,CUST1883,17024,Credit Card,Quarterly,SUCCESS,,3,Approved,0,2026-07-09 09:00:38.959140
PAY009715,CUST8477,15008,Debit Card,Annual,SUCCESS,,0,Approved,0,2026-07-11 17:50:38.959140
PAY009716,CUST2093,749,Wallet,Annual,SUCCESS,,2,Approved,0,2026-04-20 00:18:38.959140
PAY009717,CUST4053,10977,Wallet,Annual,SUCCESS,,2,Approved,0,2026-04-12 00:33:38.959140
PAY009718,CUST3570,12887,Net Banking,Quarterly,SUCCESS,,0,Approved,0,2026-05-30 00:21:38.959140
PAY009719,CUST1000,1997,Debit Card,Annual,FAILED,Fraud Suspected,0,Approved,0,2026-04-23 13:36:38.959140
PAY009720,CUST4860,18350,Debit Card,Monthly,FAILED,UPI Failure,1,Approved,1,2026-08-03 04:58:38.959140
PAY009721,CUST8289,19395,Debit Card,Quarterly,SUCCESS,,2,Approved,0,2026-07-10 01:10:38.959140
PAY009722,CUST7999,764,Debit Card,Annual,SUCCESS,,3,Approved,0,2026-03-18 20:30:38.959140
PAY009723,CUST6248,1749,Credit Card,Quarterly,FAILED,Card Expired,3,Declined,0,2026-07-07 22:51:38.959140
PAY009724,CUST3988,3584,Debit Card,Annual,FAILED,User Cancelled,0,Timeout,0,2026-05-07 22:33:38.959140
PAY009725,CUST4022,4603,UPI,Monthly,SUCCESS,,3,Approved,0,2026-06-19 18:31:38.959140
PAY009726,CUST1492,2190,Wallet,Annual,SUCCESS,,0,Approved,0,2026-04-20 12:11:38.959140
PAY009727,CUST8104,19580,Wallet,Quarterly,FAILED,Card Expired,2,Approved,0,2026-04-13 11:51:38.959140
PAY009728,CUST3087,4142,Credit Card,Monthly,SUCCESS,,2,Approved,0,2026-08-03 03:10:38.959140
PAY009729,CUST8868,1893,UPI,Annual,SUCCESS,,3,Approved,0,2026-03-15 02:36:38.959140
PAY009730,CUST2008,16097,Net Banking,Monthly,FAILED,UPI Failure,3,Approved,1,2026-05-18 13:11:38.959140
PAY009731,CUST7877,11354,Debit Card,Monthly,SUCCESS,,0,Approved,0,2026-07-17 07:58:38.959140
PAY009732,CUST5513,2986,UPI,Annual,SUCCESS,,1,Approved,0,2026-04-11 04:54:38.959140
PAY009733,CUST5594,21706,UPI,Quarterly,SUCCESS,,2,Approved,0,2026-07-19 19:26:38.959140
PAY009734,CUST9456,9058,Wallet,Monthly,SUCCESS,,1,Approved,0,2026-08-22 20:50:38.959140
PAY009735,CUST3399,3416,Debit Card,Quarterly,SUCCESS,,3,Approved,0,2026-04-13 10:00:38.959140
PAY009736,CUST3540,22038,Debit Card,Annual,SUCCESS,,2,Approved,0,2026-04-07 06:08:38.959140
PAY009737,CUST5268,2285,UPI,Quarterly,SUCCESS,,1,Approved,0,2026-08-26 09:13:38.959140
PAY009738,CUST7060,3506,Wallet,Annual,FAILED,Bank Timeout,1,Processing Error,1,2026-05-24 07:33:38.959140
PAY009739,CUST4929,20940,Wallet,Monthly,SUCCESS,,1,Approved,0,2026-06-03 16:13:38.959140
PAY009740,CUST1440,23891,Net Banking,Annual,FAILED,User Cancelled,3,Processing Error,0,2026-07-31 05:26:38.959140
PAY009741,CUST5486,24852,Net Banking,Monthly,SUCCESS,,3,Approved,0,2026-06-10 18:38:38.959140
PAY009742,CUST8027,7151,Debit Card,Annual,FAILED,User Cancelled,0,Processing Error,0,2026-06-30 13:54:38.959140
PAY009743,CUST5143,20812,Debit Card,Annual,SUCCESS,,1,Approved,0,2026-06-26 00:06:38.959140
PAY009744,CUST8584,20017,Wallet,Quarterly,FAILED,Network Error,2,Approved,1,2026-06-30 02:02:38.959140
PAY009745,CUST2015,16555,Credit Card,Monthly,SUCCESS,,2,Approved,0,2026-04-24 09:27:38.959140
PAY009746,CUST6072,15640,Net Banking,Quarterly,SUCCESS,,0,Approved,0,2026-08-16 17:14:38.959140
PAY009747,CUST2229,1135,UPI,Annual,FAILED,Invalid CVV,1,Approved,0,2026-06-19 01:07:38.959140
PAY009748,CUST9367,13487,UPI,Annual,SUCCESS,,0,Approved,0,2026-03-15 13:11:38.959140
PAY009749,CUST4588,17783,Net Banking,Annual,SUCCESS,,0,Approved,0,2026-07-14 08:03:38.959140
PAY009750,CUST8520,3730,UPI,Annual,SUCCESS,,0,Approved,0,2026-04-30 15:55:38.959140
PAY009751,CUST5145,8870,Debit Card,Quarterly,SUCCESS,,2,Approved,0,2026-07-14 20:44:38.959140
PAY009752,CUST3193,7645,UPI,Annual,FAILED,Invalid CVV,1,Processing Error,0,2026-05-12 08:32:38.959140
PAY009753,CUST2417,22390,UPI,Annual,SUCCESS,,2,Approved,0,2026-03-23 14:40:38.959140
PAY009754,CUST6793,23903,Wallet,Annual,SUCCESS,,1,Approved,0,2026-05-21 23:38:38.959140
PAY009755,CUST5915,2420,Net Banking,Monthly,FAILED,User Cancelled,3,Approved,0,2026-05-10 22:58:38.959140
PAY009756,CUST9734,457,Wallet,Annual,SUCCESS,,0,Approved,0,2026-03-11 01:17:38.959140
PAY009757,CUST7903,21488,Debit Card,Annual,SUCCESS,,3,Approved,0,2026-07-04 16:50:38.959140
PAY009758,CUST3623,10201,Credit Card,Annual,FAILED,UPI Failure,1,Declined,1,2026-06-01 03:37:38.959140
PAY009759,CUST5570,14176,Wallet,Monthly,SUCCESS,,1,Approved,0,2026-03-24 00:49:38.959140
PAY009760,CUST1735,17672,Net Banking,Monthly,SUCCESS,,0,Approved,0,2026-07-19 06:43:38.959140
PAY009761,CUST1668,13736,Credit Card,Quarterly,SUCCESS,,0,Approved,0,2026-06-25 08:45:38.959140
PAY009762,CUST3785,14887,Debit Card,Annual,FAILED,Card Expired,1,Approved,0,2026-03-25 21:28:38.959140
PAY009763,CUST6409,14995,Wallet,Quarterly,FAILED,Network Error,2,Declined,1,2026-08-13 00:04:38.959140
PAY009764,CUST5843,11467,Wallet,Quarterly,SUCCESS,,0,Approved,0,2026-07-01 17:15:38.959140
PAY009765,CUST8071,754,Net Banking,Monthly,SUCCESS,,3,Approved,0,2026-04-27 00:10:38.959140
PAY009766,CUST9598,15110,Wallet,Monthly,SUCCESS,,0,Approved,0,2026-03-28 18:03:38.959140
PAY009767,CUST7189,24624,UPI,Quarterly,SUCCESS,,0,Approved,0,2026-05-28 18:16:38.959140
PAY009768,CUST6212,19036,Wallet,Annual,SUCCESS,,2,Approved,0,2026-08-19 04:32:38.959140
PAY009769,CUST1738,22509,Debit Card,Monthly,SUCCESS,,3,Approved,0,2026-07-28 00:47:38.959140
PAY009770,CUST8675,22783,Net Banking,Annual,SUCCESS,,3,Approved,0,2026-08-22 06:26:38.959140
PAY009771,CUST5089,13418,Credit Card,Quarterly,SUCCESS,,3,Approved,0,2026-07-18 00:16:38.959140
PAY009772,CUST1124,19352,Credit Card,Annual,FAILED,Insufficient Funds,3,Processing Error,1,2026-05-18 08:37:38.959140
PAY009773,CUST3081,7134,Credit Card,Annual,SUCCESS,,3,Approved,0,2026-08-09 13:29:38.959140
PAY009774,CUST2898,15032,Net Banking,Annual,SUCCESS,,0,Approved,0,2026-04-07 04:09:38.959140
PAY009775,CUST9559,14381,Credit Card,Quarterly,FAILED,Invalid CVV,1,Processing Error,0,2026-06-27 13:47:38.959140
PAY009776,CUST5350,5640,Credit Card,Quarterly,SUCCESS,,0,Approved,0,2026-07-06 19:23:38.959140
PAY009777,CUST7457,24291,UPI,Annual,SUCCESS,,2,Approved,0,2026-05-01 16:51:38.959140
PAY009778,CUST9635,23551,Wallet,Quarterly,SUCCESS,,3,Approved,0,2026-06-09 22:48:38.959140
PAY009779,CUST2263,19936,Credit Card,Monthly,FAILED,Card Expired,1,Blocked,0,2026-04-05 07:10:38.959140
PAY009780,CUST2555,9205,Net Banking,Annual,SUCCESS,,2,Approved,0,2026-04-01 19:48:38.959140
PAY009781,CUST9716,6987,Debit Card,Quarterly,SUCCESS,,2,Approved,0,2026-07-13 14:47:38.959140
PAY009782,CUST6114,11569,Net Banking,Monthly,SUCCESS,,0,Approved,0,2026-04-30 08:36:38.959140
PAY009783,CUST2581,10231,Net Banking,Monthly,SUCCESS,,2,Approved,0,2026-08-20 09:46:38.959140
PAY009784,CUST5715,23848,UPI,Quarterly,SUCCESS,,3,Approved,0,2026-07-27 14:36:38.959140
PAY009785,CUST8219,2143,Wallet,Monthly,SUCCESS,,1,Approved,0,2026-04-18 15:48:38.959140
PAY009786,CUST3048,14539,UPI,Monthly,SUCCESS,,2,Approved,0,2026-08-02 01:03:38.959140
PAY009787,CUST7466,1380,UPI,Quarterly,SUCCESS,,3,Approved,0,2026-08-03 02:05:38.959140
PAY009788,CUST1105,24908,Credit Card,Annual,FAILED,User Cancelled,0,Processing Error,0,2026-07-14 01:58:38.959140
PAY009789,CUST9157,19153,UPI,Annual,SUCCESS,,0,Approved,0,2026-07-02 00:03:38.959140
PAY009790,CUST3463,16550,UPI,Quarterly,FAILED,Bank Timeout,0,Timeout,1,2026-05-28 16:58:38.959140
PAY009791,CUST8568,683,Credit Card,Monthly,SUCCESS,,3,Approved,0,2026-08-15 09:47:38.959140
PAY009792,CUST7414,19713,Net Banking,Monthly,SUCCESS,,3,Approved,0,2026-07-28 20:37:38.959140
PAY009793,CUST2463,10424,Debit Card,Annual,SUCCESS,,3,Approved,0,2026-03-21 02:18:38.959140
PAY009794,CUST6285,17440,Debit Card,Annual,SUCCESS,,2,Approved,0,2026-07-31 08:47:38.959140
PAY009795,CUST2106,9641,Net Banking,Quarterly,SUCCESS,,3,Approved,0,2026-05-12 13:03:38.959140
PAY009796,CUST2067,19253,Wallet,Quarterly,FAILED,Bank Timeout,1,Processing Error,1,2026-03-29 21:56:38.959140
PAY009797,CUST9408,3137,Net Banking,Quarterly,SUCCESS,,3,Approved,0,2026-04-01 02:49:38.959140
PAY009798,CUST4937,19269,Net Banking,Monthly,SUCCESS,,3,Approved,0,2026-06-09 18:13:38.959140
PAY009799,CUST8579,2317,UPI,Monthly,FAILED,User Cancelled,3,Timeout,0,2026-04-25 06:32:38.959140
PAY009800,CUST2500,21919,Wallet,Annual,SUCCESS,,2,Approved,0,2026-06-18 15:25:38.959140
PAY009801,CUST1297,8410,UPI,Quarterly,SUCCESS,,0,Approved,0,2026-04-20 07:53:38.959140
PAY009802,CUST3352,8021,Debit Card,Annual,SUCCESS,,3,Approved,0,2026-08-16 17:46:38.959140
PAY009803,CUST4925,18682,UPI,Quarterly,FAILED,User Cancelled,0,Declined,0,2026-07-09 10:39:38.959140
PAY009804,CUST7224,2729,Credit Card,Quarterly,SUCCESS,,3,Approved,0,2026-07-13 22:30:38.959140
PAY009805,CUST1454,14140,UPI,Monthly,SUCCESS,,3,Approved,0,2026-03-26 14:43:38.959140
PAY009806,CUST6694,22591,Wallet,Monthly,SUCCESS,,0,Approved,0,2026-06-22 01:20:38.959140
PAY009807,CUST9879,3099,Net Banking,Quarterly,FAILED,Bank Timeout,1,Blocked,1,2026-07-18 01:59:38.959140
PAY009808,CUST2848,14119,Debit Card,Quarterly,SUCCESS,,3,Approved,0,2026-07-28 15:01:38.959140
PAY009809,CUST8857,2617,Wallet,Quarterly,SUCCESS,,0,Approved,0,2026-06-20 00:10:38.959140
PAY009810,CUST2225,7543,Credit Card,Quarterly,FAILED,Network Error,3,Processing Error,1,2026-05-03 13:30:38.959140
PAY009811,CUST2597,5540,Wallet,Annual,SUCCESS,,3,Approved,0,2026-08-16 02:12:38.959140
PAY009812,CUST6371,4373,Credit Card,Monthly,SUCCESS,,2,Approved,0,2026-03-21 08:07:38.959140
PAY009813,CUST4478,21478,Wallet,Quarterly,SUCCESS,,1,Approved,0,2026-07-31 16:34:38.959140
PAY009814,CUST4848,1577,Credit Card,Annual,SUCCESS,,3,Approved,0,2026-03-16 21:16:38.959140
PAY009815,CUST8554,19827,Credit Card,Quarterly,SUCCESS,,2,Approved,0,2026-08-29 05:42:38.959140
PAY009816,CUST5862,15225,UPI,Monthly,SUCCESS,,2,Approved,0,2026-05-28 02:40:38.959140
PAY009817,CUST1515,10192,Net Banking,Monthly,SUCCESS,,2,Approved,0,2026-04-03 21:43:38.959140
PAY009818,CUST9114,11158,Net Banking,Quarterly,FAILED,Insufficient Funds,2,Declined,1,2026-07-23 06:58:38.959140
PAY009819,CUST4877,22844,UPI,Annual,SUCCESS,,0,Approved,0,2026-04-13 23:53:38.959140
PAY009820,CUST3552,8436,Credit Card,Quarterly,SUCCESS,,2,Approved,0,2026-05-14 12:32:38.959140
PAY009821,CUST3052,20469,Credit Card,Annual,SUCCESS,,2,Approved,0,2026-08-04 02:51:38.959140
PAY009822,CUST4851,2428,Net Banking,Annual,SUCCESS,,2,Approved,0,2026-03-26 09:24:38.959140
PAY009823,CUST8064,11604,UPI,Monthly,SUCCESS,,2,Approved,0,2026-06-13 21:42:38.959140
PAY009824,CUST6698,6317,Net Banking,Monthly,SUCCESS,,1,Approved,0,2026-03-11 18:22:38.959140
PAY009825,CUST4999,20698,Net Banking,Monthly,FAILED,Card Expired,1,Approved,0,2026-03-29 10:36:38.959140
PAY009826,CUST3955,22922,UPI,Monthly,FAILED,Insufficient Funds,3,Blocked,1,2026-06-03 05:57:38.959140
PAY009827,CUST3487,12237,UPI,Monthly,SUCCESS,,1,Approved,0,2026-07-22 12:31:38.959140
PAY009828,CUST9999,17025,Credit Card,Annual,SUCCESS,,0,Approved,0,2026-08-28 18:09:38.959140
PAY009829,CUST4494,16724,Credit Card,Monthly,SUCCESS,,3,Approved,0,2026-06-24 06:02:38.959140
PAY009830,CUST9458,21482,Wallet,Monthly,SUCCESS,,0,Approved,0,2026-04-13 01:40:38.959140
PAY009831,CUST1344,20001,Credit Card,Monthly,SUCCESS,,3,Approved,0,2026-08-06 10:19:38.959140
PAY009832,CUST2937,16815,Wallet,Monthly,FAILED,Invalid CVV,1,Blocked,0,2026-06-20 02:09:38.959140
PAY009833,CUST9508,6781,Net Banking,Monthly,SUCCESS,,2,Approved,0,2026-08-24 19:13:38.959140
PAY009834,CUST9892,8230,Wallet,Quarterly,FAILED,Insufficient Funds,2,Timeout,1,2026-06-09 19:44:38.959140
PAY009835,CUST1593,19529,Net Banking,Quarterly,SUCCESS,,3,Approved,0,2026-06-08 20:50:38.959140
PAY009836,CUST5578,18739,Debit Card,Quarterly,SUCCESS,,0,Approved,0,2026-04-11 06:37:38.959140
PAY009837,CUST6642,5292,Wallet,Annual,SUCCESS,,1,Approved,0,2026-07-07 05:42:38.959140
PAY009838,CUST9425,20865,Debit Card,Monthly,SUCCESS,,3,Approved,0,2026-04-28 06:42:38.959140
PAY009839,CUST8729,19227,UPI,Monthly,SUCCESS,,1,Approved,0,2026-07-12 18:07:38.959140
PAY009840,CUST3374,15977,Credit Card,Annual,SUCCESS,,2,Approved,0,2026-04-25 08:10:38.959140
PAY009841,CUST5934,19197,Net Banking,Quarterly,SUCCESS,,0,Approved,0,2026-03-26 07:14:38.959140
PAY009842,CUST7580,18124,Credit Card,Annual,SUCCESS,,1,Approved,0,2026-08-06 23:00:38.959140
PAY009843,CUST7416,24818,Debit Card,Annual,SUCCESS,,0,Approved,0,2026-05-09 22:39:38.959140
PAY009844,CUST1885,22287,Credit Card,Quarterly,SUCCESS,,0,Approved,0,2026-04-28 12:39:38.959140
PAY009845,CUST6314,8361,Credit Card,Quarterly,SUCCESS,,2,Approved,0,2026-04-29 06:24:38.959140
PAY009846,CUST7825,6268,Credit Card,Monthly,SUCCESS,,1,Approved,0,2026-08-21 22:23:38.959140
PAY009847,CUST9303,22459,UPI,Monthly,SUCCESS,,3,Approved,0,2026-03-20 09:32:38.959140
PAY009848,CUST6011,11874,Net Banking,Quarterly,FAILED,Card Expired,3,Timeout,0,2026-05-23 01:44:38.959140
PAY009849,CUST1960,21969,Wallet,Annual,SUCCESS,,2,Approved,0,2026-08-26 21:27:38.959140
PAY009850,CUST3013,23437,UPI,Quarterly,SUCCESS,,2,Approved,0,2026-06-03 11:17:38.959140
PAY009851,CUST1232,3911,Credit Card,Monthly,SUCCESS,,0,Approved,0,2026-04-25 13:21:38.959140
PAY009852,CUST7845,21085,UPI,Quarterly,SUCCESS,,2,Approved,0,2026-08-19 14:36:38.959140
PAY009853,CUST3912,17171,Wallet,Quarterly,FAILED,User Cancelled,2,Declined,0,2026-08-12 06:32:38.959140
PAY009854,CUST4513,22109,Net Banking,Monthly,SUCCESS,,2,Approved,0,2026-05-01 08:35:38.959140
PAY009855,CUST9734,8989,UPI,Quarterly,FAILED,Invalid CVV,2,Approved,0,2026-06-14 23:31:38.959140
PAY009856,CUST7597,14504,Wallet,Monthly,SUCCESS,,2,Approved,0,2026-05-29 02:49:38.959140
PAY009857,CUST1194,7098,UPI,Annual,SUCCESS,,3,Approved,0,2026-06-26 17:42:38.959140
PAY009858,CUST1774,15710,Credit Card,Quarterly,SUCCESS,,1,Approved,0,2026-07-05 19:53:38.959140
PAY009859,CUST8674,20278,Debit Card,Quarterly,SUCCESS,,0,Approved,0,2026-06-02 11:31:38.959140
PAY009860,CUST5873,8316,UPI,Annual,SUCCESS,,1,Approved,0,2026-04-14 07:57:38.959140
PAY009861,CUST6537,15057,Debit Card,Monthly,SUCCESS,,0,Approved,0,2026-05-07 03:23:38.959140
PAY009862,CUST4189,22123,Debit Card,Monthly,SUCCESS,,1,Approved,0,2026-04-16 09:52:38.959140
PAY009863,CUST8976,15497,Debit Card,Annual,SUCCESS,,1,Approved,0,2026-07-12 08:55:38.959140
PAY009864,CUST5216,22888,UPI,Monthly,FAILED,User Cancelled,1,Declined,0,2026-03-27 09:16:38.959140
PAY009865,CUST6434,4169,Wallet,Quarterly,SUCCESS,,0,Approved,0,2026-04-01 01:46:38.959140
PAY009866,CUST2372,5085,UPI,Quarterly,FAILED,Bank Timeout,3,Declined,1,2026-04-16 14:08:38.959140
PAY009867,CUST8761,17144,Wallet,Annual,SUCCESS,,2,Approved,0,2026-06-03 07:19:38.959140
PAY009868,CUST7091,13822,Debit Card,Monthly,SUCCESS,,1,Approved,0,2026-03-15 14:59:38.959140
PAY009869,CUST9494,22938,Net Banking,Quarterly,SUCCESS,,0,Approved,0,2026-03-26 05:43:38.959140
PAY009870,CUST5971,5767,UPI,Monthly,FAILED,Invalid CVV,3,Declined,0,2026-04-08 18:51:38.959140
PAY009871,CUST5196,17981,UPI,Annual,FAILED,UPI Failure,0,Processing Error,1,2026-04-30 06:50:38.959140
PAY009872,CUST2691,16584,Credit Card,Monthly,FAILED,Card Expired,1,Timeout,0,2026-06-02 02:51:38.959140
PAY009873,CUST9820,17325,Wallet,Monthly,SUCCESS,,1,Approved,0,2026-07-22 12:42:38.959140
PAY009874,CUST4439,22991,Wallet,Quarterly,SUCCESS,,1,Approved,0,2026-04-27 23:17:38.959140
PAY009875,CUST2710,12260,Wallet,Annual,SUCCESS,,3,Approved,0,2026-07-21 09:07:38.959140
PAY009876,CUST4782,13268,Net Banking,Quarterly,FAILED,Fraud Suspected,1,Processing Error,0,2026-05-06 13:43:38.959140
PAY009877,CUST8326,3737,Credit Card,Quarterly,SUCCESS,,2,Approved,0,2026-08-08 15:03:38.959140
PAY009878,CUST4311,22192,UPI,Annual,SUCCESS,,3,Approved,0,2026-06-26 04:51:38.959140
PAY009879,CUST2214,19762,Credit Card,Monthly,SUCCESS,,0,Approved,0,2026-05-29 07:13:38.959140
PAY009880,CUST3375,14622,UPI,Quarterly,SUCCESS,,0,Approved,0,2026-07-12 06:21:38.959140
PAY009881,CUST5017,5331,Wallet,Annual,SUCCESS,,1,Approved,0,2026-05-28 16:58:38.959140
PAY009882,CUST2687,14912,Debit Card,Annual,SUCCESS,,0,Approved,0,2026-04-28 03:40:38.959140
PAY009883,CUST4548,17810,Net Banking,Quarterly,SUCCESS,,3,Approved,0,2026-03-25 01:19:38.959140
PAY009884,CUST1535,8079,Net Banking,Monthly,SUCCESS,,2,Approved,0,2026-06-20 09:06:38.959140
PAY009885,CUST6253,16671,Debit Card,Quarterly,SUCCESS,,3,Approved,0,2026-05-31 00:59:38.959140
PAY009886,CUST1255,16515,Debit Card,Monthly,SUCCESS,,2,Approved,0,2026-03-16 14:58:38.959140
PAY009887,CUST9516,222,Wallet,Quarterly,SUCCESS,,3,Approved,0,2026-06-25 07:47:38.959140
PAY009888,CUST7651,23363,Net Banking,Annual,SUCCESS,,0,Approved,0,2026-03-22 09:02:38.959140
PAY009889,CUST4068,22615,Net Banking,Annual,FAILED,Network Error,3,Blocked,1,2026-06-21 23:40:38.959140
PAY009890,CUST1525,6478,Net Banking,Annual,SUCCESS,,3,Approved,0,2026-07-03 23:53:38.959140
PAY009891,CUST9741,1460,Wallet,Annual,SUCCESS,,3,Approved,0,2026-07-21 18:47:38.959140
PAY009892,CUST9381,635,Credit Card,Annual,SUCCESS,,3,Approved,0,2026-07-07 18:02:38.959140
PAY009893,CUST4100,2403,Net Banking,Monthly,SUCCESS,,0,Approved,0,2026-03-29 11:38:38.959140
PAY009894,CUST6477,16715,Credit Card,Annual,SUCCESS,,1,Approved,0,2026-03-24 16:21:38.959140
PAY009895,CUST5684,12501,Debit Card,Quarterly,FAILED,Invalid CVV,2,Processing Error,0,2026-07-28 22:52:38.959140
PAY009896,CUST6389,6432,UPI,Quarterly,SUCCESS,,1,Approved,0,2026-04-05 02:46:38.959140
PAY009897,CUST9558,12614,Wallet,Annual,SUCCESS,,3,Approved,0,2026-07-21 21:26:38.959140
PAY009898,CUST7133,18310,Wallet,Quarterly,SUCCESS,,0,Approved,0,2026-07-24 16:54:38.959140
PAY009899,CUST1466,9498,Credit Card,Annual,SUCCESS,,1,Approved,0,2026-03-11 03:28:38.959140
PAY009900,CUST8418,24204,UPI,Quarterly,FAILED,Fraud Suspected,1,Declined,0,2026-04-19 15:55:38.959140
PAY009901,CUST5029,23293,Net Banking,Monthly,FAILED,Insufficient Funds,2,Approved,1,2026-04-13 20:22:38.959140
PAY009902,CUST5854,20006,UPI,Annual,SUCCESS,,1,Approved,0,2026-06-15 06:36:38.959140
PAY009903,CUST9665,13305,Debit Card,Monthly,FAILED,UPI Failure,3,Declined,1,2026-05-06 10:06:38.959140
PAY009904,CUST3474,10415,UPI,Quarterly,SUCCESS,,0,Approved,0,2026-04-10 19:19:38.959140
PAY009905,CUST7295,10508,UPI,Monthly,SUCCESS,,0,Approved,0,2026-05-08 20:51:38.959140
PAY009906,CUST3764,5018,UPI,Monthly,FAILED,Insufficient Funds,2,Declined,1,2026-06-08 02:20:38.959140
PAY009907,CUST7362,23989,Wallet,Quarterly,FAILED,Insufficient Funds,1,Approved,1,2026-06-02 06:17:38.959140
PAY009908,CUST3431,22623,Wallet,Monthly,SUCCESS,,3,Approved,0,2026-04-29 08:46:38.959140
PAY009909,CUST1644,11963,Net Banking,Annual,SUCCESS,,2,Approved,0,2026-05-15 11:16:38.959140
PAY009910,CUST9687,5841,Credit Card,Annual,SUCCESS,,0,Approved,0,2026-03-16 16:59:38.959140
PAY009911,CUST2985,9922,Credit Card,Monthly,SUCCESS,,2,Approved,0,2026-07-11 20:21:38.959140
PAY009912,CUST7078,3409,Debit Card,Annual,SUCCESS,,0,Approved,0,2026-06-10 23:11:38.959140
PAY009913,CUST5172,1892,UPI,Quarterly,FAILED,Network Error,2,Processing Error,1,2026-03-31 20:44:38.959140
PAY009914,CUST2787,3329,UPI,Annual,SUCCESS,,2,Approved,0,2026-08-09 17:24:38.959140
PAY009915,CUST4675,5674,Credit Card,Annual,SUCCESS,,2,Approved,0,2026-03-30 07:35:38.959140
PAY009916,CUST1417,12311,Credit Card,Monthly,SUCCESS,,0,Approved,0,2026-03-23 23:38:38.959140
PAY009917,CUST2983,24329,Credit Card,Annual,SUCCESS,,1,Approved,0,2026-07-19 02:19:38.959140
PAY009918,CUST9851,22441,Debit Card,Annual,SUCCESS,,1,Approved,0,2026-08-25 10:30:38.959140
PAY009919,CUST1593,9376,Credit Card,Monthly,FAILED,Network Error,1,Timeout,1,2026-06-07 21:31:38.959140
PAY009920,CUST2525,8906,UPI,Annual,SUCCESS,,0,Approved,0,2026-05-20 06:22:38.959140
PAY009921,CUST1001,19750,Debit Card,Annual,FAILED,Bank Timeout,2,Approved,1,2026-04-19 12:26:38.959140
PAY009922,CUST3934,21120,Wallet,Monthly,SUCCESS,,2,Approved,0,2026-07-08 09:04:38.959140
PAY009923,CUST5991,21495,UPI,Annual,FAILED,User Cancelled,1,Approved,0,2026-07-03 13:41:38.959140
PAY009924,CUST1353,15445,UPI,Annual,FAILED,Invalid CVV,0,Declined,0,2026-06-06 04:28:38.959140
PAY009925,CUST4424,24586,UPI,Quarterly,FAILED,User Cancelled,0,Timeout,0,2026-03-29 11:12:38.959140
PAY009926,CUST5790,1797,UPI,Monthly,SUCCESS,,0,Approved,0,2026-07-09 08:20:38.959140
PAY009927,CUST5298,9983,Debit Card,Quarterly,FAILED,Insufficient Funds,1,Processing Error,1,2026-08-05 04:37:38.959140
PAY009928,CUST9963,21321,Credit Card,Annual,FAILED,Insufficient Funds,0,Blocked,1,2026-07-02 10:44:38.959140
PAY009929,CUST7030,16312,Credit Card,Annual,SUCCESS,,1,Approved,0,2026-05-27 16:47:38.959140
PAY009930,CUST8464,18551,Credit Card,Quarterly,SUCCESS,,1,Approved,0,2026-06-28 19:55:38.959140
PAY009931,CUST6747,24006,Net Banking,Annual,FAILED,User Cancelled,1,Processing Error,0,2026-03-19 03:41:38.959140
PAY009932,CUST7973,20377,Net Banking,Monthly,SUCCESS,,0,Approved,0,2026-08-17 01:33:38.959140
PAY009933,CUST1310,4763,UPI,Monthly,FAILED,Fraud Suspected,3,Timeout,0,2026-08-05 15:11:38.959140
PAY009934,CUST6262,18990,Credit Card,Monthly,SUCCESS,,3,Approved,0,2026-04-02 13:50:38.959140
PAY009935,CUST8448,5508,UPI,Quarterly,SUCCESS,,2,Approved,0,2026-07-28 09:30:38.959140
PAY009936,CUST7968,634,Wallet,Annual,SUCCESS,,3,Approved,0,2026-06-19 01:04:38.959140
PAY009937,CUST2897,18157,Wallet,Monthly,SUCCESS,,3,Approved,0,2026-08-07 10:27:38.959140
PAY009938,CUST6646,2089,Debit Card,Monthly,FAILED,Bank Timeout,1,Blocked,1,2026-08-05 22:31:38.959140
PAY009939,CUST2512,4736,Net Banking,Quarterly,SUCCESS,,3,Approved,0,2026-07-24 09:12:38.959140
PAY009940,CUST6230,17134,Net Banking,Annual,FAILED,Insufficient Funds,2,Approved,1,2026-05-06 23:59:38.959140
PAY009941,CUST9858,5537,Debit Card,Annual,SUCCESS,,2,Approved,0,2026-08-01 22:42:38.959140
PAY009942,CUST1215,24884,Debit Card,Quarterly,SUCCESS,,0,Approved,0,2026-05-22 23:30:38.959140
PAY009943,CUST2064,24623,Debit Card,Quarterly,FAILED,UPI Failure,1,Blocked,1,2026-07-16 09:52:38.959140
PAY009944,CUST8925,11289,Credit Card,Annual,FAILED,UPI Failure,3,Approved,1,2026-05-03 14:49:38.959140
PAY009945,CUST4994,13213,Credit Card,Quarterly,SUCCESS,,0,Approved,0,2026-05-05 21:26:38.959140
PAY009946,CUST1342,11873,Wallet,Annual,FAILED,Fraud Suspected,1,Declined,0,2026-04-13 17:46:38.959140
PAY009947,CUST9353,19804,Credit Card,Monthly,SUCCESS,,3,Approved,0,2026-06-09 17:57:38.959140
PAY009948,CUST1818,23435,Wallet,Quarterly,SUCCESS,,1,Approved,0,2026-08-22 09:22:38.959140
PAY009949,CUST5239,1517,Debit Card,Annual,SUCCESS,,2,Approved,0,2026-05-21 15:16:38.959140
PAY009950,CUST1848,6295,Debit Card,Annual,SUCCESS,,2,Approved,0,2026-04-25 07:19:38.959140
PAY009951,CUST8713,14422,Debit Card,Annual,FAILED,User Cancelled,2,Approved,0,2026-07-21 11:07:38.959140
PAY009952,CUST1569,19946,Debit Card,Quarterly,SUCCESS,,2,Approved,0,2026-08-28 11:43:38.959140
PAY009953,CUST7095,22003,Debit Card,Quarterly,FAILED,Bank Timeout,2,Approved,1,2026-08-14 14:34:38.959140
PAY009954,CUST9622,19844,Credit Card,Monthly,SUCCESS,,0,Approved,0,2026-04-12 00:55:38.959140
PAY009955,CUST3152,14933,Credit Card,Annual,FAILED,Fraud Suspected,2,Timeout,0,2026-08-25 22:26:38.959140
PAY009956,CUST9207,20547,Net Banking,Quarterly,SUCCESS,,2,Approved,0,2026-07-09 06:16:38.959140
PAY009957,CUST4597,19748,UPI,Quarterly,SUCCESS,,3,Approved,0,2026-07-22 18:33:38.959140
PAY009958,CUST5983,10610,Net Banking,Annual,SUCCESS,,2,Approved,0,2026-03-14 00:46:38.959140
PAY009959,CUST8115,12545,Credit Card,Annual,SUCCESS,,2,Approved,0,2026-03-22 00:36:38.959140
PAY009960,CUST6511,5619,Wallet,Monthly,SUCCESS,,0,Approved,0,2026-03-12 05:45:38.959140
PAY009961,CUST9256,5477,Wallet,Annual,SUCCESS,,0,Approved,0,2026-03-31 16:30:38.959140
PAY009962,CUST8111,12588,Net Banking,Quarterly,FAILED,Card Expired,1,Approved,0,2026-04-23 08:02:38.959140
PAY009963,CUST1007,12185,UPI,Annual,FAILED,Invalid CVV,3,Declined,0,2026-04-19 08:28:38.959140
PAY009964,CUST6238,22354,Wallet,Monthly,SUCCESS,,1,Approved,0,2026-04-15 16:00:38.959140
PAY009965,CUST8511,13089,Debit Card,Quarterly,SUCCESS,,2,Approved,0,2026-03-12 02:43:38.959140
PAY009966,CUST2503,18676,Debit Card,Quarterly,SUCCESS,,2,Approved,0,2026-08-11 09:59:38.959140
PAY009967,CUST4197,14616,Wallet,Quarterly,FAILED,Bank Timeout,1,Blocked,1,2026-05-10 17:36:38.959140
PAY009968,CUST2662,12175,Net Banking,Monthly,FAILED,UPI Failure,3,Timeout,1,2026-08-15 04:50:38.959140
PAY009969,CUST8586,13971,Net Banking,Quarterly,FAILED,Invalid CVV,2,Timeout,0,2026-05-24 13:30:38.959140
PAY009970,CUST6858,7066,Debit Card,Annual,SUCCESS,,1,Approved,0,2026-05-18 11:53:38.959140
PAY009971,CUST1912,14766,Net Banking,Annual,SUCCESS,,0,Approved,0,2026-03-25 03:15:38.959140
PAY009972,CUST4009,15158,Debit Card,Annual,FAILED,Network Error,3,Blocked,1,2026-06-26 21:03:38.959140
PAY009973,CUST5642,5155,Credit Card,Quarterly,SUCCESS,,1,Approved,0,2026-05-05 10:52:38.959140
PAY009974,CUST6646,5739,Net Banking,Monthly,SUCCESS,,2,Approved,0,2026-03-25 00:03:38.959140
PAY009975,CUST5660,6855,Net Banking,Quarterly,SUCCESS,,3,Approved,0,2026-06-26 18:04:38.959140
PAY009976,CUST4535,2366,Credit Card,Annual,SUCCESS,,3,Approved,0,2026-07-21 22:38:38.959140
PAY009977,CUST1871,24328,Net Banking,Annual,SUCCESS,,0,Approved,0,2026-03-30 21:03:38.959140
PAY009978,CUST4517,15757,Debit Card,Annual,FAILED,Insufficient Funds,3,Timeout,1,2026-07-28 10:21:38.959140
PAY009979,CUST6939,1296,Debit Card,Annual,FAILED,Card Expired,1,Processing Error,0,2026-05-08 13:17:38.959140
PAY009980,CUST7435,17798,UPI,Annual,SUCCESS,,0,Approved,0,2026-07-02 01:31:38.959140
PAY009981,CUST1101,12618,Wallet,Annual,FAILED,UPI Failure,2,Processing Error,1,2026-06-18 16:40:38.959140
PAY009982,CUST4337,14903,Net Banking,Monthly,FAILED,Invalid CVV,3,Approved,0,2026-05-04 11:38:38.959140
PAY009983,CUST8062,9375,Net Banking,Monthly,SUCCESS,,1,Approved,0,2026-06-15 14:58:38.959140
PAY009984,CUST8483,3326,Credit Card,Quarterly,SUCCESS,,1,Approved,0,2026-03-25 16:08:38.959140
PAY009985,CUST8488,11129,Credit Card,Annual,SUCCESS,,3,Approved,0,2026-05-25 00:53:38.959140
PAY009986,CUST9004,22389,Credit Card,Quarterly,SUCCESS,,0,Approved,0,2026-08-26 08:58:38.959140
PAY009987,CUST4199,24929,Net Banking,Quarterly,SUCCESS,,1,Approved,0,2026-08-25 13:40:38.959140
PAY009988,CUST5240,13603,Net Banking,Annual,SUCCESS,,0,Approved,0,2026-08-28 09:21:38.959140
PAY009989,CUST2936,11654,Net Banking,Quarterly,SUCCESS,,3,Approved,0,2026-07-02 06:10:38.959140
PAY009990,CUST2802,5224,Credit Card,Monthly,SUCCESS,,1,Approved,0,2026-05-20 16:49:38.959140
PAY009991,CUST6559,19174,Net Banking,Monthly,SUCCESS,,2,Approved,0,2026-08-05 01:41:38.959140
PAY009992,CUST8053,8702,Debit Card,Annual,SUCCESS,,0,Approved,0,2026-05-31 16:55:38.959140
PAY009993,CUST5935,6123,Wallet,Annual,SUCCESS,,3,Approved,0,2026-03-27 08:15:38.959140
PAY009994,CUST8836,19048,Wallet,Monthly,SUCCESS,,2,Approved,0,2026-08-23 23:18:38.959140
PAY009995,CUST1205,8102,Credit Card,Annual,FAILED,Insufficient Funds,1,Processing Error,1,2026-06-12 08:25:38.959140
PAY009996,CUST7844,3895,Net Banking,Monthly,SUCCESS,,2,Approved,0,2026-05-20 11:33:38.959140
PAY009997,CUST6377,8240,UPI,Annual,SUCCESS,,0,Approved,0,2026-06-14 19:02:38.959140
PAY009998,CUST7509,17894,Wallet,Quarterly,SUCCESS,,3,Approved,0,2026-03-20 06:29:38.959140
PAY009999,CUST2416,10177,UPI,Monthly,SUCCESS,,2,Approved,0,2026-05-24 15:47:38.959140
PAY010000,CUST7306,539,Credit Card,Annual,FAILED,User Cancelled,3,Blocked,0,2026-08-16 00:52:38.959140
